round,pool_type,rank,team_name,furigana,total_points,male_points,female_points,mixed_points
76,短水路,1,セ・二俣川,ｾﾝﾄﾗﾙﾌｨｯﾄﾈｽｸﾗﾌﾞﾌﾀﾏﾀｶﾞﾜ,2019.0,1012.0,895.0,112.0
76,短水路,2,セ・阿佐谷             ﾄｰｱｾﾝﾄﾗﾙﾌｨｯﾄﾈｽｸﾗﾌﾞｱｻｶﾞﾔ 1509.0点   881.0点   529.0点,1位 セ・二俣川             ｾﾝﾄﾗﾙﾌｨｯﾄﾈｽｸﾗﾌﾞﾌﾀﾏﾀｶﾞﾜ  2019.0点  1012.0点   895.0点   112.0点,99.0,0,0,0
76,短水路,3,セ・成城,ｾﾝﾄﾗﾙｳｪﾙﾈｽｸﾗﾌﾞｾｲｼﾞｮｳ,1100.0,526.0,515.0,59.0
76,短水路,4,セ・慶應日吉,ｾﾝﾄﾗﾙｳｪﾙﾈｽｸﾗﾌﾞｹｲｵｳﾋﾖｼ,1047.0,534.0,483.0,30.0
76,短水路,5,セ・葛西,ｾﾝﾄﾗﾙｳｪﾙﾈｽｸﾗﾌﾞｶｻｲ,1023.0,584.0,426.0,13.0
76,短水路,6,セ・長津田,ｾﾝﾄﾗﾙｳｪﾙﾈｽｸﾗﾌﾞﾅｶﾞﾂﾀﾞﾐﾅﾐﾀﾞｲ,975.0,564.0,356.0,55.0
76,短水路,7,セ・清瀬,ｾﾝﾄﾗﾙｳｪﾙﾈｽｸﾗﾌﾞｷﾖｾ,948.0,509.0,415.0,24.0
76,短水路,8,セ・大森,ｾﾝﾄﾗﾙｳｪﾙﾈｽｸﾗﾌﾞｵｵﾓﾘ,847.0,404.0,400.0,43.0
76,短水路,9,セ・大宮宮原,ｾﾝﾄﾗﾙｳｪﾙﾈｽｸﾗﾌﾞｵｵﾐﾔﾐﾔﾊﾗ,718.0,552.0,164.0,2.0
76,短水路,10,セ・天王洲,ｾﾝﾄﾗﾙﾌｨｯﾄﾈｽｸﾗﾌﾞﾃﾝﾉｳｽﾞ,691.0,252.0,415.0,24.0
76,短水路,11,セ・おおたか,ｾﾝﾄﾗﾙｳｪﾙﾈｽｸﾗﾌﾞｵｵﾀｶﾉﾓﾘ,682.0,301.0,381.0,0.0
76,短水路,12,セ・松戸,ﾆｯｾｲｾﾝﾄﾗﾙﾌｨｯﾄﾈｽｸﾗﾌﾞﾏﾂﾄﾞ,660.0,178.0,471.0,11.0
76,短水路,13,セ・南千住,ｾ・ｳｪﾙﾈﾙｸﾗﾌﾞﾐﾅﾐｾﾝｼﾞｭ,647.0,239.0,396.0,12.0
76,短水路,14,セ・越谷,ｾﾝﾄﾗﾙｳｪﾙﾈｽｸﾗﾌﾞｺｼｶﾞﾔ,624.0,288.0,332.0,4.0
76,短水路,15,セ・市ヶ尾,ｾﾝﾄﾗﾙﾌｨｯﾄﾈｽｸﾗﾌﾞｲﾁｶﾞｵ,523.0,346.0,156.0,21.0
76,短水路,16,セ・用賀,ｾﾝﾄﾗﾙﾌｨｯﾄﾈｽｸﾗﾌﾞﾖｳｶﾞ,422.0,284.0,138.0,0.0
76,短水路,17,セ・茂原,ｾﾝﾄﾗﾙﾌｨｯﾄﾈｽｸﾗﾌﾞﾓﾊﾞﾗ,373.0,159.0,208.0,6.0
76,短水路,18,セ・我孫子,ｾﾝﾄﾗﾙｳｪﾙﾈｽｸﾗﾌﾞｱﾋﾞｺ,362.0,129.0,215.0,18.0
76,短水路,19,セ・市川,ｾﾝﾄﾗﾙﾌｨｯﾄﾈｽｸﾗﾌﾞｲﾁｶﾜ,352.0,205.0,137.0,10.0
76,短水路,20,セ・自由が丘,ｾﾝﾄﾗﾙﾌｨｯﾄﾈｽｸﾗﾌﾞｼﾞﾕｳｶﾞｵｶ,342.0,102.0,240.0,0.0
76,短水路,21,セ・流山,ｾﾝﾄﾗﾙﾌｨｯﾄﾈｽｸﾗﾌﾞﾅｶﾞﾚﾔﾏ,332.0,248.0,74.0,10.0
76,短水路,22,セ・トレッサ,ｾﾝﾄﾗﾙｳｪﾙﾈｽｸﾗﾌﾞﾄﾚｯｻｵｵｸﾗﾔﾏ,322.0,106.0,206.0,10.0
76,短水路,23,セ・千葉みなと,ｾﾝﾄﾗﾙﾌｨｯﾄﾈｽｸﾗﾌﾞﾁﾊﾞﾐﾅﾄ,302.0,101.0,168.0,33.0
76,短水路,24,セ・志木,ｾﾝﾄﾗﾙｳｪﾙﾈｽｸﾗﾌﾞｼｷ,291.0,193.0,98.0,0.0
76,短水路,25,セ・戸塚,ｾﾝﾄﾗﾙｽﾎﾟｰﾂｸﾗﾌﾞﾄﾂｶ,278.0,81.0,197.0,0.0
76,短水路,26,セ・目黒,ｾﾝﾄﾗﾙﾌｨｯﾄﾈｽｸﾗﾌﾞ메ｸﾞﾛ,264.0,42.0,219.0,3.0
76,短水路,27,セ・谷津,ｾﾝﾄﾗﾙﾌｨｯﾄﾈｽｸﾗﾌﾞﾔﾂ,242.0,133.0,97.0,12.0
76,短水路,28,セ・蘇我,ｾﾝﾄﾗﾙﾌｨｯﾄﾈｽｸﾗﾌﾞｿｶﾞ,238.0,50.0,168.0,20.0
76,短水路,29,クリーンスパ,ｾﾝﾄﾗﾙｽﾎﾟｰﾂｸﾘEEﾝｽﾊﾟｲﾁｶﾜ,234.0,60.0,174.0,0.0
76,短水路,30,セ・八王子,ｾﾝﾄﾗﾙﾌｨｯﾄﾈｽｸﾗﾌﾞﾊﾁｵｳｼﾞ,233.0,129.0,104.0,0.0
76,短水路,31,セ・福生,ｾﾝﾄﾗﾙｽﾎﾟｰﾂﾌｯｻ,228.0,120.0,108.0,0.0
76,短水路,32,セ・桶川北本,ｾﾝﾄﾗﾙｳｪﾙﾈｽｸﾗﾌﾞｵｹｶﾞﾜｷﾀﾓﾄ,220.0,109.0,111.0,0.0
76,短水路,33,セ・ときわ台,ｾﾝﾄﾗﾙｳｪﾙﾈｽｸﾗﾌﾞﾄｷﾜﾀﾞｲ,207.0,119.0,88.0,0.0
76,短水路,34,セ・上池袋,ｾﾝﾄﾗﾙｳｪﾙﾈｽｸﾗﾌﾞｶﾐｲｹﾌﾞｸﾛ,193.0,136.0,51.0,6.0
76,短水路,35,セ・成瀬,ｾﾝﾄﾗﾙｳｪﾙﾈｽｸﾗﾌﾞﾅﾙｾ,192.0,88.0,104.0,0.0
76,短水路,36,セ・南青山,ｾﾝﾄﾗﾙﾌｨｯﾄﾈｽｸﾗﾌﾞﾐﾅﾐｱｵﾔﾏ,190.0,111.0,79.0,0.0
76,短水路,37,セ・館山,ｾﾝﾄﾗﾙｽﾎﾟｰﾂｸﾗﾌﾞﾀﾃﾔﾏ,188.0,93.0,95.0,0.0
76,短水路,38,セ・横浜,ｾﾝﾄﾗﾙｽスイムｸﾗﾌﾞﾖコハマ,177.0,69.0,99.0,9.0
76,短水路,39,CS南行徳,ｾﾝﾄﾗﾙｽﾎﾟｰﾂﾐﾅﾐｷﾞｮｳﾄｸ,162.0,0.0,162.0,0.0
76,短水路,40,ザバス金沢八,ｻﾞﾊﾞｽｽﾎﾟｰﾂｸﾗﾌﾞｶﾅｻﾞﾜﾊｯｹｲ,147.0,0.0,147.0,0.0
76,短水路,41,セ・蒲田,ﾗｳﾞｨｾﾝﾄﾗﾙﾌｨｯﾄﾈｽｸﾗﾌﾞｶﾏﾀ,146.0,63.0,83.0,0.0
76,短水路,42,セ・湘南ＬＴ,ｾﾝﾄﾗﾙﾌｨｯﾄﾈｽｸﾗﾌﾞｼｮｳﾅﾝｴﾙﾃ,139.0,13.0,126.0,0.0
76,短水路,43,Ｇ－ＳＰＡ,ｺﾞｰﾙﾃﾞﾝｽﾊﾟﾆｭｰｵｰﾀﾆ,133.0,92.0,41.0,0.0
76,短水路,44,セ・下北沢,ｾﾝﾄﾗﾙﾌｨｯﾄﾈｽｸﾗﾌﾞｼﾓｷﾀｻﾞﾜ,131.0,65.0,66.0,0.0
76,短水路,44,セ・能見台,ｾﾝﾄﾗﾙｳｪﾙﾈｽｸﾗﾌﾞﾉｳｹﾝﾀﾞｲ,131.0,57.0,74.0,0.0
76,短水路,46,セ・新浦安,ｾﾝﾄﾗﾙｳｪﾙﾈｽｸﾗﾌﾞｼシンｳﾗﾔｽ,129.0,68.0,61.0,0.0
76,短水路,47,セ・府中,ｾﾝﾄﾗﾙﾌｨｯﾄﾈｽｸﾗﾌﾞﾌﾁｭｳ,127.0,40.0,87.0,0.0
76,短水路,48,ザバス川崎,ｻﾞﾊﾞｽｽﾎﾟｰﾂｸﾗﾌﾞｶﾜｻｷ,126.0,37.0,86.0,3.0
76,短水路,49,セ・西東京,ｾﾝﾄﾗﾙﾌｨｯﾄﾈｽｸﾗﾌﾞﾆｼﾄｳｷｮウ,121.0,95.0,26.0,0.0
76,短水路,50,曽谷・セ,ｿﾔｾﾝﾄﾗﾙｽスイムｸﾗﾌﾞ,120.0,56.0,64.0,0.0
76,短水路,51,セ・武蔵小杉,ｾﾝﾄﾗﾙﾌｨｯﾄﾈｽｸﾗﾌﾞﾑｻｼｺｽｷﾞ,102.0,102.0,0.0,0.0
76,短水路,52,セ・新都心,ｾﾝﾄﾗﾙｳｪﾙﾈｽｸﾗﾌﾞｻｲﾀﾏｼﾝﾄｼﾝ,99.0,0.0,99.0,0.0
76,短水路,53,セ・溝ノ口,ｾﾝﾄﾗﾙﾌｨｯﾄﾈｽｸﾗﾌﾞﾐｿﾞﾉｸﾁ,96.0,0.0,96.0,0.0
76,短水路,54,セ・Ｆ宇都宮,ｾﾝﾄﾗﾙﾌｨｯﾄﾈｽｸﾗﾌﾞｳﾂﾉﾐﾔ,93.0,16.0,77.0,0.0
76,短水路,55,セ・南宇都宮,ｾﾝﾄﾗﾙｽﾎﾟｰﾂｸﾗﾌﾞﾐﾅﾐｳﾂﾉﾐﾔ,91.0,8.0,83.0,0.0
76,短水路,56,セ・宇都宮,ｾﾝﾄﾗﾙｽﾎﾟｰﾂｸﾗﾌﾞｳﾂﾉﾐﾔ,87.0,0.0,87.0,0.0
76,短水路,57,セ・柏,ｾﾝﾄﾗﾙｳｪﾙﾈｽｸﾗﾌﾞｶｼﾜ,86.0,81.0,5.0,0.0
76,短水路,58,セ・青砥,ｾﾝﾄﾗﾙﾌｨｯﾄﾈｽｸﾗﾌﾞｱｵﾄ,83.0,43.0,40.0,0.0
76,短水路,59,ザバス鶴見,ｻﾞﾊﾞｽｽﾎﾟｰﾂｸﾗﾌﾞﾂﾙﾐ,77.0,50.0,27.0,0.0
76,短水路,60,セ・東戸塚,ｾﾝﾄﾗﾙｽﾎﾟｰﾂｸﾗﾌﾞﾋｶﾞｼﾄﾂｶ,75.0,75.0,0.0,0.0
76,短水路,61,セ・高崎,ｾﾝﾄﾗﾙｳｪﾙﾈｽｸﾗﾌﾞﾀｶｻｷ,71.0,50.0,21.0,0.0
76,短水路,61,セ・新川崎,ｾﾝﾄﾗﾙﾌｨｯﾄﾈｽｸﾗﾌﾞｼﾝｶﾜｻｷ,71.0,38.0,33.0,0.0
76,短水路,63,墨田区体育館,ｽﾐﾀﾞｸｿｳｺﾞｳﾀｲｲｸｶﾝ,67.0,38.0,29.0,0.0
76,短水路,64,セ・稲毛海岸,ｾﾝﾄﾗﾙﾌｨｯﾄﾈｽｸﾗﾌﾞｲﾅｹﾞｶｲｶﾞﾝ,65.0,13.0,52.0,0.0
76,短水路,65,セ・久喜,ｾﾝﾄﾗﾙｳｪﾙﾈｽｸﾗﾌﾞﾆｼﾞｭｳﾖﾝｷ,64.0,37.0,27.0,0.0
76,短水路,65,セ・亀有,ｾﾝﾄﾗﾙﾌｨｯﾄﾈｽｸﾗﾌﾞｶﾒｱﾘ,64.0,22.0,42.0,0.0
76,短水路,65,セ・Ｓ湘南台,ｾﾝﾄﾗﾙスイムｸﾗﾌﾞｼｮｳﾅﾝﾀﾞｲ,64.0,0.0,64.0,0.0
76,短水路,68,セ・長沼,ｾﾝﾄﾗﾙｳｪﾙﾈｽｸﾗﾌﾞﾅｶﾞﾇﾏ,62.0,40.0,22.0,0.0
76,短水路,68,セ・西新井,ｾﾝﾄﾗﾙｳｪﾙﾈｽｸﾗﾌﾞﾆｼｱﾗｲ,62.0,0.0,62.0,0.0
76,短水路,70,セ・藤沢,ｾﾝﾄﾗﾙﾌｨｯﾄﾈｽｸﾗﾌﾞﾌｼﾞｻﾜ,60.0,17.0,43.0,0.0
76,短水路,71,セ・八千代代,ｾﾝﾄﾗﾙﾌｨｯﾄﾈｽｸﾗﾌﾞﾔﾁﾖﾀﾞｲ,50.0,50.0,0.0,0.0
76,短水路,72,セ・川越,ｾﾝﾄﾗﾙスイムｸﾗﾌﾞｶﾜｺﾞｴ,46.0,0.0,46.0,0.0
76,短水路,73,セ・平塚,ｾﾝﾄﾗﾙﾌｨｯﾄﾈｽｸﾗﾌﾞﾋﾗﾂｶ,40.0,0.0,40.0,0.0
76,短水路,74,セ・福島,ｾﾝﾄﾗﾙｳｪﾙﾈｽｸﾗﾌﾞﾌｸｼﾏ,35.0,35.0,0.0,0.0
76,短水路,74,セ・岩槻,ｾﾝﾄﾗﾙｽﾎﾟｰﾂｸﾗﾌﾞｲﾜﾂｷ,35.0,35.0,0.0,0.0
76,短水路,74,セ・東十条,ｾﾝﾄﾗﾙｳｪﾙﾈｽｸﾗﾌﾞﾋｶﾞｼｼﾞｭｳｼﾞｮ,35.0,0.0,35.0,0.0
76,短水路,77,セ・Ｆ東戸塚,ｾﾝﾄﾗﾙﾌｨｯﾄﾈｽｸﾗﾌﾞﾋｶﾞｼﾄﾂｶ,34.0,34.0,0.0,0.0
76,短水路,78,セ・新三郷,ｾﾝﾄﾗﾙﾌｨｯﾄﾈｽｸﾗﾌﾞｼﾝﾐｻﾄ,21.0,0.0,21.0,0.0
76,短水路,79,セ・越谷ＬＴ,ｾﾝﾄﾗﾙﾌｨｯﾄﾈｽｸﾗﾌﾞｺｼｶﾞﾔﾚｲｸﾀｳﾝ,13.0,0.0,13.0,0.0
76,短水路,80,セ・前橋,ｾﾝﾄﾗﾙｳｪﾙﾈｽｸﾗﾌﾞﾏｴﾊﾞｼ,11.0,11.0,0.0,0.0
76,短水路,81,セ・西台,ｾﾝﾄﾗﾙﾌｨｯﾄﾈｽｸﾗﾌﾞﾆｼﾀﾞｲ,10.0,10.0,0.0,0.0
