relay_key,swim_order,athlete_name,dive_time,split_display,split_seconds,is_record
78_3_320～359歳_天王洲_1,1,鬼束洋子,0.99,50.47,50.47,False
78_3_320～359歳_天王洲_1,2,川端淑子,0.71,1:01.32,61.32,False
78_3_320～359歳_天王洲_1,3,熊谷一枝,0.76,58.14,58.14,False
78_3_320～359歳_天王洲_1,4,平田美佐子,0.53,1:00.57,60.57,False
78_3_280～319歳_大森_1,1,立石由美子,0.69,38.91,38.91,False
78_3_280～319歳_大森_1,2,市野克子,0.31,42.05,42.05,False
78_3_280～319歳_大森_1,3,室谷晴江,0.81,44.69,44.69,False
78_3_280～319歳_大森_1,4,井上美佐子,0.43,40.71,40.71,False
78_3_280～319歳_天王洲_2,1,小宮山美芽,0.98,49.83,49.83,False
78_3_280～319歳_天王洲_2,2,梅田栄己子,0.54,42.80,42.8,False
78_3_280～319歳_天王洲_2,3,後藤明美,0.49,40.26,40.26,False
78_3_280～319歳_天王洲_2,4,浅野みどり,0.4,39.20,39.2,False
78_3_280～319歳_柏_3,1,柴崎徳子,0.98,44.67,44.67,False
78_3_280～319歳_柏_3,2,木澤晃子,,45.22,45.22,False
78_3_280～319歳_柏_3,3,長野愛子,,47.98,47.98,False
78_3_280～319歳_柏_3,4,浅浦礼子,0.48,42.17,42.17,False
78_3_280～319歳_用賀_4,1,内田良子,0.87,47.91,47.91,False
78_3_280～319歳_用賀_4,2,舘野圭子,0.38,55.43,55.43,False
78_3_280～319歳_用賀_4,3,佐藤由利子,0.23,44.99,44.99,False
78_3_280～319歳_用賀_4,4,埵井泰子,0.29,41.26,41.26,False
78_3_280～319歳_戸塚_5,1,日和久美子,1.01,47.43,47.43,False
78_3_280～319歳_戸塚_5,2,太田拓江,0.97,49.57,49.57,False
78_3_280～319歳_戸塚_5,3,福田加代子,0.47,51.24,51.24,False
78_3_280～319歳_戸塚_5,4,酒谷真砂子,0.68,47.09,47.09,False
78_3_280～319歳_慶應日吉_6,1,池淵玲子,0.81,57.29,57.29,False
78_3_280～319歳_慶應日吉_6,2,田野倉和子,0.85,53.96,53.96,False
78_3_280～319歳_慶應日吉_6,3,戸倉陽子,0.33,49.41,49.41,False
78_3_280～319歳_慶應日吉_6,4,中野朗子,0.61,44.08,44.08,False
78_3_280～319歳_天王洲_7,1,長谷川節子,0.85,55.66,55.66,False
78_3_280～319歳_天王洲_7,2,川島かよ子,,50.92,50.92,False
78_3_280～319歳_天王洲_7,3,寺西寿賀子,,57.08,57.08,False
78_3_280～319歳_天王洲_7,4,柴田千代子,,57.26,57.26,False
78_3_240～279歳_二俣川_1,1,武井麻知子,0.78,36.64,36.64,False
78_3_240～279歳_二俣川_1,2,近藤ひな子,0.37,37.65,37.65,False
78_3_240～279歳_二俣川_1,3,野島久枝,0.56,38.18,38.18,False
78_3_240～279歳_二俣川_1,4,永瀬秀子,0.23,32.45,32.45,False
78_3_240～279歳_成城_2,1,仲田久美子,0.72,34.38,34.38,False
78_3_240～279歳_成城_2,2,草森理子,0.24,41.64,41.64,False
78_3_240～279歳_成城_2,3,伊藤ゆかり,0.42,39.14,39.14,False
78_3_240～279歳_成城_2,4,高梨美樹,0.38,38.16,38.16,False
78_3_240～279歳_おおたか_3,1,五十嵐知佐,0.83,35.91,35.91,False
78_3_240～279歳_おおたか_3,2,育村博子,0.67,43.18,43.18,False
78_3_240～279歳_おおたか_3,3,倉林明子,0.78,41.58,41.58,False
78_3_240～279歳_おおたか_3,4,野崎由美子,0.6,39.03,39.03,False
78_3_240～279歳_川崎_4,1,中山翠,0.85,38.12,38.12,False
78_3_240～279歳_川崎_4,2,齊藤たか子,0.62,43.09,43.09,False
78_3_240～279歳_川崎_4,3,伊藤春美,0.8,44.73,44.73,False
78_3_240～279歳_川崎_4,4,川久保ちづる,0.11,38.89,38.89,False
78_3_240～279歳_おおたか_5,1,大石里佳,0.88,36.83,36.83,False
78_3_240～279歳_おおたか_5,2,高木保子,0.7,45.03,45.03,False
78_3_240～279歳_おおたか_5,3,佐藤晶子,0.57,42.63,42.63,False
78_3_240～279歳_おおたか_5,4,岡村悦子,0.96,41.63,41.63,False
78_3_240～279歳_慶應日吉_6,1,井手敦子,0.97,42.09,42.09,False
78_3_240～279歳_慶應日吉_6,2,山田智子,0.46,43.34,43.34,False
78_3_240～279歳_慶應日吉_6,3,原田由美子,0.68,47.78,47.78,False
78_3_240～279歳_慶應日吉_6,4,福本麻美,0.72,35.85,35.85,False
78_3_240～279歳_南千住_7,1,古宇田淳子,0.83,45.10,45.1,False
78_3_240～279歳_南千住_7,2,于亜芝,0.59,55.20,55.2,False
78_3_240～279歳_南千住_7,3,片桐万澄,0.59,47.27,47.27,False
78_3_240～279歳_南千住_7,4,町田麻里,0.23,38.11,38.11,False
78_3_240～279歳_大森_8,1,佐々木政子,0.95,49.82,49.82,False
78_3_240～279歳_大森_8,2,中島初美,0.58,52.16,52.16,False
78_3_240～279歳_大森_8,3,富樫博子,,56.21,56.21,False
78_3_240～279歳_大森_8,4,酒井貴代,0.61,39.77,39.77,False
78_3_240～279歳_流山_9,1,三木純子,0.79,50.52,50.52,False
78_3_240～279歳_流山_9,2,新井瑞枝,0.62,52.59,52.59,False
78_3_240～279歳_流山_9,3,菊池佐千代,0.54,54.82,54.82,False
78_3_240～279歳_流山_9,4,小笠原京子,0.72,47.76,47.76,False
78_3_200～239歳_慶應日吉_1,1,井上唯,0.77,36.89,36.89,False
78_3_200～239歳_慶應日吉_1,2,前畑章子,0.4,33.60,33.6,False
78_3_200～239歳_慶應日吉_1,3,森谷登志江,0.52,39.15,39.15,False
78_3_200～239歳_慶應日吉_1,4,上沢絵里奈,0.27,30.93,30.93,False
78_3_200～239歳_市川_2,1,新井亜衣,0.77,30.38,30.38,False
78_3_200～239歳_市川_2,2,小高麻衣子,0.65,39.12,39.12,False
78_3_200～239歳_市川_2,3,高橋久美,0.44,38.17,38.17,False
78_3_200～239歳_市川_2,4,石井菜穂美,0.59,37.40,37.4,False
78_3_200～239歳_八景_3,1,真栄田こずえ,0.78,33.65,33.65,False
78_3_200～239歳_八景_3,2,座間千鶴子,0.57,42.21,42.21,False
78_3_200～239歳_八景_3,3,野村洋子,0.42,36.41,36.41,False
78_3_200～239歳_八景_3,4,鶴岡美佐,0.22,35.53,35.53,False
78_3_200～239歳_二俣川_4,1,川村佳代子,0.92,36.52,36.52,False
78_3_200～239歳_二俣川_4,2,板谷仁恵,0.46,40.36,40.36,False
78_3_200～239歳_二俣川_4,3,松川律子,0.67,36.51,36.51,False
78_3_200～239歳_二俣川_4,4,阿部のぞみ,0.87,39.63,39.63,False
78_3_200～239歳_清瀬_5,1,大橋ほづ美,0.85,35.79,35.79,False
78_3_200～239歳_清瀬_5,2,小笠原暁子,0.58,42.26,42.26,False
78_3_200～239歳_清瀬_5,3,レントフェルト慶子,0.96,41.04,41.04,False
78_3_200～239歳_清瀬_5,4,大槻真由美,0.53,36.40,36.4,False
78_3_200～239歳_志木_6,1,赤坂惠美子,0.87,44.87,44.87,False
78_3_200～239歳_志木_6,2,石塚孝子,0.23,42.79,42.79,False
78_3_200～239歳_志木_6,3,佐々木れい,,45.06,45.06,False
78_3_200～239歳_志木_6,4,高橋真美,0.19,34.87,34.87,False
78_3_200～239歳_横浜_7,1,大野結実,0.96,38.36,38.36,False
78_3_200～239歳_横浜_7,2,植草美香子,0.6,56.18,56.18,False
78_3_200～239歳_横浜_7,3,佐藤桂子,0.55,37.69,37.69,False
78_3_200～239歳_横浜_7,4,山﨑京子,0.62,38.49,38.49,False
78_3_160～199歳_成城_1,1,仲田笑美,0.74,30.55,30.55,False
78_3_160～199歳_成城_1,2,佐藤洋子,0.42,35.79,35.79,False
78_3_160～199歳_成城_1,3,岩田愛恵,0.32,34.13,34.13,False
78_3_160～199歳_成城_1,4,中畑眸,0.33,31.23,31.23,False
78_3_160～199歳_葛西_2,1,永田加那子,0.77,31.12,31.12,False
78_3_160～199歳_葛西_2,2,羽山恵津子,0.4,34.50,34.5,False
78_3_160～199歳_葛西_2,3,溝井花代子,0.39,35.65,35.65,False
78_3_160～199歳_葛西_2,4,大椛詩織,0.21,31.12,31.12,False
78_3_160～199歳_市ヶ尾_3,1,池田百合子,0.69,30.65,30.65,False
78_3_160～199歳_市ヶ尾_3,2,高橋麻子,0.17,34.12,34.12,False
78_3_160～199歳_市ヶ尾_3,3,白須靖子,0.17,37.00,37.0,False
78_3_160～199歳_市ヶ尾_3,4,宮下泰子,0.42,31.16,31.16,False
78_3_160～199歳_二俣川_4,1,吉池奈々,0.69,36.15,36.15,False
78_3_160～199歳_二俣川_4,2,前田由希映,0.37,35.97,35.97,False
78_3_160～199歳_二俣川_4,3,草野茜,0.25,34.15,34.15,False
78_3_160～199歳_二俣川_4,4,竹下菜々美,0.32,30.10,30.1,False
78_3_160～199歳_天王洲_5,1,萩原ゆりか,0.91,35.41,35.41,False
78_3_160～199歳_天王洲_5,2,中辻澄美,0.65,37.51,37.51,False
78_3_160～199歳_天王洲_5,3,宇田川美穂,0.41,37.44,37.44,False
78_3_160～199歳_天王洲_5,4,四井美穂,0.41,34.27,34.27,False
78_3_160～199歳_南青山_6,1,國政玲,0.79,40.52,40.52,False
78_3_160～199歳_南青山_6,2,北原暁美,0.47,41.76,41.76,False
78_3_160～199歳_南青山_6,3,芳賀加代子,0.32,35.93,35.93,False
78_3_160～199歳_南青山_6,4,竹山睦月,0.44,30.34,30.34,False
78_3_160～199歳_南青山_6,1,佐々木美佐,0.78,33.29,33.29,False
78_3_160～199歳_南青山_6,2,比留川美緒,0.37,37.37,37.37,False
78_3_160～199歳_南青山_6,3,木田景子,,,,False
78_3_160～199歳_南青山_6,4,足立知実,,,,False
78_3_120～159歳_長津田_1,1,吉村華余,0.77,31.28,31.28,False
78_3_120～159歳_長津田_1,2,小澤有未,0.33,30.78,30.78,False
78_3_120～159歳_長津田_1,3,森谷麻貴,0.28,33.38,33.38,False
78_3_120～159歳_長津田_1,4,川北恵,0.43,30.06,30.06,False
78_3_72～119歳_蒲田_1,1,宮澤緋花留,0.69,30.43,30.43,False
78_3_72～119歳_蒲田_1,2,池田良子,0.41,32.61,32.61,False
78_3_72～119歳_蒲田_1,3,青木奈那美,0.41,30.27,30.27,False
78_3_72～119歳_蒲田_1,4,早川舞,0.17,29.19,29.19,False
78_4_280～319歳_成城_1,1,羽田浩一,0.68,31.07,31.07,False
78_4_280～319歳_成城_1,2,木津誠,0.72,35.75,35.75,False
78_4_280～319歳_成城_1,3,若宮強,0.52,36.72,36.72,False
78_4_280～319歳_成城_1,4,中田正二,0.51,39.36,39.36,False
78_4_240～279歳_二俣川_1,1,冨松実,0.73,31.89,31.89,False
78_4_240～279歳_二俣川_1,2,若島健二,0.55,34.86,34.86,False
78_4_240～279歳_二俣川_1,3,永瀬知之,0.37,26.84,26.84,False
78_4_240～279歳_二俣川_1,4,下家成人,0.26,30.54,30.54,False
78_4_240～279歳_市ヶ尾_2,1,菊池千二,0.75,30.03,30.03,False
78_4_240～279歳_市ヶ尾_2,2,神尾尚人,0.36,31.79,31.79,False
78_4_240～279歳_市ヶ尾_2,3,大滝恭伸,0.7,34.89,34.89,False
78_4_240～279歳_市ヶ尾_2,4,新井良育,0.24,30.92,30.92,False
78_4_240～279歳_用賀_3,1,吉峯幸郎,0.85,35.34,35.34,False
78_4_240～279歳_用賀_3,2,佐藤正章,0.16,32.13,32.13,False
78_4_240～279歳_用賀_3,3,飯田正敏,0.39,33.19,33.19,False
78_4_240～279歳_用賀_3,4,和田浩一,0.22,30.01,30.01,False
78_4_240～279歳_長津田_4,1,金子謙一,0.8,34.87,34.87,False
78_4_240～279歳_長津田_4,2,西森文史郎,0.41,40.02,40.02,False
78_4_240～279歳_長津田_4,3,池谷千尋,0.34,32.62,32.62,False
78_4_240～279歳_長津田_4,4,西野宮冬木,0.35,30.64,30.64,False
78_4_240～279歳_阿佐谷_5,1,吉村進,0.77,36.19,36.19,False
78_4_240～279歳_阿佐谷_5,2,折居彰,0.93,40.46,40.46,False
78_4_240～279歳_阿佐谷_5,3,大川明徳,0.66,35.59,35.59,False
78_4_240～279歳_阿佐谷_5,4,紺野忠大,0.49,34.63,34.63,False
78_4_240～279歳_慶應日吉_6,1,山本勝,0.84,40.46,40.46,False
78_4_240～279歳_慶應日吉_6,2,長野守,0.81,38.53,38.53,False
78_4_240～279歳_慶應日吉_6,3,岩田寛,0.54,32.37,32.37,False
78_4_240～279歳_慶應日吉_6,4,久保田裕一,0.5,37.23,37.23,False
78_4_200～239歳_二俣川_1,1,堀川広祐,0.68,30.17,30.17,False
78_4_200～239歳_二俣川_1,2,関口義和,0.22,29.84,29.84,False
78_4_200～239歳_二俣川_1,3,石上智啓,0.15,28.44,28.44,False
78_4_200～239歳_二俣川_1,4,大村俊文,0.03,26.54,26.54,False
78_4_200～239歳_葛西_2,1,宮木幸彦,0.77,30.91,30.91,False
78_4_200～239歳_葛西_2,2,原田真,0.42,30.69,30.69,False
78_4_200～239歳_葛西_2,3,弭間政隆,0.36,29.48,29.48,False
78_4_200～239歳_葛西_2,4,青木圭祐,0.33,24.56,24.56,False
78_4_200～239歳_おおたか_3,1,會田修一,0.91,33.03,33.03,False
78_4_200～239歳_おおたか_3,2,海辺信吉,0.59,30.99,30.99,False
78_4_200～239歳_おおたか_3,3,小山邦彦,0.69,33.15,33.15,False
78_4_200～239歳_おおたか_3,4,前田光輝,0.42,31.08,31.08,False
78_4_200～239歳_慶應日吉_4,1,田中遼太,0.72,32.45,32.45,False
78_4_200～239歳_慶應日吉_4,2,穴田啓樹,0.59,33.74,33.74,False
78_4_200～239歳_慶應日吉_4,3,大塚秀幸,0.66,37.90,37.9,False
78_4_200～239歳_慶應日吉_4,4,門倉孝行,0.62,29.60,29.6,False
78_4_200～239歳_長津田_5,1,竹下翔,0.65,30.25,30.25,False
78_4_200～239歳_長津田_5,2,祖川久茂,0.31,33.05,33.05,False
78_4_200～239歳_長津田_5,3,宮本昌雄,0.11,32.44,32.44,False
78_4_200～239歳_長津田_5,4,飯沼明,0.53,39.43,39.43,False
78_4_200～239歳_天王洲_6,1,寺田遼太,0.9,28.72,28.72,False
78_4_200～239歳_天王洲_6,2,佐藤流生,0.76,43.19,43.19,False
78_4_200～239歳_天王洲_6,3,日暮正明,0.4,35.79,35.79,False
78_4_200～239歳_天王洲_6,4,千葉忠英,0.64,32.38,32.38,False
78_4_200～239歳_茂原_7,1,萱沼憲司郎,0.92,38.14,38.14,False
78_4_200～239歳_茂原_7,2,山本和巳,0.59,36.62,36.62,False
78_4_200～239歳_茂原_7,3,梅村潔,0.43,39.83,39.83,False
78_4_200～239歳_茂原_7,4,神戸優悠希,0.33,25.72,25.72,False
78_4_200～239歳_大森_8,1,御手洗康美,1.13,46.13,46.13,False
78_4_200～239歳_大森_8,2,海老原健太,0.61,30.08,30.08,False
78_4_200～239歳_大森_8,3,町田克浩,0.3,30.51,30.51,False
78_4_200～239歳_大森_8,4,瀧川一興,0.67,34.55,34.55,False
78_4_200～239歳_南青山_9,1,安藤靖,0.83,41.79,41.79,False
78_4_200～239歳_南青山_9,2,安藤朋邦,0.66,36.01,36.01,False
78_4_200～239歳_南青山_9,3,横浜健,0.35,34.98,34.98,False
78_4_200～239歳_南青山_9,4,中嶋智史,0.54,32.51,32.51,False
78_4_160～199歳_二俣川_1,1,前田康輔,0.72,24.68,24.68,False
78_4_160～199歳_二俣川_1,2,前田崇行,0.26,25.26,25.26,False
78_4_160～199歳_二俣川_1,3,鶴谷学,0.23,25.26,25.26,False
78_4_160～199歳_二俣川_1,4,寺田貴洋,0.11,26.61,26.61,False
78_4_160～199歳_市ヶ尾_2,1,池田正輝,0.67,25.97,25.97,False
78_4_160～199歳_市ヶ尾_2,2,山内悠,0.2,27.59,27.59,False
78_4_160～199歳_市ヶ尾_2,3,木村考太,0.24,26.83,26.83,False
78_4_160～199歳_市ヶ尾_2,4,田中諒也,0.62,24.88,24.88,False
78_4_160～199歳_天王洲_3,1,小野健,0.64,26.47,26.47,False
78_4_160～199歳_天王洲_3,2,星友也,0.46,26.19,26.19,False
78_4_160～199歳_天王洲_3,3,久保卓士,0.61,30.07,30.07,False
78_4_160～199歳_天王洲_3,4,倉持公一,0.4,27.68,27.68,False
78_4_160～199歳_柏_4,1,廣川大起,0.58,25.99,25.99,False
78_4_160～199歳_柏_4,2,長田裕史,0.31,28.40,28.4,False
78_4_160～199歳_柏_4,3,磯貝知弘,0.41,29.43,29.43,False
78_4_160～199歳_柏_4,4,上野太紀夫,0.26,30.89,30.89,False
78_4_160～199歳_清瀬_5,1,西沢歩,0.67,27.26,27.26,False
78_4_160～199歳_清瀬_5,2,塚本拓也,0.4,26.56,26.56,False
78_4_160～199歳_清瀬_5,3,松本考弘,0.68,31.66,31.66,False
78_4_160～199歳_清瀬_5,4,大木義之,0.45,34.99,34.99,False
78_4_160～199歳_成城_6,1,石井龍,0.71,27.54,27.54,False
78_4_160～199歳_成城_6,2,浦田昌和,0.42,38.20,38.2,False
78_4_160～199歳_成城_6,3,柿沼龍史,0.28,27.06,27.06,False
78_4_160～199歳_成城_6,4,村上守,0.33,28.16,28.16,False
78_4_160～199歳_阿佐谷_7,1,北川貴義,0.69,27.73,27.73,False
78_4_160～199歳_阿佐谷_7,2,松本隆宏,0.62,34.67,34.67,False
78_4_160～199歳_阿佐谷_7,3,若杉佳宏,0.25,29.69,29.69,False
78_4_160～199歳_阿佐谷_7,4,和田亮,0.64,29.99,29.99,False
78_4_160～199歳_大森_8,1,渡部慎也,0.81,30.69,30.69,False
78_4_160～199歳_大森_8,2,宇佐美学,0.61,35.74,35.74,False
78_4_160～199歳_大森_8,3,成田敏隆,0.53,32.72,32.72,False
78_4_160～199歳_大森_8,4,野村峰生,0.42,26.78,26.78,False
78_4_160～199歳_川崎_9,1,大橋克也,0.78,31.17,31.17,False
78_4_160～199歳_川崎_9,2,土井満,0.75,35.60,35.6,False
78_4_160～199歳_川崎_9,3,加藤慎悟,0.6,31.36,31.36,False
78_4_160～199歳_川崎_9,4,高瀬信雄,0.47,32.38,32.38,False
78_4_160～199歳_川崎_9,1,川島由伸(),,,,False
78_4_160～199歳_川崎_9,2,阿部宏之助(-----),,,,False
78_4_160～199歳_川崎_9,3,木村秀光(-----),,,,False
78_4_160～199歳_川崎_9,4,吉田拓磨(-----),,,,False
78_4_120～159歳_おおたか_1,1,都築クラウディオ佑亮,0.75,26.86,26.86,False
78_4_120～159歳_おおたか_1,2,古川貴章,0.46,27.17,27.17,False
78_4_120～159歳_おおたか_1,3,大作善祥,0.24,28.45,28.45,False
78_4_120～159歳_おおたか_1,4,石井了,0.39,24.34,24.34,False
78_4_120～159歳_阿佐谷_2,1,和田弘太郎,0.7,26.15,26.15,False
78_4_120～159歳_阿佐谷_2,2,津守陽介,0.19,27.07,27.07,False
78_4_120～159歳_阿佐谷_2,3,棚網宏之,0.3,27.96,27.96,False
78_4_120～159歳_阿佐谷_2,4,荒井啓汰,0.4,27.08,27.08,False
78_4_120～159歳_葛西_3,1,前島悠也,0.67,27.16,27.16,False
78_4_120～159歳_葛西_3,2,泉翔太,0.4,26.21,26.21,False
78_4_120～159歳_葛西_3,3,石井孟,0.28,26.24,26.24,False
78_4_120～159歳_葛西_3,4,矢野匠,0.41,29.33,29.33,False
78_4_120～159歳_慶應日吉_4,1,菅原啓,0.62,24.78,24.78,False
78_4_120～159歳_慶應日吉_4,2,河野悟,0.36,28.87,28.87,False
78_4_120～159歳_慶應日吉_4,3,金井元気,0.22,27.13,27.13,False
78_4_120～159歳_慶應日吉_4,4,福田雄太,0.21,28.65,28.65,False
78_4_72～119歳_成城_1,1,板場貴大,0.9,24.84,24.84,False
78_4_72～119歳_成城_1,2,宮田遼太,0.4,26.13,26.13,False
78_4_72～119歳_成城_1,3,黒田大介,0.07,26.29,26.29,False
78_4_72～119歳_成城_1,4,服部碧,0.31,24.33,24.33,False
78_4_72～119歳_二俣川_2,1,田中啓二朗,0.63,26.35,26.35,False
78_4_72～119歳_二俣川_2,2,和田佳明,0.65,29.54,29.54,False
78_4_72～119歳_二俣川_2,3,成田昌記,0.35,26.68,26.68,False
78_4_72～119歳_二俣川_2,4,田中壮一郎,0.43,25.87,25.87,False
78_4_72～119歳_天王洲_3,1,木渕大輝,0.67,26.63,26.63,False
78_4_72～119歳_天王洲_3,2,中村翼,0.32,27.98,27.98,False
78_4_72～119歳_天王洲_3,3,加間英貴,0.58,29.10,29.1,False
78_4_72～119歳_天王洲_3,4,鈴木裕介,0.47,29.80,29.8,False
78_5_280～319歳_天王洲_1,1,小宮山美芽,0.82,50.08,50.08,False
78_5_280～319歳_天王洲_1,2,梅田栄己子,0.61,49.57,49.57,False
78_5_280～319歳_天王洲_1,3,後藤明美,0.63,50.38,50.38,False
78_5_280～319歳_天王洲_1,4,浅野みどり,0.45,43.77,43.77,False
78_5_240～279歳_二俣川_1,1,松川律子,0.81,40.21,40.21,False
78_5_240～279歳_二俣川_1,2,盛田真規子,0.52,44.06,44.06,False
78_5_240～279歳_二俣川_1,3,野島久枝,0.58,40.23,40.23,False
78_5_240～279歳_二俣川_1,4,永瀬秀子,0.41,38.51,38.51,False
78_5_240～279歳_慶應日吉_2,1,森谷登志江,0.9,43.52,43.52,False
78_5_240～279歳_慶應日吉_2,2,鈴木夏実,0.91,44.74,44.74,False
78_5_240～279歳_慶應日吉_2,3,高見沢ゆみ子,0.58,45.23,45.23,False
78_5_240～279歳_慶應日吉_2,4,田村明美,0.66,43.97,43.97,False
78_5_240～279歳_南千住_3,1,杉本浩美,0.77,33.85,33.85,False
78_5_240～279歳_南千住_3,2,石崎節代,0.61,46.83,46.83,False
78_5_240～279歳_南千住_3,3,古宇田淳子,0.67,47.55,47.55,False
78_5_240～279歳_南千住_3,4,下川喜美枝,0.83,54.62,54.62,False
78_5_200～239歳_松戸_1,1,及川薫,0.87,42.66,42.66,False
78_5_200～239歳_松戸_1,2,青木華世子,0.07,38.72,38.72,False
78_5_200～239歳_松戸_1,3,八尋加苗,0.5,38.19,38.19,False
78_5_200～239歳_松戸_1,4,高橋圭,0.17,37.00,37.0,False
78_5_200～239歳_大宮宮原_2,1,花木尚美,0.79,38.09,38.09,False
78_5_200～239歳_大宮宮原_2,2,坂井慶子,0.57,43.63,43.63,False
78_5_200～239歳_大宮宮原_2,3,市川百合子,,42.48,42.48,False
78_5_200～239歳_大宮宮原_2,4,若林朋子,0.66,40.11,40.11,False
78_5_200～239歳_阿佐谷_3,1,棚網惠理,0.84,39.06,39.06,False
78_5_200～239歳_阿佐谷_3,2,三嶋祐子,0.89,51.29,51.29,False
78_5_200～239歳_阿佐谷_3,3,大久保彩子,0.66,49.32,49.32,False
78_5_200～239歳_阿佐谷_3,4,宮百合恵,0.69,38.90,38.9,False
78_5_200～239歳_大森_4,1,高島典子,0.84,43.60,43.6,False
78_5_200～239歳_大森_4,2,森信子,0.52,45.73,45.73,False
78_5_200～239歳_大森_4,3,桐沢ひとみ,,51.51,51.51,False
78_5_200～239歳_大森_4,4,冨永結衣子,0.39,42.29,42.29,False
78_5_160～199歳_二俣川_1,1,竹下菜々美,0.69,31.92,31.92,False
78_5_160～199歳_二俣川_1,2,草野茜,0.43,39.00,39.0,False
78_5_160～199歳_二俣川_1,3,吉池奈々,0.54,38.39,38.39,False
78_5_160～199歳_二俣川_1,4,前田由希映,0.48,41.18,41.18,False
78_5_160～199歳_慶應日吉_2,1,宮本八重,0.7,33.97,33.97,False
78_5_160～199歳_慶應日吉_2,2,RacaruGabriela,0.66,41.03,41.03,False
78_5_160～199歳_慶應日吉_2,3,福本麻美,0.48,39.09,39.09,False
78_5_160～199歳_慶應日吉_2,4,小豆澤和代,0.69,35.69,35.69,False
78_5_160～199歳_天王洲_3,1,萩原ゆりか,0.94,39.34,39.34,False
78_5_160～199歳_天王洲_3,2,井島孝子,0.72,46.79,46.79,False
78_5_160～199歳_天王洲_3,3,中辻澄美,0.64,41.76,41.76,False
78_5_160～199歳_天王洲_3,4,四井美穂,,54.06,54.06,False
78_5_160～199歳_長津田_4,1,久保とし子,1.04,49.25,49.25,False
78_5_160～199歳_長津田_4,2,久保かおり,0.27,41.46,41.46,False
78_5_160～199歳_長津田_4,3,久保美由紀,0.2,44.41,44.41,False
78_5_160～199歳_長津田_4,4,宮林佑紀,0.89,37.23,37.23,False
78_5_120～159歳_長津田_1,1,吉村華余,0.78,32.83,32.83,False
78_5_120～159歳_長津田_1,2,川北恵,0.48,31.50,31.5,False
78_5_120～159歳_長津田_1,3,森谷麻貴,0.18,35.22,35.22,False
78_5_120～159歳_長津田_1,4,高橋紗良,0.29,32.81,32.81,False
78_5_120～159歳_成城_2,1,仲田笑美,0.73,32.47,32.47,False
78_5_120～159歳_成城_2,2,丸玖瑠都,0.43,32.08,32.08,False
78_5_120～159歳_成城_2,3,中畑眸,0.41,34.36,34.36,False
78_5_120～159歳_成城_2,4,佐々木彩,0.19,33.13,33.13,False
78_6_200～239歳_長津田_1,1,花井一也,0.63,30.16,30.16,False
78_6_200～239歳_長津田_1,2,藤本豊和,0.28,31.11,31.11,False
78_6_200～239歳_長津田_1,3,星野隆,0.5,30.99,30.99,False
78_6_200～239歳_長津田_1,4,矢部裕之,0.54,31.01,31.01,False
78_6_200～239歳_市ヶ尾_2,1,田窪達,0.65,27.99,27.99,False
78_6_200～239歳_市ヶ尾_2,2,安間稔,0.61,36.56,36.56,False
78_6_200～239歳_市ヶ尾_2,3,山内悠,0.28,29.46,29.46,False
78_6_200～239歳_市ヶ尾_2,4,吉岡範人,0.45,31.30,31.3,False
78_6_200～239歳_二俣川_3,1,堀川広祐,0.66,31.37,31.37,False
78_6_200～239歳_二俣川_3,2,下家成人,0.31,32.86,32.86,False
78_6_200～239歳_二俣川_3,3,関口義和,0.35,33.04,33.04,False
78_6_200～239歳_二俣川_3,4,草野剛史,0.37,35.80,35.8,False
78_6_200～239歳_天王洲_4,1,寺田遼太,0.85,31.42,31.42,False
78_6_200～239歳_天王洲_4,2,千葉忠英,0.52,37.34,37.34,False
78_6_200～239歳_天王洲_4,3,日暮正明,0.71,37.84,37.84,False
78_6_200～239歳_天王洲_4,4,佐藤流生,0.7,47.17,47.17,False
78_6_160～199歳_二俣川_1,1,前田崇行,0.7,27.78,27.78,False
78_6_160～199歳_二俣川_1,2,知見邦彦,0.26,30.08,30.08,False
78_6_160～199歳_二俣川_1,3,鶴谷学,0.36,27.10,27.1,False
78_6_160～199歳_二俣川_1,4,前田康輔,0.34,26.04,26.04,False
78_6_160～199歳_天王洲_2,1,小野健,0.65,27.34,27.34,False
78_6_160～199歳_天王洲_2,2,倉持公一,0.38,30.05,30.05,False
78_6_160～199歳_天王洲_2,3,久保卓士,0.61,35.01,35.01,False
78_6_160～199歳_天王洲_2,4,星友也,0.32,28.17,28.17,False
78_6_160～199歳_成城_3,1,石井龍,0.7,29.62,29.62,False
78_6_160～199歳_成城_3,2,村上守,0.5,30.31,30.31,False
78_6_160～199歳_成城_3,3,宮田遼太,0.34,28.41,28.41,False
78_6_160～199歳_成城_3,4,羽田浩一,0.45,32.87,32.87,False
78_6_160～199歳_大宮宮原_4,1,皆川雅登,0.74,32.51,32.51,False
78_6_160～199歳_大宮宮原_4,2,宮川則仁,0.47,32.90,32.9,False
78_6_160～199歳_大宮宮原_4,3,川瀬健次,0.32,30.02,30.02,False
78_6_160～199歳_大宮宮原_4,4,岡内昭伍,0.39,28.25,28.25,False
78_6_160～199歳_阿佐谷_5,1,紺野忠大,0.74,37.10,37.1,False
78_6_160～199歳_阿佐谷_5,2,若杉佳宏,0.38,32.87,32.87,False
78_6_160～199歳_阿佐谷_5,3,大川明徳,0.48,38.74,38.74,False
78_6_160～199歳_阿佐谷_5,4,松本隆宏,0.71,38.17,38.17,False
78_6_120～159歳_阿佐谷_1,1,和田弘太郎,0.66,27.83,27.83,False
78_6_120～159歳_阿佐谷_1,2,津守陽介,0.38,28.36,28.36,False
78_6_120～159歳_阿佐谷_1,3,和田亮,0.79,32.16,32.16,False
78_6_120～159歳_阿佐谷_1,4,棚網宏之,0.44,29.97,29.97,False
78_6_72～119歳_成城_1,1,服部碧,0.66,27.23,27.23,False
78_6_72～119歳_成城_1,2,黒田大介,0.18,27.51,27.51,False
78_6_72～119歳_成城_1,3,柿沼龍吏,0.4,28.39,28.39,False
78_6_72～119歳_成城_1,4,板場貴大,0.45,25.95,25.95,False
78_6_72～119歳_葛西_2,1,嶋田翔太,0.6,29.42,29.42,False
78_6_72～119歳_葛西_2,2,織戸友宏,0.51,27.50,27.5,False
78_6_72～119歳_葛西_2,3,矢野匠,0.56,32.33,32.33,False
78_6_72～119歳_葛西_2,4,加納聖士,0.34,30.24,30.24,False
78_6_72～119歳_天王洲_3,1,木渕大輝,0.66,28.55,28.55,False
78_6_72～119歳_天王洲_3,2,中村翼,0.33,30.11,30.11,False
78_6_72～119歳_天王洲_3,3,加間英貴,0.57,31.05,31.05,False
78_6_72～119歳_天王洲_3,4,鈴木裕介,0.4,32.04,32.04,False
78_11_280～319歳_葛西_1,1,松村恵子,0.72,49.73,49.73,False
78_11_280～319歳_葛西_1,2,菅野泰子,0.43,49.67,49.67,False
78_11_280～319歳_葛西_1,3,大山恵子,0.45,44.16,44.16,False
78_11_280～319歳_葛西_1,4,青砥美智子,0.32,42.35,42.35,False
78_11_280～319歳_慶應日吉_2,1,山田智子,0.78,54.53,54.53,False
78_11_280～319歳_慶應日吉_2,2,渡部みさを,0.31,52.53,52.53,False
78_11_280～319歳_慶應日吉_2,3,井手敦子,0.78,50.29,50.29,False
78_11_280～319歳_慶應日吉_2,4,竹原君枝,0.7,51.44,51.44,False
78_11_280～319歳_南千住_3,1,石崎節代,0.71,52.37,52.37,False
78_11_280～319歳_南千住_3,2,花形一実,0.64,1:01.32,61.32,False
78_11_280～319歳_南千住_3,3,下川喜美枝,0.9,57.23,57.23,False
78_11_280～319歳_南千住_3,4,平井節子,0.32,52.38,52.38,False
78_11_280～319歳_市ヶ尾_4,1,嶋田陽子,0.89,50.61,50.61,False
78_11_280～319歳_市ヶ尾_4,2,荒深なみ,0.72,1:07.68,67.68,False
78_11_280～319歳_市ヶ尾_4,3,原昌代,0.48,56.47,56.47,False
78_11_280～319歳_市ヶ尾_4,4,安澤イソ子,0.84,54.68,54.68,False
78_11_280～319歳_市ヶ尾_4,1,樋口孝子(),,,,False
78_11_280～319歳_市ヶ尾_4,2,渡邉登美子(-----),,,,False
78_11_280～319歳_市ヶ尾_4,3,近藤みゆき(-----),,,,False
78_11_280～319歳_市ヶ尾_4,4,三嶋祐子(-----),,,,False
78_11_280～319歳_市ヶ尾_4,1,石田良子,0.55,45.12,45.12,False
78_11_280～319歳_市ヶ尾_4,2,太田初美,0.26,56.06,56.06,False
78_11_280～319歳_市ヶ尾_4,3,木村恵子,0.32,1:03.93,63.93,False
78_11_280～319歳_市ヶ尾_4,4,坂本光子,,,,False
78_11_240～279歳_二俣川_1,1,盛田真規子,0.82,50.33,50.33,False
78_11_240～279歳_二俣川_1,2,野島久枝,0.57,45.53,45.53,False
78_11_240～279歳_二俣川_1,3,武井麻知子,0.51,38.07,38.07,False
78_11_240～279歳_二俣川_1,4,永瀬秀子,0.27,32.19,32.19,False
78_11_240～279歳_松戸_2,1,及川薫,0.7,44.62,44.62,False
78_11_240～279歳_松戸_2,2,渡邊ひろみ,0.36,55.72,55.72,False
78_11_240～279歳_松戸_2,3,高橋圭,0.2,38.60,38.6,False
78_11_240～279歳_松戸_2,4,相澤史子,0.33,45.24,45.24,False
78_11_240～279歳_志木_3,1,石塚孝子,0.85,49.85,49.85,False
78_11_240～279歳_志木_3,2,瀧下節子,0.82,55.82,55.82,False
78_11_240～279歳_志木_3,3,高橋真美,0.59,40.93,40.93,False
78_11_240～279歳_志木_3,4,佐々木れい,0.59,46.76,46.76,False
78_11_240～279歳_成城_4,1,桶谷智子,0.69,47.59,47.59,False
78_11_240～279歳_成城_4,2,栗林眞知子,0.44,57.28,57.28,False
78_11_240～279歳_成城_4,3,伊藤ゆかり,0.39,47.79,47.79,False
78_11_240～279歳_成城_4,4,草森理子,0.24,41.88,41.88,False
78_11_240～279歳_阿佐谷_5,1,五十嵐佳澄,0.81,54.84,54.84,False
78_11_240～279歳_阿佐谷_5,2,三枚堂かよ子,0.45,52.42,52.42,False
78_11_240～279歳_阿佐谷_5,3,大原清美,0.66,49.70,49.7,False
78_11_240～279歳_阿佐谷_5,4,大久保彩子,0.64,44.71,44.71,False
78_11_240～279歳_阿佐谷_5,1,鈴木由佳里,0.67,43.75,43.75,False
78_11_240～279歳_阿佐谷_5,2,櫻田琴,,,,False
78_11_240～279歳_阿佐谷_5,3,浅野みどり,,,,False
78_11_240～279歳_阿佐谷_5,4,梅田栄己子,,,,False
78_11_200～239歳_慶應日吉_1,1,中野朗子,0.82,48.02,48.02,False
78_11_200～239歳_慶應日吉_1,2,前畑章子,0.39,45.59,45.59,False
78_11_200～239歳_慶應日吉_1,3,宮本八重,0.53,32.93,32.93,False
78_11_200～239歳_慶應日吉_1,4,上沢絵里奈,0.37,31.07,31.07,False
78_11_200～239歳_成城_2,1,仲田久美子,0.61,39.50,39.5,False
78_11_200～239歳_成城_2,2,佐藤洋子,0.35,45.54,45.54,False
78_11_200～239歳_成城_2,3,佐々木彩,0.42,36.91,36.91,False
78_11_200～239歳_成城_2,4,高梨美樹,0.63,38.31,38.31,False
78_11_200～239歳_南千住_3,1,山本由起子,0.82,47.68,47.68,False
78_11_200～239歳_南千住_3,2,田原文月,0.46,49.47,49.47,False
78_11_200～239歳_南千住_3,3,吉田のばら,0.48,32.72,32.72,False
78_11_200～239歳_南千住_3,4,杉本浩美,0.32,32.39,32.39,False
78_11_200～239歳_清瀬_4,1,大橋ほづ美,0.71,40.23,40.23,False
78_11_200～239歳_清瀬_4,2,佐藤美絵子,0.67,47.92,47.92,False
78_11_200～239歳_清瀬_4,3,田中貴子,0.32,39.33,39.33,False
78_11_200～239歳_清瀬_4,4,小倉直美,0.72,36.89,36.89,False
78_11_160～199歳_市ヶ尾_1,1,池田百合子,0.57,34.13,34.13,False
78_11_160～199歳_市ヶ尾_1,2,白須靖子,0.47,46.44,46.44,False
78_11_160～199歳_市ヶ尾_1,3,宮下泰子,0.74,34.53,34.53,False
78_11_160～199歳_市ヶ尾_1,4,高橋麻子,0.22,34.04,34.04,False
78_11_160～199歳_桶川北本_2,1,梅澤亮子,0.73,36.21,36.21,False
78_11_160～199歳_桶川北本_2,2,村岡貴子,0.57,52.46,52.46,False
78_11_160～199歳_桶川北本_2,3,村岡礼奈,0.49,37.49,37.49,False
78_11_160～199歳_桶川北本_2,4,鈴木和佳奈,0.36,33.10,33.1,False
78_11_160～199歳_天王洲_3,1,宇田川美穂,0.72,42.64,42.64,False
78_11_160～199歳_天王洲_3,2,中辻澄美,0.73,52.11,52.11,False
78_11_160～199歳_天王洲_3,3,萩原ゆりか,0.39,36.00,36.0,False
78_11_160～199歳_天王洲_3,4,四井美穂,0.32,33.08,33.08,False
78_11_160～199歳_二俣川_4,1,草野茜,0.7,43.98,43.98,False
78_11_160～199歳_二俣川_4,2,竹下菜々美,0.33,41.90,41.9,False
78_11_160～199歳_二俣川_4,3,吉池奈々,0.5,43.75,43.75,False
78_11_160～199歳_二俣川_4,4,前田由希映,0.57,35.39,35.39,False
78_11_160～199歳_長津田_5,1,原磨理,0.72,45.21,45.21,False
78_11_160～199歳_長津田_5,2,久保美由紀,0.47,52.73,52.73,False
78_11_160～199歳_長津田_5,3,森谷麻貴,0.47,38.09,38.09,False
78_11_160～199歳_長津田_5,4,宮林佑妃,0.93,36.19,36.19,False
78_11_120～159歳_葛西_1,1,永田加那子,0.55,36.26,36.26,False
78_11_120～159歳_葛西_1,2,小林志穂,0.53,35.84,35.84,False
78_11_120～159歳_葛西_1,3,青木梨緒,0.18,30.60,30.6,False
78_11_120～159歳_葛西_1,4,大椛詩織,0.49,31.10,31.1,False
78_11_120～159歳_長津田_2,1,小澤有未,0.66,34.66,34.66,False
78_11_120～159歳_長津田_2,2,高橋紗良,0.42,41.80,41.8,False
78_11_120～159歳_長津田_2,3,吉村華奈,0.45,31.34,31.34,False
78_11_120～159歳_長津田_2,4,川北恵,0.41,29.81,29.81,False
78_11_120～159歳_おおたか_3,1,嶋田菜々子,0.62,35.72,35.72,False
78_11_120～159歳_おおたか_3,2,中村可奈子,0.69,42.09,42.09,False
78_11_120～159歳_おおたか_3,3,松前優里奈,0.34,32.64,32.64,False
78_11_120～159歳_おおたか_3,4,柳有美子,0.65,33.01,33.01,False
78_11_120～159歳_成城_4,1,中畑眸,0.64,39.37,39.37,False
78_11_120～159歳_成城_4,2,丸玖瑠都,0.31,39.09,39.09,False
78_11_120～159歳_成城_4,3,仲田笑美,0.41,32.26,32.26,False
78_11_120～159歳_成城_4,4,岩田愛恵,0.35,34.16,34.16,False
78_11_120～159歳_南青山_5,1,友田智哲,0.66,39.47,39.47,False
78_11_120～159歳_南青山_5,2,竹山睦月,0.48,38.19,38.19,False
78_11_120～159歳_南青山_5,3,皆川すみれ,0.6,36.77,36.77,False
78_11_120～159歳_南青山_5,4,二宮若葉,0.24,32.86,32.86,False
78_11_120～159歳_茂原_6,1,岡澤志織,0.6,32.13,32.13,False
78_11_120～159歳_茂原_6,2,松本佳奈,0.65,56.29,56.29,False
78_11_120～159歳_茂原_6,3,長谷ちひろ,0.51,39.39,39.39,False
78_11_120～159歳_茂原_6,4,岡澤美咲,0.48,35.57,35.57,False
78_12_280～319歳_成城_1,1,吉田亮,0.86,44.79,44.79,False
78_12_280～319歳_成城_1,2,石井龍,0.72,35.95,35.95,False
78_12_280～319歳_成城_1,3,木津誠,0.58,41.54,41.54,False
78_12_280～319歳_成城_1,4,若宮強,0.34,36.15,36.15,False
78_12_280～319歳_阿佐谷_2,1,伴野保志,1.02,59.99,59.99,False
78_12_280～319歳_阿佐谷_2,2,吉村進,0.27,41.55,41.55,False
78_12_280～319歳_阿佐谷_2,3,吉原一彦,0.48,34.30,34.3,False
78_12_280～319歳_阿佐谷_2,4,折居彰,0.85,39.81,39.81,False
78_12_240～279歳_二俣川_1,1,下家成人,0.66,35.24,35.24,False
78_12_240～279歳_二俣川_1,2,若島健二,0.45,43.52,43.52,False
78_12_240～279歳_二俣川_1,3,永瀬知之,0.28,28.32,28.32,False
78_12_240～279歳_二俣川_1,4,富松実,0.17,31.50,31.5,False
78_12_240～279歳_おおたか_2,1,會田修一,0.85,38.56,38.56,False
78_12_240～279歳_おおたか_2,2,大作善祥,0.43,34.94,34.94,False
78_12_240～279歳_おおたか_2,3,海辺信吉,0.53,33.36,33.36,False
78_12_240～279歳_おおたか_2,4,五十嵐洋,0.42,33.83,33.83,False
78_12_240～279歳_長津田_3,1,西森文史郎,0.62,44.91,44.91,False
78_12_240～279歳_長津田_3,2,池谷千尋,0.28,39.73,39.73,False
78_12_240～279歳_長津田_3,3,金子謙一,0.34,38.25,38.25,False
78_12_240～279歳_長津田_3,4,西野宮冬木,0.19,30.36,30.36,False
78_12_240～279歳_葛西_4,1,宮木幸彦,0.75,38.98,38.98,False
78_12_240～279歳_葛西_4,2,赤坂吉昭,0.76,51.82,51.82,False
78_12_240～279歳_葛西_4,3,原田真,0.51,34.45,34.45,False
78_12_240～279歳_葛西_4,4,大内洋,0.68,44.80,44.8,False
78_12_200～239歳_市ヶ尾_1,1,田窪達,0.64,31.33,31.33,False
78_12_200～239歳_市ヶ尾_1,2,廣松伸一,0.25,37.36,37.36,False
78_12_200～239歳_市ヶ尾_1,3,田中諒也,0.57,25.58,25.58,False
78_12_200～239歳_市ヶ尾_1,4,神尾尚人,0.32,32.39,32.39,False
78_12_200～239歳_清瀬_2,1,山田耕一,0.63,35.73,35.73,False
78_12_200～239歳_清瀬_2,2,小倉和彦,0.41,35.04,35.04,False
78_12_200～239歳_清瀬_2,3,塚本拓也,0.46,29.08,29.08,False
78_12_200～239歳_清瀬_2,4,小倉秀和,0.47,29.19,29.19,False
78_12_200～239歳_二俣川_3,1,大村俊文,0.75,34.65,34.65,False
78_12_200～239歳_二俣川_3,2,関口義和,0.29,35.35,35.35,False
78_12_200～239歳_二俣川_3,3,堀川広祐,0.31,31.43,31.43,False
78_12_200～239歳_二俣川_3,4,石上智啓,0.31,28.94,28.94,False
78_12_200～239歳_長津田_4,1,藤本豊和,0.74,39.60,39.6,False
78_12_200～239歳_長津田_4,2,星野隆,0.37,35.32,35.32,False
78_12_200～239歳_長津田_4,3,矢部裕之,0.54,32.74,32.74,False
78_12_200～239歳_長津田_4,4,花井一也,0.15,27.68,27.68,False
78_12_200～239歳_川崎_5,1,杉原祥之,0.62,35.97,35.97,False
78_12_200～239歳_川崎_5,2,大橋克也,0.29,40.51,40.51,False
78_12_200～239歳_川崎_5,3,中込孝之,0.51,30.59,30.59,False
78_12_200～239歳_川崎_5,4,高瀬信雄,0.04,32.69,32.69,False
78_12_200～239歳_八王子_6,1,小室秀幸,0.83,35.49,35.49,False
78_12_200～239歳_八王子_6,2,高田義久,0.28,40.45,40.45,False
78_12_200～239歳_八王子_6,3,鈴木直哉,0.13,34.83,34.83,False
78_12_200～239歳_八王子_6,4,添田邦彦,0.32,29.47,29.47,False
78_12_200～239歳_柏_7,1,磯貝知弘,0.84,37.35,37.35,False
78_12_200～239歳_柏_7,2,長田裕史,0.29,33.71,33.71,False
78_12_200～239歳_柏_7,3,上野太紀夫,0.22,34.26,34.26,False
78_12_200～239歳_柏_7,4,小島淳,0.39,36.26,36.26,False
78_12_200～239歳_流山_8,1,設樂航希,0.55,28.80,28.8,False
78_12_200～239歳_流山_8,2,佐々木茂倫,0.24,39.02,39.02,False
78_12_200～239歳_流山_8,3,田中基幹,0.61,37.15,37.15,False
78_12_200～239歳_流山_8,4,大倉健志,0.48,37.70,37.7,False
78_12_200～239歳_阿佐谷_9,1,若杉佳宏,0.73,39.54,39.54,False
78_12_200～239歳_阿佐谷_9,2,紺野忠大,0.52,42.88,42.88,False
78_12_200～239歳_阿佐谷_9,3,大川明徳,0.54,37.99,37.99,False
78_12_200～239歳_阿佐谷_9,4,北川貴義,0.24,27.70,27.7,False
78_12_200～239歳_成城_10,1,村上守,0.71,36.21,36.21,False
78_12_200～239歳_成城_10,2,藤田一寿,0.54,43.65,43.65,False
78_12_200～239歳_成城_10,3,羽田浩一,0.63,32.36,32.36,False
78_12_200～239歳_成城_10,4,浦田昌和,0.5,39.96,39.96,False
78_12_160～199歳_二俣川_1,1,寺田貴洋,0.6,30.47,30.47,False
78_12_160～199歳_二俣川_1,2,立石裕太郎,0.29,29.68,29.68,False
78_12_160～199歳_二俣川_1,3,前田康輔,0.29,25.90,25.9,False
78_12_160～199歳_二俣川_1,4,前田崇行,0.38,25.72,25.72,False
78_12_160～199歳_天王洲_2,1,中村翼,0.57,29.29,29.29,False
78_12_160～199歳_天王洲_2,2,加間英貴,0.29,33.60,33.6,False
78_12_160～199歳_天王洲_2,3,倉持公一,0.58,30.81,30.81,False
78_12_160～199歳_天王洲_2,4,久保卓士,0.53,30.01,30.01,False
78_12_160～199歳_慶應日吉_3,1,福田雄太,0.55,31.78,31.78,False
78_12_160～199歳_慶應日吉_3,2,勝吉進一,0.51,34.16,34.16,False
78_12_160～199歳_慶應日吉_3,3,河野悟,0.52,31.14,31.14,False
78_12_160～199歳_慶應日吉_3,4,松崎敏明,0.64,29.17,29.17,False
78_12_160～199歳_大森_4,1,北村洋一,0.72,37.54,37.54,False
78_12_160～199歳_大森_4,2,海老原健太,0.63,37.18,37.18,False
78_12_160～199歳_大森_4,3,渡部慎也,0.48,31.04,31.04,False
78_12_160～199歳_大森_4,4,野村峰生,0.37,26.86,26.86,False
78_12_160～199歳_松戸_5,1,鈴木敏志,0.71,34.98,34.98,False
78_12_160～199歳_松戸_5,2,伊藤水晶,0.35,35.52,35.52,False
78_12_160～199歳_松戸_5,3,庄司和明,0.33,42.36,42.36,False
78_12_160～199歳_松戸_5,4,藤井宏哉,0.74,34.93,34.93,False
78_12_160～199歳_松戸_5,1,村田拓斗,0.58,31.85,31.85,False
78_12_160～199歳_松戸_5,2,祖川久茂,0.25,37.23,37.23,False
78_12_160～199歳_松戸_5,3,飯沼明,0.53,45.23,45.23,False
78_12_160～199歳_松戸_5,4,竹下翔,,,,False
78_12_120～159歳_阿佐谷_1,1,棚網宏之,0.61,31.92,31.92,False
78_12_120～159歳_阿佐谷_1,2,津守陽介,0.46,32.03,32.03,False
78_12_120～159歳_阿佐谷_1,3,荒井啓汰,0.55,29.67,29.67,False
78_12_120～159歳_阿佐谷_1,4,和田弘太郎,0.01,26.06,26.06,False
78_12_120～159歳_用賀_2,1,柄澤英也,0.69,35.56,35.56,False
78_12_120～159歳_用賀_2,2,浅岡遼,0.16,36.35,36.35,False
78_12_120～159歳_用賀_2,3,室坂拓真,0.12,29.20,29.2,False
78_12_120～159歳_用賀_2,4,亀井智貴,0.43,31.93,31.93,False
78_12_72～119歳_葛西_1,1,石井孟,0.61,32.48,32.48,False
78_12_72～119歳_葛西_1,2,前島悠也,0.41,32.00,32.0,False
78_12_72～119歳_葛西_1,3,泉翔太,0.49,28.27,28.27,False
78_12_72～119歳_葛西_1,4,嶋田翔太,0.17,28.67,28.67,False
78_12_72～119歳_二俣川_2,1,田中啓二朗,0.6,32.06,32.06,False
78_12_72～119歳_二俣川_2,2,知見邦彦,0.42,33.37,33.37,False
78_12_72～119歳_二俣川_2,3,田中壮一郎,0.56,27.67,27.67,False
78_12_72～119歳_二俣川_2,4,和田佳明,0.57,29.17,29.17,False
78_12_72～119歳_天王洲_3,1,星友也,0.67,33.26,33.26,False
78_12_72～119歳_天王洲_3,2,鈴木裕介,0.52,37.71,37.71,False
78_12_72～119歳_天王洲_3,3,木渕大輝,0.35,27.17,27.17,False
78_12_72～119歳_天王洲_3,4,寺田遼太,0.46,28.40,28.4,False
78_12_72～119歳_天王洲_3,1,服部碧,0.61,29.78,29.78,False
78_12_72～119歳_天王洲_3,2,黒田大介,,,,False
78_12_72～119歳_天王洲_3,3,宮田遼太,,,,False
78_12_72～119歳_天王洲_3,4,板場貴大,,,,False
78_17_320～359歳_二俣川_1,1,吉見一江,1.0,1:04.55,64.55,False
78_17_320～359歳_二俣川_1,2,浅田眞守,,1:10.35,70.35,False
78_17_320～359歳_二俣川_1,3,香川左近,0.57,44.20,44.2,False
78_17_320～359歳_二俣川_1,4,武藤治子,,57.52,57.52,False
78_17_280～319歳_成城_1,1,吉田亮,0.8,45.96,45.96,False
78_17_280～319歳_成城_1,2,栗林眞知子,0.31,55.95,55.95,False
78_17_280～319歳_成城_1,3,木津誠,0.24,42.01,42.01,False
78_17_280～319歳_成城_1,4,伊藤ゆかり,0.3,39.88,39.88,False
78_17_280～319歳_慶應日吉_2,1,池淵玲子,0.7,1:01.74,61.74,False
78_17_280～319歳_慶應日吉_2,2,泉保央,,1:04.28,64.28,False
78_17_280～319歳_慶應日吉_2,3,森谷登志江,0.26,50.52,50.52,False
78_17_280～319歳_慶應日吉_2,4,小田稔,,49.30,49.3,False
78_17_280～319歳_阿佐谷_3,1,伴野保志,0.99,1:00.79,60.79,False
78_17_280～319歳_阿佐谷_3,2,吉村進,0.1,48.02,48.02,False
78_17_280～319歳_阿佐谷_3,3,渡邉登美子,0.98,1:14.44,74.44,False
78_17_280～319歳_阿佐谷_3,4,三嶋祐子,0.18,46.80,46.8,False
78_17_240～279歳_二俣川_1,1,冨松実,0.71,39.22,39.22,False
78_17_240～279歳_二俣川_1,2,知見邦彦,0.37,32.69,32.69,False
78_17_240～279歳_二俣川_1,3,武井麻知子,0.3,38.93,38.93,False
78_17_240～279歳_二俣川_1,4,永瀬秀子,0.31,31.85,31.85,False
78_17_240～279歳_八景_2,1,鶴岡美佐,0.63,48.71,48.71,False
78_17_240～279歳_八景_2,2,兼森伸兒,0.51,39.23,39.23,False
78_17_240～279歳_八景_2,3,野村洋子,0.31,44.69,44.69,False
78_17_240～279歳_八景_2,4,久保田信利,0.35,34.79,34.79,False
78_17_240～279歳_横浜_3,1,田邊和歌子,0.7,46.73,46.73,False
78_17_240～279歳_横浜_3,2,仲宇佐隆一,0.69,50.70,50.7,False
78_17_240～279歳_横浜_3,3,二宮博,0.47,40.79,40.79,False
78_17_240～279歳_横浜_3,4,佐藤桂子,0.34,36.52,36.52,False
78_17_240～279歳_長津田_4,1,西森文史郎,0.65,44.76,44.76,False
78_17_240～279歳_長津田_4,2,池谷千尋,0.5,40.97,40.97,False
78_17_240～279歳_長津田_4,3,宮林佑妃,0.93,45.32,45.32,False
78_17_240～279歳_長津田_4,4,久保とし子,0.7,45.85,45.85,False
78_17_200～239歳_二俣川_1,1,川村佳代子,0.63,42.20,42.2,False
78_17_200～239歳_二俣川_1,2,鶴谷学,0.25,32.50,32.5,False
78_17_200～239歳_二俣川_1,3,大村俊文,0.31,28.41,28.41,False
78_17_200～239歳_二俣川_1,4,板谷仁恵,0.67,40.49,40.49,False
78_17_200～239歳_市ヶ尾_2,1,高橋麻子,0.73,42.46,42.46,False
78_17_200～239歳_市ヶ尾_2,2,廣松伸一,0.45,38.16,38.16,False
78_17_200～239歳_市ヶ尾_2,3,図師拓千,0.36,28.86,28.86,False
78_17_200～239歳_市ヶ尾_2,4,白須靖子,0.21,37.27,37.27,False
78_17_200～239歳_大森_3,1,町田克浩,0.83,38.25,38.25,False
78_17_200～239歳_大森_3,2,大竹昌子,0.54,47.52,47.52,False
78_17_200～239歳_大森_3,3,浅田康朗,0.31,33.21,33.21,False
78_17_200～239歳_大森_3,4,浅尾有香,0.47,31.74,31.74,False
78_17_200～239歳_長津田_4,1,原磨理,0.67,45.13,45.13,False
78_17_200～239歳_長津田_4,2,祖川久茂,0.37,36.54,36.54,False
78_17_200～239歳_長津田_4,3,花井一也,0.28,33.24,33.24,False
78_17_200～239歳_長津田_4,4,久保かおり,0.5,37.15,37.15,False
78_17_200～239歳_越谷_5,1,小林のぞみ,0.63,48.15,48.15,False
78_17_200～239歳_越谷_5,2,中村幸弘,0.65,41.24,41.24,False
78_17_200～239歳_越谷_5,3,花輪博之,0.66,33.94,33.94,False
78_17_200～239歳_越谷_5,4,山田未紗子,0.45,33.88,33.88,False
78_17_200～239歳_用賀_6,1,糸川永利子,0.79,51.47,51.47,False
78_17_200～239歳_用賀_6,2,和田浩一,0.44,38.77,38.77,False
78_17_200～239歳_用賀_6,3,室坂拓真,0.28,29.33,29.33,False
78_17_200～239歳_用賀_6,4,冨樫真樹子,0.36,43.79,43.79,False
78_17_200～239歳_松戸_7,1,鈴木敏志,0.7,35.38,35.38,False
78_17_200～239歳_松戸_7,2,藤井宏哉,0.67,50.53,50.53,False
78_17_200～239歳_松戸_7,3,高橋圭,0.41,40.51,40.51,False
78_17_200～239歳_松戸_7,4,青木華世子,0.21,37.58,37.58,False
78_17_200～239歳_新都心_8,1,吉岡智子,0.78,43.66,43.66,False
78_17_200～239歳_新都心_8,2,浅野亮介,0.74,44.90,44.9,False
78_17_200～239歳_新都心_8,3,佐久間毅慶,0.48,36.12,36.12,False
78_17_200～239歳_新都心_8,4,加藤雅弓,0.36,44.63,44.63,False
78_17_200～239歳_阿佐谷_9,1,若杉佳宏,0.72,39.08,39.08,False
78_17_200～239歳_阿佐谷_9,2,三枚堂かよ子,0.46,52.27,52.27,False
78_17_200～239歳_阿佐谷_9,3,大川明徳,0.83,37.90,37.9,False
78_17_200～239歳_阿佐谷_9,4,大原清美,0.67,41.76,41.76,False
78_17_200～239歳_慶應日吉_10,1,中野朗子,0.8,47.83,47.83,False
78_17_200～239歳_慶應日吉_10,2,久保田裕一,0.62,44.76,44.76,False
78_17_200～239歳_慶應日吉_10,3,大塚秀幸,0.7,47.74,47.74,False
78_17_200～239歳_慶應日吉_10,4,鈴木夏実,0.92,45.02,45.02,False
78_17_200～239歳_慶應日吉_10,1,宮川則仁,0.79,38.90,38.9,False
78_17_200～239歳_慶應日吉_10,2,川瀬健次,,,,False
78_17_200～239歳_慶應日吉_10,3,若林朋子,,,,False
78_17_200～239歳_慶應日吉_10,4,花木尚美,,,,False
78_17_160～199歳_長津田_1,1,小澤有末,0.65,34.88,34.88,False
78_17_160～199歳_長津田_1,2,星野隆,0.68,35.12,35.12,False
78_17_160～199歳_長津田_1,3,吉村華余,0.47,30.97,30.97,False
78_17_160～199歳_長津田_1,4,藤本豊和,0.36,28.22,28.22,False
78_17_160～199歳_おおたか_2,1,嶋田菜々子,0.59,35.72,35.72,False
78_17_160～199歳_おおたか_2,2,中村可奈子,0.56,41.89,41.89,False
78_17_160～199歳_おおたか_2,3,古川貴章,0.35,28.39,28.39,False
78_17_160～199歳_おおたか_2,4,前田光輝,0.41,30.76,30.76,False
78_17_160～199歳_慶應日吉_3,1,宮本八重,0.66,38.26,38.26,False
78_17_160～199歳_慶應日吉_3,2,金井元気,0.24,36.10,36.1,False
78_17_160～199歳_慶應日吉_3,3,門倉孝行,0.57,33.32,33.32,False
78_17_160～199歳_慶應日吉_3,4,小豆澤和代,0.65,32.33,32.33,False
78_17_160～199歳_阿佐谷_4,1,棚網恵理,0.65,40.95,40.95,False
78_17_160～199歳_阿佐谷_4,2,北川貴義,0.42,36.61,36.61,False
78_17_160～199歳_阿佐谷_4,3,和田亮,0.82,32.90,32.9,False
78_17_160～199歳_阿佐谷_4,4,宮百合恵,0.36,36.27,36.27,False
78_17_160～199歳_二俣川_5,1,寺田貴洋,0.84,31.48,31.48,False
78_17_160～199歳_二俣川_5,2,立石裕太郎,0.41,36.09,36.09,False
78_17_160～199歳_二俣川_5,3,吉池奈々,0.49,46.17,46.17,False
78_17_160～199歳_二俣川_5,4,草野茜,0.37,35.13,35.13,False
78_17_160～199歳_成城_6,1,村上守,0.78,35.88,35.88,False
78_17_160～199歳_成城_6,2,岩田愛恵,0.41,45.56,45.56,False
78_17_160～199歳_成城_6,3,佐々木彩,0.4,37.00,37.0,False
78_17_160～199歳_成城_6,4,藤田一寿,0.45,31.33,31.33,False
78_17_160～199歳_川崎_7,1,杉原祥之,0.69,36.40,36.4,False
78_17_160～199歳_川崎_7,2,中込孝之,0.72,36.97,36.97,False
78_17_160～199歳_川崎_7,3,錦織佳奈子,0.53,39.77,39.77,False
78_17_160～199歳_川崎_7,4,土井直子,0.41,38.37,38.37,False
78_17_160～199歳_川崎_8,1,河野大和,0.71,32.18,32.18,False
78_17_160～199歳_川崎_8,2,佐伯康子,0.47,48.54,48.54,False
78_17_160～199歳_川崎_8,3,土井満,0.69,42.53,42.53,False
78_17_160～199歳_川崎_8,4,中山翠,0.43,37.77,37.77,False
78_17_160～199歳_大森_9,1,大島江理子,0.72,47.84,47.84,False
78_17_160～199歳_大森_9,2,宇佐美学,0.73,42.84,42.84,False
78_17_160～199歳_大森_9,3,冨永結衣子,0.48,46.89,46.89,False
78_17_160～199歳_大森_9,4,成田敏隆,0.61,32.93,32.93,False
78_17_160～199歳_我孫子_10,1,日置睦,0.74,1:05.02,65.02,False
78_17_160～199歳_我孫子_10,2,駒形秀一,0.33,36.73,36.73,False
78_17_160～199歳_我孫子_10,3,江沢純也,0.32,32.37,32.37,False
78_17_160～199歳_我孫子_10,4,角南美貴,0.5,41.88,41.88,False
78_17_120～159歳_おおたか_1,1,松前優里奈,0.65,35.34,35.34,False
78_17_120～159歳_おおたか_1,2,石井丁,0.23,29.49,29.49,False
78_17_120～159歳_おおたか_1,3,都築クラウディオ佑介(+0.44),,28.19,28.19,False
78_17_120～159歳_おおたか_1,4,柳有美子,0.69,33.63,33.63,False
78_17_120～159歳_南千住_2,1,吉田のばら,0.64,35.76,35.76,False
78_17_120～159歳_南千住_2,2,宮川航,0.23,31.16,31.16,False
78_17_120～159歳_南千住_2,3,真如美優,0.34,31.15,31.15,False
78_17_120～159歳_南千住_2,4,中村勝,0.33,29.08,29.08,False
78_17_120～159歳_平塚_3,1,佐々木美佐,0.63,38.48,38.48,False
78_17_120～159歳_平塚_3,2,増田究,0.13,32.40,32.4,False
78_17_120～159歳_平塚_3,3,土屋大貴,0.24,27.32,27.32,False
78_17_120～159歳_平塚_3,4,足立知実,0.13,34.01,34.01,False
78_17_120～159歳_長津田_4,1,村田雅治,0.66,34.45,34.45,False
78_17_120～159歳_長津田_4,2,宍戸萌,0.49,40.11,40.11,False
78_17_120～159歳_長津田_4,3,森谷麻貴,0.54,37.88,37.88,False
78_17_120～159歳_長津田_4,4,矢部裕之,0.54,30.09,30.09,False
78_17_120～159歳_茂原_5,1,岡澤志織,0.65,32.44,32.44,False
78_17_120～159歳_茂原_5,2,松本佳奈,0.85,55.83,55.83,False
78_17_120～159歳_茂原_5,3,神戸優悠希,0.23,27.23,27.23,False
78_17_120～159歳_茂原_5,4,萱沼憲司郎,0.36,38.34,38.34,False
78_17_72～119歳_成城_1,1,仲田笑美,0.63,35.83,35.83,False
78_17_72～119歳_成城_1,2,黒田大介,0.1,32.31,32.31,False
78_17_72～119歳_成城_1,3,服部碧,0.18,25.72,25.72,False
78_17_72～119歳_成城_1,4,丸玖瑠都,0.49,30.59,30.59,False
78_17_72～119歳_二俣川_2,1,田中啓二朗,0.61,32.63,32.63,False
78_17_72～119歳_二俣川_2,2,田中壮一郎,0.21,32.20,32.2,False
78_17_72～119歳_二俣川_2,3,竹下菜々美,0.33,32.51,32.51,False
78_17_72～119歳_二俣川_2,4,松本彩花,0.42,32.26,32.26,False
78_17_72～119歳_蒲田_3,1,宮澤緋花留,0.54,35.33,35.33,False
78_17_72～119歳_蒲田_3,2,南里輝,0.29,32.78,32.78,False
78_17_72～119歳_蒲田_3,3,青木奈那美,0.42,33.78,33.78,False
78_17_72～119歳_蒲田_3,4,青木健二,0.25,30.35,30.35,False
78_17_72～119歳_長津田_4,1,村田拓斗,0.57,31.97,31.97,False
78_17_72～119歳_長津田_4,2,竹下翔,0.55,37.90,37.9,False
78_17_72～119歳_長津田_4,3,高橋紗良,0.35,33.47,33.47,False
78_17_72～119歳_長津田_4,4,川北恵,0.44,29.58,29.58,False
78_18_240～279歳_成城_1,1,佐藤洋子,0.78,47.59,47.59,False
78_18_240～279歳_成城_1,2,高梨美樹,0.49,49.35,49.35,False
78_18_240～279歳_成城_1,3,仲田久美子,0.42,39.02,39.02,False
78_18_240～279歳_成城_1,4,高柳祐子,0.5,38.04,38.04,False
78_18_240～279歳_慶應日吉_2,1,高見沢ゆみ子,0.68,52.32,52.32,False
78_18_240～279歳_慶應日吉_2,2,前畑章子,0.56,45.99,45.99,False
78_18_240～279歳_慶應日吉_2,3,森谷登志江,0.7,53.76,53.76,False
78_18_240～279歳_慶應日吉_2,4,田村明美,0.69,42.55,42.55,False
78_18_200～239歳_大宮宮原_1,1,花木尚美,0.78,46.86,46.86,False
78_18_200～239歳_大宮宮原_1,2,坂井慶子,0.47,51.20,51.2,False
78_18_200～239歳_大宮宮原_1,3,若林朋子,0.69,36.76,36.76,False
78_18_200～239歳_大宮宮原_1,4,市川百合子,,41.02,41.02,False
78_18_160～199歳_二俣川_1,1,草野茜,0.68,46.94,46.94,False
78_18_160～199歳_二俣川_1,2,竹下菜々美,0.2,42.57,42.57,False
78_18_160～199歳_二俣川_1,3,吉池奈々,0.66,49.35,49.35,False
78_18_160～199歳_二俣川_1,4,前田由希映,0.53,40.54,40.54,False
78_18_160～199歳_慶應日吉_2,1,井上唯,0.71,46.27,46.27,False
78_18_160～199歳_慶應日吉_2,2,RacaruGabriela,0.57,50.40,50.4,False
78_18_160～199歳_慶應日吉_2,3,井手敦子,0.61,53.85,53.85,False
78_18_160～199歳_慶應日吉_2,4,福本麻美,0.54,38.43,38.43,False
78_18_160～199歳_阿佐谷_3,1,棚網恵理,0.76,44.94,44.94,False
78_18_160～199歳_阿佐谷_3,2,大久保彩子,0.7,58.06,58.06,False
78_18_160～199歳_阿佐谷_3,3,宮百合恵,0.73,45.17,45.17,False
78_18_160～199歳_阿佐谷_3,4,五十嵐佳澄,,55.36,55.36,False
78_19_280～319歳_阿佐谷_1,1,吉村進,0.75,49.05,49.05,False
78_19_280～319歳_阿佐谷_1,2,村田幸士郎,0.57,46.61,46.61,False
78_19_280～319歳_阿佐谷_1,3,吉原一彦,0.36,36.14,36.14,False
78_19_280～319歳_阿佐谷_1,4,折居彰,0.87,45.99,45.99,False
78_19_200～239歳_二俣川_1,1,下家成人,0.72,38.50,38.5,False
78_19_200～239歳_二俣川_1,2,知見邦彦,0.27,34.45,34.45,False
78_19_200～239歳_二俣川_1,3,堀川広祐,0.24,33.47,33.47,False
78_19_200～239歳_二俣川_1,4,永瀬知之,0.18,27.84,27.84,False
78_19_200～239歳_清瀬_2,1,山田耕一,0.63,38.37,38.37,False
78_19_200～239歳_清瀬_2,2,小倉和彦,0.38,38.26,38.26,False
78_19_200～239歳_清瀬_2,3,塚本拓也,0.36,30.47,30.47,False
78_19_200～239歳_清瀬_2,4,小倉秀和,0.41,30.38,30.38,False
78_19_200～239歳_市ヶ尾_3,1,田窪達,0.71,34.00,34.0,False
78_19_200～239歳_市ヶ尾_3,2,吉岡範人,0.37,37.83,37.83,False
78_19_200～239歳_市ヶ尾_3,3,菊池千二,0.48,31.75,31.75,False
78_19_200～239歳_市ヶ尾_3,4,山内悠,0.36,29.12,29.12,False
78_19_200～239歳_天王洲_4,1,千葉忠英,0.82,50.16,50.16,False
78_19_200～239歳_天王洲_4,2,日暮正明,0.88,53.19,53.19,False
78_19_200～239歳_天王洲_4,3,倉持公一,0.53,35.28,35.28,False
78_19_200～239歳_天王洲_4,4,佐藤流生,0.88,46.60,46.6,False
78_19_160～199歳_二俣川_1,1,寺田貴洋,0.85,34.40,34.4,False
78_19_160～199歳_二俣川_1,2,立石裕太郎,0.51,33.38,33.38,False
78_19_160～199歳_二俣川_1,3,前田康輔,0.51,27.45,27.45,False
78_19_160～199歳_二俣川_1,4,前田崇行,0.45,28.46,28.46,False
78_19_160～199歳_市ヶ尾_2,1,図師拓千,0.62,35.46,35.46,False
78_19_160～199歳_市ヶ尾_2,2,木村考太,0.38,34.09,34.09,False
78_19_160～199歳_市ヶ尾_2,3,池田正輝,0.31,31.76,31.76,False
78_19_160～199歳_市ヶ尾_2,4,田中諒也,0.53,27.34,27.34,False
78_19_160～199歳_大宮宮原_3,1,皆川雅登,0.77,38.36,38.36,False
78_19_160～199歳_大宮宮原_3,2,川瀬健次,0.19,35.82,35.82,False
78_19_160～199歳_大宮宮原_3,3,岡内昭伍,0.33,29.56,29.56,False
78_19_160～199歳_大宮宮原_3,4,宮川則仁,0.24,32.85,32.85,False
78_19_160～199歳_大宮宮原_3,1,中村翼,0.57,31.49,31.49,False
78_19_160～199歳_大宮宮原_3,2,加間英貴,0.17,35.64,35.64,False
78_19_160～199歳_大宮宮原_3,3,久保卓士,,,,False
78_19_160～199歳_大宮宮原_3,4,宅間健介,,,,False
78_19_120～159歳_二俣川_1,1,田中啓二朗,0.57,35.96,35.96,False
78_19_120～159歳_二俣川_1,2,田中壮一郎,0.64,34.48,34.48,False
78_19_120～159歳_二俣川_1,3,鶴谷学,0.38,30.21,30.21,False
78_19_120～159歳_二俣川_1,4,成田昌記,0.4,28.30,28.3,False
78_19_120～159歳_阿佐谷_2,1,棚網宏之,0.62,33.63,33.63,False
78_19_120～159歳_阿佐谷_2,2,津守陽介,0.48,32.37,32.37,False
78_19_120～159歳_阿佐谷_2,3,和田弘太郎,0.31,31.46,31.46,False
78_19_120～159歳_阿佐谷_2,4,和田亮,0.64,31.27,31.27,False
78_19_120～159歳_長津田_3,1,村田拓斗,0.58,36.36,36.36,False
78_19_120～159歳_長津田_3,2,祖川久茂,0.41,38.45,38.45,False
78_19_120～159歳_長津田_3,3,村田雅治,0.54,31.29,31.29,False
78_19_120～159歳_長津田_3,4,竹下翔,0.93,35.54,35.54,False
78_19_72～119歳_成城_1,1,柿沼龍史,0.56,34.58,34.58,False
78_19_72～119歳_成城_1,2,黒田大介,0.16,32.80,32.8,False
78_19_72～119歳_成城_1,3,服部碧,0.25,26.36,26.36,False
78_19_72～119歳_成城_1,4,板場貴大,0.19,25.72,25.72,False
78_19_72～119歳_葛西_2,1,石井孟,0.65,36.39,36.39,False
78_19_72～119歳_葛西_2,2,前島悠也,0.42,33.19,33.19,False
78_19_72～119歳_葛西_2,3,加納聖士,0.51,31.69,31.69,False
78_19_72～119歳_葛西_2,4,織戸友宏,0.62,27.65,27.65,False
78_19_72～119歳_天王洲_3,1,星友也,0.68,36.58,36.58,False
78_19_72～119歳_天王洲_3,2,鈴木裕介,0.45,38.34,38.34,False
78_19_72～119歳_天王洲_3,3,木渕大輝,0.59,29.26,29.26,False
78_19_72～119歳_天王洲_3,4,寺田遼太,0.45,30.64,30.64,False
78_24_320～359歳_慶應日吉_1,1,小田稔,1.13,49.04,49.04,False
78_24_320～359歳_慶應日吉_1,2,田野倉和子,0.66,55.07,55.07,False
78_24_320～359歳_慶應日吉_1,3,岡本靖子,,57.29,57.29,False
78_24_320～359歳_慶應日吉_1,4,泉保央,,55.29,55.29,False
78_24_280～319歳_成城_1,1,若宮強,0.75,36.35,36.35,False
78_24_280～319歳_成城_1,2,高柳祐子,0.43,35.80,35.8,False
78_24_280～319歳_成城_1,3,吉田亮,0.7,36.71,36.71,False
78_24_280～319歳_成城_1,4,高梨美樹,0.5,38.63,38.63,False
78_24_280～319歳_二俣川_2,1,香川左近,0.88,39.81,39.81,False
78_24_280～319歳_二俣川_2,2,吉見一江,,49.60,49.6,False
78_24_280～319歳_二俣川_2,3,近藤ひな子,0.54,39.39,39.39,False
78_24_280～319歳_二俣川_2,4,冨松実,0.58,32.67,32.67,False
78_24_280～319歳_葛西_3,1,浅井速人,1.01,40.36,40.36,False
78_24_280～319歳_葛西_3,2,大内洋,0.44,43.85,43.85,False
78_24_280～319歳_葛西_3,3,青砥美智子,0.52,43.41,43.41,False
78_24_280～319歳_葛西_3,4,菅野泰子,0.34,36.79,36.79,False
78_24_280～319歳_市ヶ尾_4,1,渡辺一,0.76,34.83,34.83,False
78_24_280～319歳_市ヶ尾_4,2,嶋田陽子,0.5,43.67,43.67,False
78_24_280～319歳_市ヶ尾_4,3,原昌代,0.27,46.07,46.07,False
78_24_280～319歳_市ヶ尾_4,4,井上隆史,0.48,43.12,43.12,False
78_24_280～319歳_おおたか_5,1,松永勝,1.02,47.04,47.04,False
78_24_280～319歳_おおたか_5,2,大久保祐美子,0.34,44.23,44.23,False
78_24_280～319歳_おおたか_5,3,松永タズヨ,0.95,49.74,49.74,False
78_24_280～319歳_おおたか_5,4,手塚満,0.8,50.88,50.88,False
78_24_240～279歳_二俣川_1,1,永瀬知之,0.74,27.39,27.39,False
78_24_240～279歳_二俣川_1,2,武井麻知子,0.41,36.54,36.54,False
78_24_240～279歳_二俣川_1,3,永瀬秀子,0.37,31.96,31.96,False
78_24_240～279歳_二俣川_1,4,若島健二,0.56,34.61,34.61,False
78_24_240～279歳_慶應日吉_2,1,穴田啓樹,0.83,33.78,33.78,False
78_24_240～279歳_慶應日吉_2,2,高見沢ゆみ子,0.69,41.72,41.72,False
78_24_240～279歳_慶應日吉_2,3,田村明美,0.78,41.18,41.18,False
78_24_240～279歳_慶應日吉_2,4,岩田寛,0.49,32.58,32.58,False
78_24_240～279歳_長津田_3,1,宮本昌雄,0.79,34.47,34.47,False
78_24_240～279歳_長津田_3,2,久保とし子,0.18,44.46,44.46,False
78_24_240～279歳_長津田_3,3,原磨理,0.05,35.96,35.96,False
78_24_240～279歳_長津田_3,4,飯沼明,0.53,37.52,37.52,False
78_24_240～279歳_成城_4,1,草森理子,0.69,42.50,42.5,False
78_24_240～279歳_成城_4,2,浦田昌和,0.56,39.81,39.81,False
78_24_240～279歳_成城_4,3,安部盛博,0.74,40.83,40.83,False
78_24_240～279歳_成城_4,4,仲田久美子,0.62,33.91,33.91,False
78_24_240～279歳_八景_5,1,久保田信利,0.83,35.63,35.63,False
78_24_240～279歳_八景_5,2,座間千鶴子,0.55,42.56,42.56,False
78_24_240～279歳_八景_5,3,高梨佳代子,0.33,46.23,46.23,False
78_24_240～279歳_八景_5,4,兼森伸児,0.49,33.24,33.24,False
78_24_240～279歳_上池袋_6,1,磯村麻衣子,0.81,41.53,41.53,False
78_24_240～279歳_上池袋_6,2,廣本佳也,0.32,32.04,32.04,False
78_24_240～279歳_上池袋_6,3,古旗美鈴,0.75,47.87,47.87,False
78_24_240～279歳_上池袋_6,4,岡部浩次,0.27,43.48,43.48,False
78_24_240～279歳_上池袋_6,1,高附直樹,0.89,39.76,39.76,False
78_24_240～279歳_上池袋_6,2,大芦薫,0.5,53.72,53.72,False
78_24_240～279歳_上池袋_6,3,大橋ほづ美,,,,False
78_24_240～279歳_上池袋_6,4,小倉秀和,,,,False
78_24_200～239歳_大宮宮原_1,1,花木尚美,0.81,33.61,33.61,False
78_24_200～239歳_大宮宮原_1,2,宮川則仁,0.47,31.49,31.49,False
78_24_200～239歳_大宮宮原_1,3,若林朋子,0.5,33.95,33.95,False
78_24_200～239歳_大宮宮原_1,4,川瀬健次,0.19,27.36,27.36,False
78_24_200～239歳_二俣川_2,1,大村俊文,0.7,26.35,26.35,False
78_24_200～239歳_二俣川_2,2,野島久枝,0.45,38.61,38.61,False
78_24_200～239歳_二俣川_2,3,川村佳代子,0.49,37.57,37.57,False
78_24_200～239歳_二俣川_2,4,鶴谷学,0.33,26.01,26.01,False
78_24_200～239歳_成城_3,1,羽田浩一,0.71,30.79,30.79,False
78_24_200～239歳_成城_3,2,佐藤洋子,0.25,36.00,36.0,False
78_24_200～239歳_成城_3,3,藤田一寿,0.54,30.77,30.77,False
78_24_200～239歳_成城_3,4,佐々木彩,0.29,31.89,31.89,False
78_24_200～239歳_長津田_4,1,矢部裕之,0.77,30.73,30.73,False
78_24_200～239歳_長津田_4,2,宮林佑妃,0.86,35.85,35.85,False
78_24_200～239歳_長津田_4,3,池谷千尋,0.45,32.39,32.39,False
78_24_200～239歳_長津田_4,4,久保美由紀,0.55,40.64,40.64,False
78_24_200～239歳_府中_5,1,小松崎浩,0.91,33.63,33.63,False
78_24_200～239歳_府中_5,2,平松栄里子,0.65,45.26,45.26,False
78_24_200～239歳_府中_5,3,谷美希子,0.59,43.69,43.69,False
78_24_200～239歳_府中_5,4,竹内新,0.71,36.15,36.15,False
78_24_200～239歳_慶應日吉_6,1,田中遼太,0.74,33.31,33.31,False
78_24_200～239歳_慶應日吉_6,2,RacaruGabriela,0.62,39.88,39.88,False
78_24_200～239歳_慶應日吉_6,3,原田由美子,0.59,47.70,47.7,False
78_24_200～239歳_慶應日吉_6,4,山本勝,0.53,39.34,39.34,False
78_24_200～239歳_慶應日吉_6,1,河野悟,,,,False
78_24_200～239歳_慶應日吉_6,2,上沢絵里奈,,,,False
78_24_200～239歳_慶應日吉_6,3,井手敦子,,,,False
78_24_200～239歳_慶應日吉_6,4,松崎敏明,,,,False
78_24_160～199歳_二俣川_1,1,前田崇行,0.67,26.06,26.06,False
78_24_160～199歳_二俣川_1,2,吉池奈々,0.39,35.34,35.34,False
78_24_160～199歳_二俣川_1,3,草野茜,0.39,33.84,33.84,False
78_24_160～199歳_二俣川_1,4,前田康輔,0.36,23.95,23.95,False
78_24_160～199歳_慶應日吉_2,1,菅原啓,0.68,25.02,25.02,False
78_24_160～199歳_慶應日吉_2,2,前畑章子,0.33,33.88,33.88,False
78_24_160～199歳_慶應日吉_2,3,小豆澤和代,0.74,32.87,32.87,False
78_24_160～199歳_慶應日吉_2,4,福田雄太,0.29,28.81,28.81,False
78_24_160～199歳_南青山_3,1,友田智哲,0.73,33.55,33.55,False
78_24_160～199歳_南青山_3,2,松尾勇太,0.47,25.99,25.99,False
78_24_160～199歳_南青山_3,3,竹山睦月,0.36,30.21,30.21,False
78_24_160～199歳_南青山_3,4,山賀勝之,0.44,30.85,30.85,False
78_24_160～199歳_袖ヶ浦_4,1,畠山雅和,0.7,27.38,27.38,False
78_24_160～199歳_袖ヶ浦_4,2,加藤寿起,0.17,31.67,31.67,False
78_24_160～199歳_袖ヶ浦_4,3,櫻井理恵子,0.62,33.28,33.28,False
78_24_160～199歳_袖ヶ浦_4,4,豊島葉子,0.03,29.02,29.02,False
78_24_160～199歳_葛西_5,1,加地隆史,0.69,29.30,29.3,False
78_24_160～199歳_葛西_5,2,弭間政隆,0.43,29.09,29.09,False
78_24_160～199歳_葛西_5,3,溝井花代子,0.35,36.69,36.69,False
78_24_160～199歳_葛西_5,4,小林志穂,0.26,29.34,29.34,False
78_24_160～199歳_阿佐谷_6,1,棚網宏之,0.7,28.50,28.5,False
78_24_160～199歳_阿佐谷_6,2,棚網恵理,0.37,35.68,35.68,False
78_24_160～199歳_阿佐谷_6,3,宮百合恵,0.35,35.20,35.2,False
78_24_160～199歳_阿佐谷_6,4,和田弘太郎,0.27,25.97,25.97,False
78_24_160～199歳_長津田_7,1,藤本豊和,0.75,28.93,28.93,False
78_24_160～199歳_長津田_7,2,久保かおり,0.45,37.53,37.53,False
78_24_160～199歳_長津田_7,3,小澤有未,0.16,30.26,30.26,False
78_24_160～199歳_長津田_7,4,西野宮冬木,0.52,30.24,30.24,False
78_24_160～199歳_川崎_8,1,中込孝之,0.82,28.05,28.05,False
78_24_160～199歳_川崎_8,2,錦織佳奈子,0.39,34.72,34.72,False
78_24_160～199歳_川崎_8,3,中山翠,0.35,37.71,37.71,False
78_24_160～199歳_川崎_8,4,河野大和,0.32,27.77,27.77,False
78_24_160～199歳_桶川北本_9,1,吉川重行,0.68,27.32,27.32,False
78_24_160～199歳_桶川北本_9,2,佐藤信弘,0.54,35.61,35.61,False
78_24_160～199歳_桶川北本_9,3,梅澤亮子,0.6,32.44,32.44,False
78_24_160～199歳_桶川北本_9,4,村岡礼奈,0.59,35.07,35.07,False
78_24_160～199歳_川崎_10,1,小林弘典,0.76,29.06,29.06,False
78_24_160～199歳_川崎_10,2,土井直子,0.47,38.07,38.07,False
78_24_160～199歳_川崎_10,3,加藤慎悟,0.62,31.59,31.59,False
78_24_160～199歳_川崎_10,4,佐伯康子,0.0,35.20,35.2,False
78_24_160～199歳_谷津_11,1,温井芳浩,0.93,34.71,34.71,False
78_24_160～199歳_谷津_11,2,岡田星理,0.07,29.63,29.63,False
78_24_160～199歳_谷津_11,3,堀内浩子,0.3,47.20,47.2,False
78_24_160～199歳_谷津_11,4,石川和樹,0.31,24.18,24.18,False
78_24_160～199歳_用賀_12,1,吉田絵美,0.87,46.47,46.47,False
78_24_160～199歳_用賀_12,2,糸川永利子,0.6,41.65,41.65,False
78_24_160～199歳_用賀_12,3,亀井智貴,0.34,32.20,32.2,False
78_24_160～199歳_用賀_12,4,柄澤英也,0.12,29.77,29.77,False
78_24_160～199歳_我孫子_13,1,角南美貴,0.79,43.29,43.29,False
78_24_160～199歳_我孫子_13,2,江沢純也,0.37,28.32,28.32,False
78_24_160～199歳_我孫子_13,3,日置睦,0.75,48.80,48.8,False
78_24_160～199歳_我孫子_13,4,駒形秀一,0.15,30.24,30.24,False
78_24_160～199歳_南青山_14,1,岸田孝,1.01,41.97,41.97,False
78_24_160～199歳_南青山_14,2,皆川すみれ,0.65,34.92,34.92,False
78_24_160～199歳_南青山_14,3,芳賀加代子,0.32,35.86,35.86,False
78_24_160～199歳_南青山_14,4,藤田駿祐,0.8,40.86,40.86,False
78_24_160～199歳_南青山_14,1,中村浩司,,,,False
78_24_160～199歳_南青山_14,2,角田優佳里,,,,False
78_24_160～199歳_南青山_14,3,田中香苗,,,,False
78_24_160～199歳_南青山_14,4,武本侑己,,,,False
78_24_120～159歳_葛西_1,1,前島悠也,0.67,26.66,26.66,False
78_24_120～159歳_葛西_1,2,青木梨緒,0.18,29.23,29.23,False
78_24_120～159歳_葛西_1,3,大椛詩織,0.49,31.13,31.13,False
78_24_120～159歳_葛西_1,4,青木圭祐,0.18,24.39,24.39,False
78_24_120～159歳_南千住_2,1,村上裕哉,0.66,27.60,27.6,False
78_24_120～159歳_南千住_2,2,宮川航,0.2,26.99,26.99,False
78_24_120～159歳_南千住_2,3,真如美優,0.35,31.29,31.29,False
78_24_120～159歳_南千住_2,4,吉田のばら,0.37,30.09,30.09,False
78_24_120～159歳_長津田_3,1,村田雅治,0.66,27.03,27.03,False
78_24_120～159歳_長津田_3,2,竹下翔,0.38,30.24,30.24,False
78_24_120～159歳_長津田_3,3,川北恵,0.26,29.02,29.02,False
78_24_120～159歳_長津田_3,4,吉村華余,0.47,29.72,29.72,False
78_24_120～159歳_成城_4,1,板場貴大,0.64,25.37,25.37,False
78_24_120～159歳_成城_4,2,中畑眸,0.52,31.28,31.28,False
78_24_120～159歳_成城_4,3,岩田愛恵,0.4,32.67,32.67,False
78_24_120～159歳_成城_4,4,柿沼龍史,0.44,26.82,26.82,False
78_24_120～159歳_二俣川_5,1,田中啓二朗,0.62,26.23,26.23,False
78_24_120～159歳_二俣川_5,2,竹下菜々美,0.34,30.08,30.08,False
78_24_120～159歳_二俣川_5,3,前田由希映,0.46,35.95,35.95,False
78_24_120～159歳_二俣川_5,4,田中壮一郎,0.26,26.01,26.01,False
78_24_120～159歳_大宮宮原_6,1,皆川雅登,0.77,31.02,31.02,False
78_24_120～159歳_大宮宮原_6,2,櫻井春佳,0.53,31.67,31.67,False
78_24_120～159歳_大宮宮原_6,3,松澤春菜,0.7,32.25,32.25,False
78_24_120～159歳_大宮宮原_6,4,岡内昭伍,0.1,26.39,26.39,False
78_24_120～159歳_茂原_7,1,山本和巳,0.72,35.59,35.59,False
78_24_120～159歳_茂原_7,2,岡澤美咲,0.28,35.20,35.2,False
78_24_120～159歳_茂原_7,3,岡澤志織,0.41,30.30,30.3,False
78_24_120～159歳_茂原_7,4,神戸優悠希,0.29,24.90,24.9,False
78_24_120～159歳_平塚_8,1,比留川美緒,0.72,37.69,37.69,False
78_24_120～159歳_平塚_8,2,土屋大貴,0.27,26.51,26.51,False
78_24_120～159歳_平塚_8,3,長谷川輝,0.41,32.57,32.57,False
78_24_120～159歳_平塚_8,4,木田景子,0.1,31.50,31.5,False
78_24_72～119歳_成城_1,1,服部碧,0.67,25.18,25.18,False
78_24_72～119歳_成城_1,2,仲田笑美,0.28,30.46,30.46,False
78_24_72～119歳_成城_1,3,丸玖瑠都,0.36,31.17,31.17,False
78_24_72～119歳_成城_1,4,黒田大介,0.05,26.19,26.19,False
78_24_72～119歳_長津田_2,1,村田拓斗,0.67,25.36,25.36,False
78_24_72～119歳_長津田_2,2,花井一也,0.25,27.47,27.47,False
78_24_72～119歳_長津田_2,3,高橋紗良,0.39,29.91,29.91,False
78_24_72～119歳_長津田_2,4,森谷麻貴,0.37,33.76,33.76,False
78_24_72～119歳_清瀬_3,1,西沢歩,0.69,27.53,27.53,False
78_24_72～119歳_清瀬_3,2,大黒明日香,0.3,33.40,33.4,False
78_24_72～119歳_清瀬_3,3,梶井美杏,0.25,29.75,29.75,False
78_24_72～119歳_清瀬_3,4,今里昂哉,0.36,26.83,26.83,False
