ID,回,水路,タイプ,競技名,競技性別,年齢区分,大会記録,日本記録,世界記録
1,80,長水路,個人,50m自由形,女子,18～24歳,28.03,26.65,記録なし
2,80,長水路,個人,50m自由形,女子,25～29歳,27.43,26.27,25.37
3,80,長水路,個人,50m自由形,女子,30～34歳,26.42,26.41,25.33
4,80,長水路,個人,50m自由形,女子,35～39歳,28.87,26.74,25.58
5,80,長水路,個人,50m自由形,女子,40～44歳,29.16,26.95,26.44
6,80,長水路,個人,50m自由形,女子,45～49歳,29.51,27.78,26.07
7,80,長水路,個人,50m自由形,女子,50～54歳,29.26,28.25,27.09
8,80,長水路,個人,50m自由形,女子,55～59歳,31.18,29,27.86
9,80,長水路,個人,50m自由形,女子,60～64歳,32.38,30.31,28.84
10,80,長水路,個人,50m自由形,女子,65～69歳,35.41,32.46,29.1
11,80,長水路,個人,50m自由形,女子,70～74歳,37.31,33.61,30.73
12,80,長水路,個人,50m自由形,女子,75～79歳,40.6,35.25,32.96
13,80,長水路,個人,50m自由形,女子,80～84歳,41.4,36.61,36.61
14,80,長水路,個人,50m自由形,女子,85～89歳,44.13,38.89,38.89
15,80,長水路,個人,50m自由形,女子,90～94歳,1:08.70,51.68,45.44
16,80,長水路,個人,50m自由形,男子,18～24歳,22.8,22.76,記録なし
17,80,長水路,個人,50m自由形,男子,25～29歳,23.01,22.52,22.3
18,80,長水路,個人,50m自由形,男子,30～34歳,24.54,22.95,22.13
19,80,長水路,個人,50m自由形,男子,35～39歳,24.83,23.2,22.4
20,80,長水路,個人,50m自由形,男子,40～44歳,25.23,23.25,23.14
21,80,長水路,個人,50m自由形,男子,45～49歳,25.69,23.55,23.55
22,80,長水路,個人,50m自由形,男子,50～54歳,25.7,23.67,23.67
23,80,長水路,個人,50m自由形,男子,55～59歳,26.96,24.45,24.45
24,80,長水路,個人,50m自由形,男子,60～64歳,27.13,26.66,24.82
25,80,長水路,個人,50m自由形,男子,65～69歳,28.14,26.19,26.19
26,80,長水路,個人,50m自由形,男子,70～74歳,29.64,28.58,27.12
27,80,長水路,個人,50m自由形,男子,75～79歳,30.61,29.9,28.49
28,80,長水路,個人,50m自由形,男子,80～84歳,36.52,31.23,31.23
29,80,長水路,個人,50m自由形,男子,85～89歳,43.41,33.74,33.74
30,80,長水路,個人,50m自由形,男子,90～94歳,52.43,40.89,38.64
31,80,長水路,個人,100m自由形,女子,18～24歳,1:01.56,58.37,記録なし
32,80,長水路,個人,100m自由形,女子,25～29歳,1:00.50,57.89,56.96
33,80,長水路,個人,100m自由形,女子,30～34歳,1:03.35,57.76,55.24
34,80,長水路,個人,100m自由形,女子,35～39歳,1:03.35,57.77,57.24
35,80,長水路,個人,100m自由形,女子,40～44歳,1:06.24,1:01.38,58.04
36,80,長水路,個人,100m自由形,女子,45～49歳,1:07.87,1:03.08,57.4
37,80,長水路,個人,100m自由形,女子,50～54歳,1:06.25,1:02.94,1:00.40
38,80,長水路,個人,100m自由形,女子,55～59歳,1:10.06,1:05.21,1:01.87
39,80,長水路,個人,100m自由形,女子,60～64歳,1:11.31,1:07.47,1:03.70
40,80,長水路,個人,100m自由形,女子,65～69歳,1:18.83,1:13.05,1:04.89
41,80,長水路,個人,100m自由形,女子,70～74歳,1:21.82,1:14.28,1:06.68
42,80,長水路,個人,100m自由形,女子,75～79歳,1:36.96,1:19.71,1:13.13
43,80,長水路,個人,100m自由形,女子,80～84歳,1:38.81,1:23.16,1:23.16
44,80,長水路,個人,100m自由形,女子,85～89歳,1:45.73,1:27.42,1:27.42
45,80,長水路,個人,100m自由形,男子,18～24歳,52.11,50.7,記録なし
46,80,長水路,個人,100m自由形,男子,25～29歳,52.13,50.75,48.72
47,80,長水路,個人,100m自由形,男子,30～34歳,53.9,51.34,49.8
48,80,長水路,個人,100m自由形,男子,35～39歳,53.85,50.78,50.55
49,80,長水路,個人,100m自由形,男子,40～44歳,56.2,51.21,50.73
50,80,長水路,個人,100m自由形,男子,45～49歳,56.53,52.24,52.24
51,80,長水路,個人,100m自由形,男子,50～54歳,58.64,53.04,53.04
52,80,長水路,個人,100m自由形,男子,55～59歳,1:02.48,57.52,55.76
53,80,長水路,個人,100m自由形,男子,60～64歳,1:04.30,1:00.33,57.39
54,80,長水路,個人,100m自由形,男子,65～69歳,1:05.19,1:02.14,59.49
55,80,長水路,個人,100m自由形,男子,70～74歳,1:11.50,1:03.17,1:02.80
56,80,長水路,個人,100m自由形,男子,75～79歳,1:13.93,1:06.40,1:06.40
57,80,長水路,個人,100m自由形,男子,85～89歳,1:37.90,1:22.25,1:22.25
58,80,長水路,個人,200m自由形,女子,18～24歳,2:16.87,2:04.32,記録なし
59,80,長水路,個人,200m自由形,女子,25～29歳,2:20.67,2:06.81,2:02.06
60,80,長水路,個人,200m自由形,女子,30～34歳,2:20.79,2:04.62,2:02.35
61,80,長水路,個人,200m自由形,女子,35～39歳,2:17.30,2:07.99,2:05.38
62,80,長水路,個人,200m自由形,女子,40～44歳,2:31.64,2:08.42,2:08.42
63,80,長水路,個人,200m自由形,女子,45～49歳,2:31.07,2:17.82,2:10.09
64,80,長水路,個人,200m自由形,女子,50～54歳,2:27.87,2:21.98,2:11.40
65,80,長水路,個人,200m自由形,女子,55～59歳,2:31.44,2:26.85,2:16.28
66,80,長水路,個人,200m自由形,女子,60～64歳,2:35.22,2:31.90,2:16.57
67,80,長水路,個人,200m自由形,女子,65～69歳,2:54.20,2:42.36,2:25.29
68,80,長水路,個人,200m自由形,女子,70～74歳,2:58.84,2:49.80,2:29.56
69,80,長水路,個人,200m自由形,女子,75～79歳,3:32.08,2:54.26,2:47.46
70,80,長水路,個人,200m自由形,女子,80～84歳,3:47.95,3:05.95,3:05.95
71,80,長水路,個人,200m自由形,男子,18～24歳,1:55.00,1:50.21,記録なし
72,80,長水路,個人,200m自由形,男子,25～29歳,2:02.30,1:51.62,1:50.76
73,80,長水路,個人,200m自由形,男子,30～34歳,2:03.39,1:54.32,1:49.56
74,80,長水路,個人,200m自由形,男子,35～39歳,2:03.40,1:51.84,1:51.84
75,80,長水路,個人,200m自由形,男子,40～44歳,2:06.87,1:59.07,1:53.65
76,80,長水路,個人,200m自由形,男子,45～49歳,2:07.04,1:58.36,1:55.39
77,80,長水路,個人,200m自由形,男子,50～54歳,2:14.24,1:59.87,1:58.62
78,80,長水路,個人,200m自由形,男子,55～59歳,2:19.70,2:07.50,2:02.91
79,80,長水路,個人,200m自由形,男子,60～64歳,2:27.29,2:17.26,2:07.68
80,80,長水路,個人,200m自由形,男子,65～69歳,2:26.86,2:19.96,2:09.39
81,80,長水路,個人,200m自由形,男子,70～74歳,2:33.71,2:22.88,2:16.51
82,80,長水路,個人,200m自由形,男子,75～79歳,2:51.26,2:33.87,2:25.66
83,80,長水路,個人,200m自由形,男子,85～89歳,3:35.53,3:10.33,3:03.50
84,80,長水路,個人,50mバタフライ,女子,18～24歳,29.34,27.43,記録なし
85,80,長水路,個人,50mバタフライ,女子,25～29歳,29.89,26.32,26.32
86,80,長水路,個人,50mバタフライ,女子,30～34歳,30.33,27.74,26.8
87,80,長水路,個人,50mバタフライ,女子,35～39歳,30.94,28.63,27.46
88,80,長水路,個人,50mバタフライ,女子,40～44歳,30.58,28.75,28.24
89,80,長水路,個人,50mバタフライ,女子,45～49歳,32.13,29.22,28.4
90,80,長水路,個人,50mバタフライ,女子,50～54歳,31.11,30.26,29.08
91,80,長水路,個人,50mバタフライ,女子,55～59歳,33.29,31.61,30.05
92,80,長水路,個人,50mバタフライ,女子,60～64歳,34.72,33.25,29.9
93,80,長水路,個人,50mバタフライ,女子,65～69歳,41.95,35.19,32.36
94,80,長水路,個人,50mバタフライ,女子,70～74歳,42.13,37.5,34.37
95,80,長水路,個人,50mバタフライ,女子,75～79歳,44.31,41.54,36.47
96,80,長水路,個人,50mバタフライ,女子,80～84歳,58.81,49.85,42.79
97,80,長水路,個人,50mバタフライ,男子,18～24歳,24.03,24.03,記録なし
98,80,長水路,個人,50mバタフライ,男子,25～29歳,24.27,24.01,23.15
99,80,長水路,個人,50mバタフライ,男子,30～34歳,25.53,24.16,23.16
100,80,長水路,個人,50mバタフライ,男子,35～39歳,26.19,24.09,23.74
101,80,長水路,個人,50mバタフライ,男子,40～44歳,26.51,24.3,23.72
102,80,長水路,個人,50mバタフライ,男子,45～49歳,27.49,25.26,23.15
103,80,長水路,個人,50mバタフライ,男子,50～54歳,27,25.73,25.53
104,80,長水路,個人,50mバタフライ,男子,55～59歳,29.98,27.02,26.08
105,80,長水路,個人,50mバタフライ,男子,60～64歳,30.63,29.18,27.23
106,80,長水路,個人,50mバタフライ,男子,65～69歳,32.79,29.99,28.14
107,80,長水路,個人,50mバタフライ,男子,70～74歳,33.85,31.43,29.69
108,80,長水路,個人,50mバタフライ,男子,75～79歳,36.73,32.61,31.75
109,80,長水路,個人,50mバタフライ,男子,80～84歳,46.24,34.75,34.39
110,80,長水路,個人,50m背泳ぎ,女子,18～24歳,31.94,30.35,記録なし
111,80,長水路,個人,50m背泳ぎ,女子,30～34歳,32.95,28.86,28.57
112,80,長水路,個人,50m背泳ぎ,女子,35～39歳,34.03,29.73,28.63
113,80,長水路,個人,50m背泳ぎ,女子,40～44歳,34,31.04,29.62
114,80,長水路,個人,50m背泳ぎ,女子,45～49歳,34.69,31.38,31.02
115,80,長水路,個人,50m背泳ぎ,女子,50～54歳,32.51,32.51,31.59
116,80,長水路,個人,50m背泳ぎ,女子,55～59歳,35.76,33.6,31.99
117,80,長水路,個人,50m背泳ぎ,女子,60～64歳,36.26,34.32,32.68
118,80,長水路,個人,50m背泳ぎ,女子,65～69歳,43.31,37.54,33.59
119,80,長水路,個人,50m背泳ぎ,女子,70～74歳,45.18,39.67,34.65
120,80,長水路,個人,50m背泳ぎ,女子,75～79歳,48,40.56,38.17
121,80,長水路,個人,50m背泳ぎ,女子,80～84歳,52.86,43.04,43.04
122,80,長水路,個人,50m背泳ぎ,女子,85～89歳,59.14,46.25,46.25
123,80,長水路,個人,50m背泳ぎ,女子,90～94歳,1:30.73,1:02.76,53.25
124,80,長水路,個人,50m背泳ぎ,男子,18～24歳,27.77,26.29,記録なし
125,80,長水路,個人,50m背泳ぎ,男子,25～29歳,26.58,25.94,25.44
126,80,長水路,個人,50m背泳ぎ,男子,30～34歳,27.19,26.08,25.53
127,80,長水路,個人,50m背泳ぎ,男子,35～39歳,28.14,26.27,25.76
128,80,長水路,個人,50m背泳ぎ,男子,40～44歳,28.54,27.17,27.1
129,80,長水路,個人,50m背泳ぎ,男子,45～49歳,28.31,27.55,27.35
130,80,長水路,個人,50m背泳ぎ,男子,50～54歳,30.18,28.66,28.2
131,80,長水路,個人,50m背泳ぎ,男子,55～59歳,33.15,30.09,28.54
132,80,長水路,個人,50m背泳ぎ,男子,60～64歳,34.85,31.38,29.77
133,80,長水路,個人,50m背泳ぎ,男子,65～69歳,38.09,33.24,30.95
134,80,長水路,個人,50m背泳ぎ,男子,70～74歳,39.43,35.83,32.27
135,80,長水路,個人,50m背泳ぎ,男子,75～79歳,41.77,36.38,34.45
136,80,長水路,個人,50m背泳ぎ,男子,80～84歳,42.72,38.16,36.83
137,80,長水路,個人,50m背泳ぎ,男子,85～89歳,59.59,39.89,39.89
138,80,長水路,個人,50m平泳ぎ,女子,18～24歳,34.89,32.57,記録なし
139,80,長水路,個人,50m平泳ぎ,女子,25～29歳,35.52,31.89,31.6
140,80,長水路,個人,50m平泳ぎ,女子,30～34歳,37.51,32.42,32.22
141,80,長水路,個人,50m平泳ぎ,女子,35～39歳,37.84,33.04,31.35
142,80,長水路,個人,50m平泳ぎ,女子,40～44歳,38.52,35.05,31.48
143,80,長水路,個人,50m平泳ぎ,女子,45～49歳,36.63,35.34,32.47
144,80,長水路,個人,50m平泳ぎ,女子,50～54歳,39.33,37.22,34.18
145,80,長水路,個人,50m平泳ぎ,女子,55～59歳,40,37.52,35.37
146,80,長水路,個人,50m平泳ぎ,女子,60～64歳,43.45,37.9,37.43
147,80,長水路,個人,50m平泳ぎ,女子,65～69歳,45.59,41.03,39.75
148,80,長水路,個人,50m平泳ぎ,女子,70～74歳,46.76,42.98,41.67
149,80,長水路,個人,50m平泳ぎ,女子,75～79歳,50.87,43.95,43.95
150,80,長水路,個人,50m平泳ぎ,女子,80～84歳,58.72,47.59,46.94
151,80,長水路,個人,50m平泳ぎ,男子,18～24歳,29.28,27.94,記録なし
152,80,長水路,個人,50m平泳ぎ,男子,25～29歳,28.02,27.49,27.21
153,80,長水路,個人,50m平泳ぎ,男子,30～34歳,28.35,27.67,27.67
154,80,長水路,個人,50m平泳ぎ,男子,35～39歳,29.87,27.83,27.83
155,80,長水路,個人,50m平泳ぎ,男子,40～44歳,29.86,28.79,28.39
156,80,長水路,個人,50m平泳ぎ,男子,45～49歳,30.11,29.22,29.22
157,80,長水路,個人,50m平泳ぎ,男子,50～54歳,30.56,29.7,29.23
158,80,長水路,個人,50m平泳ぎ,男子,55～59歳,33.14,31.36,30.02
159,80,長水路,個人,50m平泳ぎ,男子,60～64歳,33.14,33.1,30.57
160,80,長水路,個人,50m平泳ぎ,男子,65～69歳,39.36,33.05,33.05
161,80,長水路,個人,50m平泳ぎ,男子,70～74歳,40.37,36.42,34.69
162,80,長水路,個人,50m平泳ぎ,男子,75～79歳,42.47,38.01,37.05
163,80,長水路,個人,50m平泳ぎ,男子,80～84歳,49.32,41.68,41.68
164,80,長水路,個人,200m個人メドレー,女子,18～24歳,2:28.28,2:23.20,記録なし
165,80,長水路,個人,200m個人メドレー,女子,30～34歳,2:27.06,2:19.28,2:13.89
166,80,長水路,個人,200m個人メドレー,女子,35～39歳,2:39.83,2:21.47,2:19.59
167,80,長水路,個人,200m個人メドレー,女子,40～44歳,2:44.54,2:20.73,2:20.73
168,80,長水路,個人,200m個人メドレー,女子,45～49歳,2:49.83,2:32.81,2:21.37
169,80,長水路,個人,200m個人メドレー,女子,50～54歳,2:46.75,2:39.26,2:31.02
170,80,長水路,個人,200m個人メドレー,女子,55～59歳,2:51.38,2:48.01,2:31.51
171,80,長水路,個人,200m個人メドレー,女子,60～64歳,3:08.52,2:57.05,2:32.30
172,80,長水路,個人,200m個人メドレー,女子,65～69歳,3:33.12,3:01.66,2:51.52
173,80,長水路,個人,200m個人メドレー,女子,70～74歳,3:27.63,3:13.19,3:00.96
174,80,長水路,個人,200m個人メドレー,女子,75～79歳,3:57.19,3:32.94,3:14.64
175,80,長水路,個人,200m個人メドレー,女子,80～84歳,4:39.50,4:07.83,3:47.11
176,80,長水路,個人,200m個人メドレー,男子,18～24歳,2:08.80,2:04.90,記録なし
177,80,長水路,個人,200m個人メドレー,男子,25～29歳,2:10.44,2:04.29,2:03.62
178,80,長水路,個人,200m個人メドレー,男子,30～34歳,2:17.41,2:07.47,2:02.18
179,80,長水路,個人,200m個人メドレー,男子,35～39歳,2:17.09,2:07.60,2:05.65
180,80,長水路,個人,200m個人メドレー,男子,40～44歳,2:20.44,2:13.76,2:08.63
181,80,長水路,個人,200m個人メドレー,男子,45～49歳,2:19.57,2:16.02,2:10.09
182,80,長水路,個人,200m個人メドレー,男子,50～54歳,2:32.41,2:20.54,2:11.15
183,80,長水路,個人,200m個人メドレー,男子,55～59歳,2:36.80,2:26.24,2:19.03
184,80,長水路,個人,200m個人メドレー,男子,60～64歳,2:39.43,2:29.47,2:21.99
185,80,長水路,個人,200m個人メドレー,男子,65～69歳,2:48.85,2:39.75,2:25.22
186,80,長水路,個人,200m個人メドレー,男子,70～74歳,2:53.07,2:49.11,2:35.97
187,80,長水路,個人,200m個人メドレー,男子,75～79歳,3:25.77,3:09.33,2:53.12
188,80,長水路,個人,200m個人メドレー,男子,80～84歳,記録なし,3:18.88,3:14.38
189,80,長水路,チーム,4×50mフリーリレー,混合,72～119歳,1:45.10,1:41.21,1:38.19
190,80,長水路,チーム,4×50mフリーリレー,混合,120～159歳,1:49.82,1:41.74,1:40.14
191,80,長水路,チーム,4×50mフリーリレー,混合,160～199歳,1:54.40,1:44.31,1:42.27
192,80,長水路,チーム,4×50mフリーリレー,混合,200～239歳,1:56.75,1:49.36,1:44.96
193,80,長水路,チーム,4×50mフリーリレー,混合,240～279歳,2:01.69,1:55.76,1:52.20
194,80,長水路,チーム,4×50mフリーリレー,混合,280～319歳,2:24.46,2:11.09,2:01.22
195,80,長水路,チーム,4×50mフリーリレー,混合,320～359歳,3:07.41,2:33.91,2:33.44
196,80,長水路,チーム,4×50mフリーリレー,女子,72～119歳,1:57.97,1:48.39,1:48.16
197,80,長水路,チーム,4×50mフリーリレー,女子,160～199歳,2:05.08,1:54.99,1:48.44
198,80,長水路,チーム,4×50mフリーリレー,女子,200～239歳,2:09.81,1:58.55,1:54.10
199,80,長水路,チーム,4×50mフリーリレー,女子,240～279歳,2:18.66,2:06.89,記録なし
200,80,長水路,チーム,4×50mフリーリレー,女子,240～279歳,2:18.66,2:06.89,2:00.75
201,80,長水路,チーム,4×50mフリーリレー,女子,280～319歳,2:45.72,2:23.39,2:14.99
202,80,長水路,チーム,4×50mフリーリレー,女子,320～359歳,3:16.24,2:52.72,2:52.72
203,80,長水路,チーム,4×50mフリーリレー,男子,72～119歳,1:40.19,1:33.32,記録なし
204,80,長水路,チーム,4×50mフリーリレー,男子,120～159歳,1:41.73,1:33.07,1:31.94
205,80,長水路,チーム,4×50mフリーリレー,男子,160～199歳,1:41.69,1:35.58,1:34.92
206,80,長水路,チーム,4×50mフリーリレー,男子,200～239歳,1:46.48,1:42.21,1:38.24
207,80,長水路,チーム,4×50mフリーリレー,男子,240～279歳,1:53.10,1:50.33,記録なし
208,80,長水路,チーム,4×50mフリーリレー,男子,280～319歳,2:18.54,2:02.04,1:53.43
209,80,長水路,チーム,4×100mフリーリレー,女子,120～159歳,4:35.52,4:07.62,記録なし
210,80,長水路,チーム,4×100mフリーリレー,女子,160～199歳,4:36.81,4:19.20,4:06.90
211,80,長水路,チーム,4×100mフリーリレー,女子,200～239歳,5:18.59,4:29.24,記録なし
212,80,長水路,チーム,4×100mフリーリレー,女子,240～279歳,5:25.14,4:44.65,4:36.74
213,80,長水路,チーム,4×100mフリーリレー,男子,120～159歳,3:39.10,3:32.50,記録なし
214,80,長水路,チーム,4×100mフリーリレー,男子,160～199歳,3:49.44,3:39.17,3:36.99
215,80,長水路,チーム,4×100mフリーリレー,男子,200～239歳,4:07.60,3:50.69,記録なし
216,80,長水路,チーム,4×100mフリーリレー,男子,240～279歳,4:55.69,4:14.03,3:59.86
217,80,長水路,チーム,4×50mメドレーリレー,混合,72～119歳,2:00.62,1:48.98,1:47.29
218,80,長水路,チーム,4×50mメドレーリレー,混合,120～159歳,2:01.01,1:49.90,記録なし
219,80,長水路,チーム,4×50mメドレーリレー,混合,160～199歳,2:07.28,1:55.11,記録なし
220,80,長水路,チーム,4×50mメドレーリレー,混合,160～199歳,2:07.28,1:55.11,1:53.25
221,80,長水路,チーム,4×50mメドレーリレー,混合,200～239歳,2:08.68,1:59.83,1:57.86
222,80,長水路,チーム,4×50mメドレーリレー,混合,240～279歳,2:13.81,2:06.31,記録なし
223,80,長水路,チーム,4×50mメドレーリレー,混合,280～319歳,2:48.17,2:26.90,2:19.17
224,80,長水路,チーム,4×50mメドレーリレー,女子,120～159歳,2:13.80,1:58.93,1:58.93
225,80,長水路,チーム,4×50mメドレーリレー,女子,160～199歳,2:15.71,2:06.69,記録なし
226,80,長水路,チーム,4×50mメドレーリレー,女子,160～199歳,2:15.71,2:06.69,2:02.92
227,80,長水路,チーム,4×50mメドレーリレー,女子,200～239歳,2:20.02,2:09.33,2:08.87
228,80,長水路,チーム,4×50mメドレーリレー,女子,240～279歳,2:34.86,2:20.03,記録なし
229,80,長水路,チーム,4×50mメドレーリレー,女子,280～319歳,3:04.43,2:43.32,2:34.78
230,80,長水路,チーム,4×50mメドレーリレー,女子,320～359歳,4:11.16,3:23.94,3:23.94
231,80,長水路,チーム,4×50mメドレーリレー,男子,120～159歳,1:52.11,1:42.09,記録なし
232,80,長水路,チーム,4×50mメドレーリレー,男子,120～159歳,1:52.11,1:42.09,1:42.00
233,80,長水路,チーム,4×50mメドレーリレー,男子,160～199歳,1:51.00,1:44.30,記録なし
234,80,長水路,チーム,4×50mメドレーリレー,男子,160～199歳,1:51.00,1:44.30,1:44.93
235,80,長水路,チーム,4×50mメドレーリレー,男子,200～239歳,1:56.72,1:52.57,1:50.83
236,80,長水路,チーム,4×50mメドレーリレー,男子,240～279歳,2:03.13,2:02.05,1:57.46
237,80,長水路,チーム,4×50mメドレーリレー,男子,280～319歳,2:35.20,2:17.91,2:07.03
238,80,長水路,チーム,4×100mメドレーリレー,女子,160～199歳,5:17.33,4:42.46,記録なし
239,80,長水路,チーム,4×100mメドレーリレー,女子,200～239歳,5:42.41,5:04.80,4:54.41
240,80,長水路,チーム,4×100mメドレーリレー,女子,240～279歳,6:14.42,5:18.90,5:18.90
241,80,長水路,チーム,4×100mメドレーリレー,男子,72～119歳,3:59.80,3:46.80,3:46.80
242,80,長水路,チーム,4×100mメドレーリレー,男子,120～159歳,4:06.23,3:47.54,記録なし
243,80,長水路,チーム,4×100mメドレーリレー,男子,200～239歳,4:43.82,4:13.53,4:13.53
244,80,長水路,チーム,4×100mメドレーリレー,男子,240～279歳,4:48.79,4:45.02,4:32.15
