ID,回,年,月,日,水路,タイプ,レース番号,競技名,競技性別,リレー年齢区分,リレー実年齢合計,リレータイム,リレー大会新差,リレー泳順,個人年齢区分,順位,選手名,性別,チーム名,個人タイム,個人大会新差,飛込タイム,LAPタイム,個人得点,チーム得点,申請タイム,ぴったり賞,大会新,大会記録,日本記録,世界記録,レーン
1,80,2026,5,2,長水路,チーム,3,4×50mフリーリレー,女子,320～359歳,321,3:23.06,,1,,1,内田良子,,セ・用賀,48.52,,,,,,,,,3:16.24,2:52.72,2:52.72,1/8
2,80,2026,5,2,長水路,チーム,3,4×50mフリーリレー,女子,320～359歳,321,3:23.06,,2,,1,舘野圭子,,セ・用賀,55.29,,,,,,,,,3:16.24,2:52.72,2:52.72,1/8
3,80,2026,5,2,長水路,チーム,3,4×50mフリーリレー,女子,320～359歳,321,3:23.06,,3,,1,崎山治子,,セ・用賀,51.15,,,,,,,,,3:16.24,2:52.72,2:52.72,1/8
4,80,2026,5,2,長水路,チーム,3,4×50mフリーリレー,女子,320～359歳,321,3:23.06,,4,,1,佐藤由利子,,セ・用賀,48.10,,,,,,,,,3:16.24,2:52.72,2:52.72,1/8
5,80,2026,5,2,長水路,チーム,3,4×50mフリーリレー,女子,280～319歳,302,3:25.57,,1,,1,梅田栄己子,,セ・天王洲,46.18,,,,,,,,,2:45.72,2:23.39,2:14.99,1/2
6,80,2026,5,2,長水路,チーム,3,4×50mフリーリレー,女子,280～319歳,302,3:25.57,,2,,1,長谷川節子,,セ・天王洲,53.86,,,,,,,,,2:45.72,2:23.39,2:14.99,1/2
7,80,2026,5,2,長水路,チーム,3,4×50mフリーリレー,女子,280～319歳,302,3:25.57,,3,,1,平田美佐子,,セ・天王洲,1:01.85,,,,,,,,,2:45.72,2:23.39,2:14.99,1/2
8,80,2026,5,2,長水路,チーム,3,4×50mフリーリレー,女子,280～319歳,302,3:25.57,,4,,1,櫻田琴,,セ・天王洲,43.68,,,,,,,,,2:45.72,2:23.39,2:14.99,1/2
9,80,2026,5,2,長水路,チーム,3,4×50mフリーリレー,女子,280～319歳,285,3:27.33,,1,,2,池淵玲子,,セ・慶應日吉,55.42,,,,,,,,,2:45.72,2:23.39,2:14.99,1/3
10,80,2026,5,2,長水路,チーム,3,4×50mフリーリレー,女子,280～319歳,285,3:27.33,,2,,2,田野倉和子,,セ・慶應日吉,54.36,,,,,,,,,2:45.72,2:23.39,2:14.99,1/3
11,80,2026,5,2,長水路,チーム,3,4×50mフリーリレー,女子,280～319歳,285,3:27.33,,3,,2,戸倉陽子,,セ・慶應日吉,53.34,,,,,,,,,2:45.72,2:23.39,2:14.99,1/3
12,80,2026,5,2,長水路,チーム,3,4×50mフリーリレー,女子,280～319歳,285,3:27.33,,4,,2,中野朗子,,セ・慶應日吉,44.21,,,,,,,,,2:45.72,2:23.39,2:14.99,1/3
13,80,2026,5,2,長水路,チーム,3,4×50mフリーリレー,女子,280～319歳,284,3:37.99,,1,,3,小高和子,,セ・桶川北本,1:04.23,,,,,,,,,2:45.72,2:23.39,2:14.99,1/9
14,80,2026,5,2,長水路,チーム,3,4×50mフリーリレー,女子,280～319歳,284,3:37.99,,2,,3,岡田啓子,,セ・桶川北本,52.21,,,,,,,,,2:45.72,2:23.39,2:14.99,1/9
15,80,2026,5,2,長水路,チーム,3,4×50mフリーリレー,女子,280～319歳,284,3:37.99,,3,,3,池長幸子,,セ・桶川北本,53.93,,,,,,,,,2:45.72,2:23.39,2:14.99,1/9
16,80,2026,5,2,長水路,チーム,3,4×50mフリーリレー,女子,280～319歳,284,3:37.99,,4,,3,須田菜奈子,,セ・桶川北本,47.62,,,,,,,,,2:45.72,2:23.39,2:14.99,1/9
17,80,2026,5,2,長水路,チーム,3,4×50mフリーリレー,女子,240～279歳,258,2:28.43,,1,,1,永瀬秀子,,セ・二俣川,32.36,,,,,,,,,2:18.66,2:06.89,2:00.75,2/8
18,80,2026,5,2,長水路,チーム,3,4×50mフリーリレー,女子,240～279歳,258,2:28.43,,2,,1,盛田真規子,,セ・二俣川,40.78,,,,,,,,,2:18.66,2:06.89,2:00.75,2/8
19,80,2026,5,2,長水路,チーム,3,4×50mフリーリレー,女子,240～279歳,258,2:28.43,,3,,1,近藤ひな子,,セ・二俣川,39.38,,,,,,,,,2:18.66,2:06.89,2:00.75,2/8
20,80,2026,5,2,長水路,チーム,3,4×50mフリーリレー,女子,240～279歳,258,2:28.43,,4,,1,松川律子,,セ・二俣川,35.91,,,,,,,,,2:18.66,2:06.89,2:00.75,2/8
21,80,2026,5,2,長水路,チーム,3,4×50mフリーリレー,女子,240～279歳,245,2:41.16,,1,,2,五十嵐知佐,,セ・おおたか,36.67,,,,,,,,,2:18.66,2:06.89,2:00.75,1/5
22,80,2026,5,2,長水路,チーム,3,4×50mフリーリレー,女子,240～279歳,245,2:41.16,,2,,2,岡村悦子,,セ・おおたか,43.68,,,,,,,,,2:18.66,2:06.89,2:00.75,1/5
23,80,2026,5,2,長水路,チーム,3,4×50mフリーリレー,女子,240～279歳,245,2:41.16,,3,,2,高木保子,,セ・おおたか,46.24,,,,,,,,,2:18.66,2:06.89,2:00.75,1/5
24,80,2026,5,2,長水路,チーム,3,4×50mフリーリレー,女子,240～279歳,245,2:41.16,,4,,2,中村可奈子,,セ・おおたか,34.57,,,,,,,,,2:18.66,2:06.89,2:00.75,1/5
25,80,2026,5,2,長水路,チーム,3,4×50mフリーリレー,女子,240～279歳,251,2:53.14,,1,,3,岩本亜弓,,セ・慶應日吉,41.88,,,,,,,,,2:18.66,2:06.89,2:00.75,1/6
26,80,2026,5,2,長水路,チーム,3,4×50mフリーリレー,女子,240～279歳,251,2:53.14,,2,,3,竹原君枝,,セ・慶應日吉,52.40,,,,,,,,,2:18.66,2:06.89,2:00.75,1/6
27,80,2026,5,2,長水路,チーム,3,4×50mフリーリレー,女子,240～279歳,251,2:53.14,,3,,3,原田由美子,,セ・慶應日吉,48.60,,,,,,,,,2:18.66,2:06.89,2:00.75,1/6
28,80,2026,5,2,長水路,チーム,3,4×50mフリーリレー,女子,240～279歳,251,2:53.14,,4,,3,宮本八重,,セ・慶應日吉,30.26,,,,,,,,,2:18.66,2:06.89,2:00.75,1/6
29,80,2026,5,2,長水路,チーム,3,4×50mフリーリレー,女子,240～279歳,247,3:05.49,,1,,4,于亜芝,,セ・南千住,57.29,,,,,,,,,2:18.66,2:06.89,2:00.75,1/7
30,80,2026,5,2,長水路,チーム,3,4×50mフリーリレー,女子,240～279歳,247,3:05.49,,2,,4,星野典子,,セ・南千住,46.22,,,,,,,,,2:18.66,2:06.89,2:00.75,1/7
31,80,2026,5,2,長水路,チーム,3,4×50mフリーリレー,女子,240～279歳,247,3:05.49,,3,,4,古宇田淳子,,セ・南千住,44.59,,,,,,,,,2:18.66,2:06.89,2:00.75,1/7
32,80,2026,5,2,長水路,チーム,3,4×50mフリーリレー,女子,240～279歳,247,3:05.49,,4,,4,町田麻里,,セ・南千住,37.39,,,,,,,,,2:18.66,2:06.89,2:00.75,1/7
33,80,2026,5,2,長水路,チーム,3,4×50mフリーリレー,女子,240～279歳,242,3:07.03,,1,,5,小笠原暁子,,セ・清瀬,44.75,,,,,,,,,2:18.66,2:06.89,2:00.75,1/4
34,80,2026,5,2,長水路,チーム,3,4×50mフリーリレー,女子,240～279歳,242,3:07.03,,2,,5,新井裕子,,セ・清瀬,44.63,,,,,,,,,2:18.66,2:06.89,2:00.75,1/4
35,80,2026,5,2,長水路,チーム,3,4×50mフリーリレー,女子,240～279歳,242,3:07.03,,3,,5,古平正美,,セ・清瀬,56.64,,,,,,,,,2:18.66,2:06.89,2:00.75,1/4
36,80,2026,5,2,長水路,チーム,3,4×50mフリーリレー,女子,240～279歳,242,3:07.03,,4,,5,レントフェルト慶子,,セ・清瀬,41.01,,,,,,,,,2:18.66,2:06.89,2:00.75,1/4
37,80,2026,5,2,長水路,チーム,3,4×50mフリーリレー,女子,200～239歳,212,2:22.30,,1,,1,佐藤洋子,,セ・成瀬,36.57,,,,,,,,,2:09.81,1:58.55,1:54.10,2/3
38,80,2026,5,2,長水路,チーム,3,4×50mフリーリレー,女子,200～239歳,212,2:22.30,,2,,1,熊田悦子,,セ・成瀬,36.58,,,,,,,,,2:09.81,1:58.55,1:54.10,2/3
39,80,2026,5,2,長水路,チーム,3,4×50mフリーリレー,女子,200～239歳,212,2:22.30,,3,,1,高梨美樹,,セ・成瀬,38.41,,,,,,,,,2:09.81,1:58.55,1:54.10,2/3
40,80,2026,5,2,長水路,チーム,3,4×50mフリーリレー,女子,200～239歳,212,2:22.30,,4,,1,仲田笑美,,セ・成瀬,30.74,,,,,,,,,2:09.81,1:58.55,1:54.10,2/3
41,80,2026,5,2,長水路,チーム,3,4×50mフリーリレー,女子,200～239歳,214,2:23.00,,1,,2,柳美希,,セ・松戸,33.39,,,,,,,,,2:09.81,1:58.55,1:54.10,2/7
42,80,2026,5,2,長水路,チーム,3,4×50mフリーリレー,女子,200～239歳,214,2:23.00,,2,,2,八尋加苗,,セ・松戸,34.61,,,,,,,,,2:09.81,1:58.55,1:54.10,2/7
43,80,2026,5,2,長水路,チーム,3,4×50mフリーリレー,女子,200～239歳,214,2:23.00,,3,,2,及川薫,,セ・松戸,36.68,,,,,,,,,2:09.81,1:58.55,1:54.10,2/7
44,80,2026,5,2,長水路,チーム,3,4×50mフリーリレー,女子,200～239歳,214,2:23.00,,4,,2,高橋久美,,セ・松戸,38.32,,,,,,,,,2:09.81,1:58.55,1:54.10,2/7
45,80,2026,5,2,長水路,チーム,3,4×50mフリーリレー,女子,200～239歳,223,2:36.60,,1,,3,吉田のばら,,セ・南千住,30.95,,,,,,,,,2:09.81,1:58.55,1:54.10,2/2
46,80,2026,5,2,長水路,チーム,3,4×50mフリーリレー,女子,200～239歳,223,2:36.60,,2,,3,杉本浩美,,セ・南千住,31.88,,,,,,,,,2:09.81,1:58.55,1:54.10,2/2
47,80,2026,5,2,長水路,チーム,3,4×50mフリーリレー,女子,200～239歳,223,2:36.60,,3,,3,下川喜美枝,,セ・南千住,48.55,,,,,,,,,2:09.81,1:58.55,1:54.10,2/2
48,80,2026,5,2,長水路,チーム,3,4×50mフリーリレー,女子,200～239歳,223,2:36.60,,4,,3,石崎節代,,セ・南千住,45.22,,,,,,,,,2:09.81,1:58.55,1:54.10,2/2
49,80,2026,5,2,長水路,チーム,3,4×50mフリーリレー,女子,160～199歳,174,2:18.82,,1,,1,草野茜,,セ・二俣川,35.05,,,,,,,,,2:05.08,1:54.99,1:48.44,2/4
50,80,2026,5,2,長水路,チーム,3,4×50mフリーリレー,女子,160～199歳,174,2:18.82,,2,,1,吉池奈々,,セ・二俣川,37.12,,,,,,,,,2:05.08,1:54.99,1:48.44,2/4
51,80,2026,5,2,長水路,チーム,3,4×50mフリーリレー,女子,160～199歳,174,2:18.82,,3,,1,前田由希映,,セ・二俣川,37.39,,,,,,,,,2:05.08,1:54.99,1:48.44,2/4
52,80,2026,5,2,長水路,チーム,3,4×50mフリーリレー,女子,160～199歳,174,2:18.82,,4,,1,遠藤桃,,セ・二俣川,29.26,,,,,,,,,2:05.08,1:54.99,1:48.44,2/4
53,80,2026,5,2,長水路,チーム,3,4×50mフリーリレー,女子,160～199歳,181,2:23.17,,1,,2,遠藤真理,,セ・袖ヶ浦,34.37,,,,,,,,,2:05.08,1:54.99,1:48.44,2/6
54,80,2026,5,2,長水路,チーム,3,4×50mフリーリレー,女子,160～199歳,181,2:23.17,,2,,2,豊島由里子,,セ・袖ヶ浦,49.91,,,,,,,,,2:05.08,1:54.99,1:48.44,2/6
55,80,2026,5,2,長水路,チーム,3,4×50mフリーリレー,女子,160～199歳,181,2:23.17,,3,,2,大和久佳江,,セ・袖ヶ浦,30.26,,,,,,,,,2:05.08,1:54.99,1:48.44,2/6
56,80,2026,5,2,長水路,チーム,3,4×50mフリーリレー,女子,160～199歳,181,2:23.17,,4,,2,豊島葉子,,セ・袖ヶ浦,28.63,,,,,,,,,2:05.08,1:54.99,1:48.44,2/6
57,80,2026,5,2,長水路,チーム,3,4×50mフリーリレー,女子,160～199歳,191,2:36.06,,1,,3,山本登美子,,セ・桶川北本,43.64,,,,,,,,,2:05.08,1:54.99,1:48.44,2/9
58,80,2026,5,2,長水路,チーム,3,4×50mフリーリレー,女子,160～199歳,191,2:36.06,,2,,3,加藤涼子,,セ・桶川北本,43.82,,,,,,,,,2:05.08,1:54.99,1:48.44,2/9
59,80,2026,5,2,長水路,チーム,3,4×50mフリーリレー,女子,160～199歳,191,2:36.06,,3,,3,村岡礼奈,,セ・桶川北本,35.44,,,,,,,,,2:05.08,1:54.99,1:48.44,2/9
60,80,2026,5,2,長水路,チーム,3,4×50mフリーリレー,女子,160～199歳,191,2:36.06,,4,,3,鈴木和佳奈,,セ・桶川北本,33.16,,,,,,,,,2:05.08,1:54.99,1:48.44,2/9
61,80,2026,5,2,長水路,チーム,3,4×50mフリーリレー,女子,72～119歳,110,2:01.64,,1,,1,小林志穂,,セ・葛西,29.69,,,,,,,,,1:57.97,1:48.39,1:48.16,2/5
62,80,2026,5,2,長水路,チーム,3,4×50mフリーリレー,女子,72～119歳,110,2:01.64,,2,,1,永田加那子,,セ・葛西,30.73,,,,,,,,,1:57.97,1:48.39,1:48.16,2/5
63,80,2026,5,2,長水路,チーム,3,4×50mフリーリレー,女子,72～119歳,110,2:01.64,,3,,1,野口奈旺子,,セ・葛西,30.50,,,,,,,,,1:57.97,1:48.39,1:48.16,2/5
64,80,2026,5,2,長水路,チーム,3,4×50mフリーリレー,女子,72～119歳,110,2:01.64,,4,,1,篠田璃七,,セ・葛西,30.72,,,,,,,,,1:57.97,1:48.39,1:48.16,2/5
65,80,2026,5,2,長水路,チーム,4,4×50mフリーリレー,男子,280～319歳,294,2:27.35,,1,,1,羽田浩一,,セ・成瀬,31.56,,,,,,,,,2:18.54,2:02.04,1:53.43,1/3
66,80,2026,5,2,長水路,チーム,4,4×50mフリーリレー,男子,280～319歳,294,2:27.35,,2,,1,木津誠,,セ・成瀬,37.07,,,,,,,,,2:18.54,2:02.04,1:53.43,1/3
67,80,2026,5,2,長水路,チーム,4,4×50mフリーリレー,男子,280～319歳,294,2:27.35,,3,,1,吉田亮,,セ・成瀬,37.37,,,,,,,,,2:18.54,2:02.04,1:53.43,1/3
68,80,2026,5,2,長水路,チーム,4,4×50mフリーリレー,男子,280～319歳,294,2:27.35,,4,,1,中田正二,,セ・成瀬,41.35,,,,,,,,,2:18.54,2:02.04,1:53.43,1/3
69,80,2026,5,2,長水路,チーム,4,4×50mフリーリレー,男子,280～319歳,284,2:42.28,,1,,2,長野守,,セ・慶應日吉,38.26,,,,,,,,,2:18.54,2:02.04,1:53.43,1/8
70,80,2026,5,2,長水路,チーム,4,4×50mフリーリレー,男子,280～319歳,284,2:42.28,,2,,2,小田稔,,セ・慶應日吉,50.45,,,,,,,,,2:18.54,2:02.04,1:53.43,1/8
71,80,2026,5,2,長水路,チーム,4,4×50mフリーリレー,男子,280～319歳,284,2:42.28,,3,,2,山本勝,,セ・慶應日吉,39.73,,,,,,,,,2:18.54,2:02.04,1:53.43,1/8
72,80,2026,5,2,長水路,チーム,4,4×50mフリーリレー,男子,280～319歳,284,2:42.28,,4,,2,岩田寛,,セ・慶應日吉,33.84,,,,,,,,,2:18.54,2:02.04,1:53.43,1/8
73,80,2026,5,2,長水路,チーム,4,4×50mフリーリレー,男子,280～319歳,310,3:18.29,,1,,3,縫田駿一,,セ・おおたか,52.87,,,,,,,,,2:18.54,2:02.04,1:53.43,1/9
74,80,2026,5,2,長水路,チーム,4,4×50mフリーリレー,男子,280～319歳,310,3:18.29,,2,,3,手塚満,,セ・おおたか,52.31,,,,,,,,,2:18.54,2:02.04,1:53.43,1/9
75,80,2026,5,2,長水路,チーム,4,4×50mフリーリレー,男子,280～319歳,310,3:18.29,,3,,3,松永勝,,セ・おおたか,48.15,,,,,,,,,2:18.54,2:02.04,1:53.43,1/9
76,80,2026,5,2,長水路,チーム,4,4×50mフリーリレー,男子,280～319歳,310,3:18.29,,4,,3,橋本亘,,セ・おおたか,44.96,,,,,,,,,2:18.54,2:02.04,1:53.43,1/9
77,80,2026,5,2,長水路,チーム,4,4×50mフリーリレー,男子,240～279歳,243,2:00.72,,1,,1,會田修一,,セ・おおたか,32.34,,,,,,,,,1:53.10,1:50.33,1:42.40,2/8
78,80,2026,5,2,長水路,チーム,4,4×50mフリーリレー,男子,240～279歳,243,2:00.72,,2,,1,海辺信吉,,セ・おおたか,30.26,,,,,,,,,1:53.10,1:50.33,1:42.40,2/8
79,80,2026,5,2,長水路,チーム,4,4×50mフリーリレー,男子,240～279歳,243,2:00.72,,3,,1,前田光輝,,セ・おおたか,30.26,,,,,,,,,1:53.10,1:50.33,1:42.40,2/8
80,80,2026,5,2,長水路,チーム,4,4×50mフリーリレー,男子,240～279歳,243,2:00.72,,4,,1,倉持孝博,,セ・おおたか,27.86,,,,,,,,,1:53.10,1:50.33,1:42.40,2/8
81,80,2026,5,2,長水路,チーム,4,4×50mフリーリレー,男子,240～279歳,241,2:08.39,,1,,2,遠藤隆昭,,セ・大宮宮原,35.45,,,,,,,,,1:53.10,1:50.33,1:42.40,2/1
82,80,2026,5,2,長水路,チーム,4,4×50mフリーリレー,男子,240～279歳,241,2:08.39,,2,,2,宮川則仁,,セ・大宮宮原,31.18,,,,,,,,,1:53.10,1:50.33,1:42.40,2/1
83,80,2026,5,2,長水路,チーム,4,4×50mフリーリレー,男子,240～279歳,241,2:08.39,,3,,2,宇田川祐一,,セ・大宮宮原,31.13,,,,,,,,,1:53.10,1:50.33,1:42.40,2/1
84,80,2026,5,2,長水路,チーム,4,4×50mフリーリレー,男子,240～279歳,241,2:08.39,,4,,2,清田真人,,セ・大宮宮原,30.63,,,,,,,,,1:53.10,1:50.33,1:42.40,2/1
85,80,2026,5,2,長水路,チーム,4,4×50mフリーリレー,男子,240～279歳,276,2:36.63,,1,,3,山賀勝之,,セ・南青山,31.18,,,,,,,,,1:53.10,1:50.33,1:42.40,1/7
86,80,2026,5,2,長水路,チーム,4,4×50mフリーリレー,男子,240～279歳,276,2:36.63,,2,,3,沼田真清,,セ・南青山,30.93,,,,,,,,,1:53.10,1:50.33,1:42.40,1/7
87,80,2026,5,2,長水路,チーム,4,4×50mフリーリレー,男子,240～279歳,276,2:36.63,,3,,3,岸田孝,,セ・南青山,40.85,,,,,,,,,1:53.10,1:50.33,1:42.40,1/7
88,80,2026,5,2,長水路,チーム,4,4×50mフリーリレー,男子,240～279歳,276,2:36.63,,4,,3,神保伸幸,,セ・南青山,53.67,,,,,,,,,1:53.10,1:50.33,1:42.40,1/7
89,80,2026,5,2,長水路,チーム,4,4×50mフリーリレー,男子,200～239歳,203,1:53.71,,1,,1,堀川広祐,,セ・二俣川,31.51,,,,,,,,,1:46.48,1:42.21,1:38.24,3/3
90,80,2026,5,2,長水路,チーム,4,4×50mフリーリレー,男子,200～239歳,203,1:53.71,,2,,1,永瀬知之,,セ・二俣川,26.98,,,,,,,,,1:46.48,1:42.21,1:38.24,3/3
91,80,2026,5,2,長水路,チーム,4,4×50mフリーリレー,男子,200～239歳,203,1:53.71,,3,,1,石上智啓,,セ・二俣川,29.11,,,,,,,,,1:46.48,1:42.21,1:38.24,3/3
92,80,2026,5,2,長水路,チーム,4,4×50mフリーリレー,男子,200～239歳,203,1:53.71,,4,,1,大村俊文,,セ・二俣川,26.11,,,,,,,,,1:46.48,1:42.21,1:38.24,3/3
93,80,2026,5,2,長水路,チーム,4,4×50mフリーリレー,男子,200～239歳,202,1:58.29,,1,,2,前島悠也,,セ・葛西,26.87,,,,,,,,,1:46.48,1:42.21,1:38.24,2/7
94,80,2026,5,2,長水路,チーム,4,4×50mフリーリレー,男子,200～239歳,202,1:58.29,,2,,2,小林健,,セ・葛西,30.16,,,,,,,,,1:46.48,1:42.21,1:38.24,2/7
95,80,2026,5,2,長水路,チーム,4,4×50mフリーリレー,男子,200～239歳,202,1:58.29,,3,,2,弭間政隆,,セ・葛西,29.96,,,,,,,,,1:46.48,1:42.21,1:38.24,2/7
96,80,2026,5,2,長水路,チーム,4,4×50mフリーリレー,男子,200～239歳,202,1:58.29,,4,,2,原田真,,セ・葛西,31.30,,,,,,,,,1:46.48,1:42.21,1:38.24,2/7
97,80,2026,5,2,長水路,チーム,4,4×50mフリーリレー,男子,200～239歳,202,1:59.32,,1,,3,田窪達,,セ・市ヶ尾,27.04,,,,,,,,,1:46.48,1:42.21,1:38.24,2/4
98,80,2026,5,2,長水路,チーム,4,4×50mフリーリレー,男子,200～239歳,202,1:59.32,,2,,3,新井良育,,セ・市ヶ尾,31.23,,,,,,,,,1:46.48,1:42.21,1:38.24,2/4
99,80,2026,5,2,長水路,チーム,4,4×50mフリーリレー,男子,200～239歳,202,1:59.32,,3,,3,大滝恭伸,,セ・市ヶ尾,35.80,,,,,,,,,1:46.48,1:42.21,1:38.24,2/4
100,80,2026,5,2,長水路,チーム,4,4×50mフリーリレー,男子,200～239歳,202,1:59.32,,4,,3,綿貫太地,,セ・市ヶ尾,25.25,,,,,,,,,1:46.48,1:42.21,1:38.24,2/4
101,80,2026,5,2,長水路,チーム,4,4×50mフリーリレー,男子,200～239歳,200,2:02.19,,1,,4,西野宮冬木,,セ・長津田,30.72,,,,,,,,,1:46.48,1:42.21,1:38.24,2/5
102,80,2026,5,2,長水路,チーム,4,4×50mフリーリレー,男子,200～239歳,200,2:02.19,,2,,4,池谷千尋,,セ・長津田,32.34,,,,,,,,,1:46.48,1:42.21,1:38.24,2/5
103,80,2026,5,2,長水路,チーム,4,4×50mフリーリレー,男子,200～239歳,200,2:02.19,,3,,4,竹下翔,,セ・長津田,30.73,,,,,,,,,1:46.48,1:42.21,1:38.24,2/5
104,80,2026,5,2,長水路,チーム,4,4×50mフリーリレー,男子,200～239歳,200,2:02.19,,4,,4,花井一也,,セ・長津田,28.40,,,,,,,,,1:46.48,1:42.21,1:38.24,2/5
105,80,2026,5,2,長水路,チーム,4,4×50mフリーリレー,男子,200～239歳,202,2:05.89,,1,,5,溝口泰平,,セ・八王子,27.39,,,,,,,,,1:46.48,1:42.21,1:38.24,2/3
106,80,2026,5,2,長水路,チーム,4,4×50mフリーリレー,男子,200～239歳,202,2:05.89,,2,,5,興野巧磨,,セ・八王子,31.05,,,,,,,,,1:46.48,1:42.21,1:38.24,2/3
107,80,2026,5,2,長水路,チーム,4,4×50mフリーリレー,男子,200～239歳,202,2:05.89,,3,,5,添田邦彦,,セ・八王子,29.56,,,,,,,,,1:46.48,1:42.21,1:38.24,2/3
108,80,2026,5,2,長水路,チーム,4,4×50mフリーリレー,男子,200～239歳,202,2:05.89,,4,,5,阿部敬,,セ・八王子,37.89,,,,,,,,,1:46.48,1:42.21,1:38.24,2/3
109,80,2026,5,2,長水路,チーム,4,4×50mフリーリレー,男子,200～239歳,211,2:09.45,,1,,6,門倉孝行,,セ・慶應日吉,30.47,,,,,,,,,1:46.48,1:42.21,1:38.24,2/2
110,80,2026,5,2,長水路,チーム,4,4×50mフリーリレー,男子,200～239歳,211,2:09.45,,2,,6,久保田裕一,,セ・慶應日吉,36.20,,,,,,,,,1:46.48,1:42.21,1:38.24,2/2
111,80,2026,5,2,長水路,チーム,4,4×50mフリーリレー,男子,200～239歳,211,2:09.45,,3,,6,青木一晃,,セ・慶應日吉,29.37,,,,,,,,,1:46.48,1:42.21,1:38.24,2/2
112,80,2026,5,2,長水路,チーム,4,4×50mフリーリレー,男子,200～239歳,211,2:09.45,,4,,6,穴田啓樹,,セ・慶應日吉,33.41,,,,,,,,,1:46.48,1:42.21,1:38.24,2/2
113,80,2026,5,2,長水路,チーム,4,4×50mフリーリレー,男子,200～239歳,200,2:09.50,,1,,7,小山邦彦,,セ・おおたか,33.35,,,,,,,,,1:46.48,1:42.21,1:38.24,1/5
114,80,2026,5,2,長水路,チーム,4,4×50mフリーリレー,男子,200～239歳,200,2:09.50,,2,,7,山田義明,,セ・おおたか,34.45,,,,,,,,,1:46.48,1:42.21,1:38.24,1/5
115,80,2026,5,2,長水路,チーム,4,4×50mフリーリレー,男子,200～239歳,200,2:09.50,,3,,7,宮本恭幸,,セ・おおたか,32.64,,,,,,,,,1:46.48,1:42.21,1:38.24,1/5
116,80,2026,5,2,長水路,チーム,4,4×50mフリーリレー,男子,200～239歳,200,2:09.50,,4,,7,登坂健志,,セ・おおたか,29.06,,,,,,,,,1:46.48,1:42.21,1:38.24,1/5
117,80,2026,5,2,長水路,チーム,4,4×50mフリーリレー,男子,200～239歳,200,2:09.78,,1,,8,石井聖也,,セ・西新井,26.19,,,,,,,,,1:46.48,1:42.21,1:38.24,1/4
118,80,2026,5,2,長水路,チーム,4,4×50mフリーリレー,男子,200～239歳,200,2:09.78,,2,,8,小西始,,セ・西新井,26.55,,,,,,,,,1:46.48,1:42.21,1:38.24,1/4
119,80,2026,5,2,長水路,チーム,4,4×50mフリーリレー,男子,200～239歳,200,2:09.78,,3,,8,丸山恵太,,セ・西新井,34.87,,,,,,,,,1:46.48,1:42.21,1:38.24,1/4
120,80,2026,5,2,長水路,チーム,4,4×50mフリーリレー,男子,200～239歳,200,2:09.78,,4,,8,松下達一,,セ・西新井,42.17,,,,,,,,,1:46.48,1:42.21,1:38.24,1/4
121,80,2026,5,2,長水路,チーム,4,4×50mフリーリレー,男子,200～239歳,220,2:10.46,,1,,9,藤井清和,,セ・武蔵小杉,30.93,,,,,,,,,1:46.48,1:42.21,1:38.24,2/9
122,80,2026,5,2,長水路,チーム,4,4×50mフリーリレー,男子,200～239歳,220,2:10.46,,2,,9,岡本篤志,,セ・武蔵小杉,32.12,,,,,,,,,1:46.48,1:42.21,1:38.24,2/9
123,80,2026,5,2,長水路,チーム,4,4×50mフリーリレー,男子,200～239歳,220,2:10.46,,3,,9,佐野裕之,,セ・武蔵小杉,36.59,,,,,,,,,1:46.48,1:42.21,1:38.24,2/9
124,80,2026,5,2,長水路,チーム,4,4×50mフリーリレー,男子,200～239歳,220,2:10.46,,4,,9,山田大介,,セ・武蔵小杉,30.82,,,,,,,,,1:46.48,1:42.21,1:38.24,2/9
125,80,2026,5,2,長水路,チーム,4,4×50mフリーリレー,男子,200～239歳,220,2:22.08,,1,,10,倉持公一,,セ・天王洲,27.74,,,,,,,,,1:46.48,1:42.21,1:38.24,1/6
126,80,2026,5,2,長水路,チーム,4,4×50mフリーリレー,男子,200～239歳,220,2:22.08,,2,,10,久保卓士,,セ・天王洲,32.38,,,,,,,,,1:46.48,1:42.21,1:38.24,1/6
127,80,2026,5,2,長水路,チーム,4,4×50mフリーリレー,男子,200～239歳,220,2:22.08,,3,,10,佐藤流生,,セ・天王洲,46.51,,,,,,,,,1:46.48,1:42.21,1:38.24,1/6
128,80,2026,5,2,長水路,チーム,4,4×50mフリーリレー,男子,200～239歳,220,2:22.08,,4,,10,日暮正明,,セ・天王洲,35.45,,,,,,,,,1:46.48,1:42.21,1:38.24,1/6
129,80,2026,5,2,長水路,チーム,4,4×50mフリーリレー,男子,200～239歳,211,2:25.07,,1,,11,山本和巳,,セ・茂原,37.23,,,,,,,,,1:46.48,1:42.21,1:38.24,1/2
130,80,2026,5,2,長水路,チーム,4,4×50mフリーリレー,男子,200～239歳,211,2:25.07,,2,,11,丸喜章,,セ・茂原,42.45,,,,,,,,,1:46.48,1:42.21,1:38.24,1/2
131,80,2026,5,2,長水路,チーム,4,4×50mフリーリレー,男子,200～239歳,211,2:25.07,,3,,11,内山翔平,,セ・茂原,39.87,,,,,,,,,1:46.48,1:42.21,1:38.24,1/2
132,80,2026,5,2,長水路,チーム,4,4×50mフリーリレー,男子,200～239歳,211,2:25.07,,4,,11,神戸優悠希,,セ・茂原,25.52,,,,,,,,,1:46.48,1:42.21,1:38.24,1/2
133,80,2026,5,2,長水路,チーム,4,4×50mフリーリレー,男子,160～199歳,185,1:51.08,,1,,1,奥平竜司,,セ・武蔵小杉,26.76,,,,,,,,,1:41.69,1:35.58,1:34.92,3/8
134,80,2026,5,2,長水路,チーム,4,4×50mフリーリレー,男子,160～199歳,185,1:51.08,,2,,1,榊原雅史,,セ・武蔵小杉,27.42,,,,,,,,,1:41.69,1:35.58,1:34.92,3/8
135,80,2026,5,2,長水路,チーム,4,4×50mフリーリレー,男子,160～199歳,185,1:51.08,,3,,1,中村良樹,,セ・武蔵小杉,29.61,,,,,,,,,1:41.69,1:35.58,1:34.92,3/8
136,80,2026,5,2,長水路,チーム,4,4×50mフリーリレー,男子,160～199歳,185,1:51.08,,4,,1,早川友二,,セ・武蔵小杉,27.29,,,,,,,,,1:41.69,1:35.58,1:34.92,3/8
137,80,2026,5,2,長水路,チーム,4,4×50mフリーリレー,男子,160～199歳,165,1:52.00,,1,,2,川島由伸,,セ・上池袋,22.86,,,,,,,,,1:41.69,1:35.58,1:34.92,3/7
138,80,2026,5,2,長水路,チーム,4,4×50mフリーリレー,男子,160～199歳,165,1:52.00,,2,,2,小山亜納,,セ・上池袋,24.85,,,,,,,,,1:41.69,1:35.58,1:34.92,3/7
139,80,2026,5,2,長水路,チーム,4,4×50mフリーリレー,男子,160～199歳,165,1:52.00,,3,,2,木村秀光,,セ・上池袋,30.54,,,,,,,,,1:41.69,1:35.58,1:34.92,3/7
140,80,2026,5,2,長水路,チーム,4,4×50mフリーリレー,男子,160～199歳,165,1:52.00,,4,,2,近藤正之,,セ・上池袋,33.75,,,,,,,,,1:41.69,1:35.58,1:34.92,3/7
141,80,2026,5,2,長水路,チーム,4,4×50mフリーリレー,男子,160～199歳,164,1:57.13,,1,,3,高本直彰,,セ・大宮宮原,32.65,,,,,,,,,1:41.69,1:35.58,1:34.92,2/6
142,80,2026,5,2,長水路,チーム,4,4×50mフリーリレー,男子,160～199歳,164,1:57.13,,2,,3,増田喬行,,セ・大宮宮原,27.95,,,,,,,,,1:41.69,1:35.58,1:34.92,2/6
143,80,2026,5,2,長水路,チーム,4,4×50mフリーリレー,男子,160～199歳,164,1:57.13,,3,,3,皆川雅登,,セ・大宮宮原,30.54,,,,,,,,,1:41.69,1:35.58,1:34.92,2/6
144,80,2026,5,2,長水路,チーム,4,4×50mフリーリレー,男子,160～199歳,164,1:57.13,,4,,3,今橋蒼太郎,,セ・大宮宮原,25.99,,,,,,,,,1:41.69,1:35.58,1:34.92,2/6
145,80,2026,5,2,長水路,チーム,4,4×50mフリーリレー,男子,160～199歳,185,2:02.55,,1,,4,亀井智貴,,セ・用賀,34.07,,,,,,,,,1:41.69,1:35.58,1:34.92,3/10
146,80,2026,5,2,長水路,チーム,4,4×50mフリーリレー,男子,160～199歳,185,2:02.55,,2,,4,柄澤英也,,セ・用賀,30.82,,,,,,,,,1:41.69,1:35.58,1:34.92,3/10
147,80,2026,5,2,長水路,チーム,4,4×50mフリーリレー,男子,160～199歳,185,2:02.55,,3,,4,飯田正敏,,セ・用賀,32.34,,,,,,,,,1:41.69,1:35.58,1:34.92,3/10
148,80,2026,5,2,長水路,チーム,4,4×50mフリーリレー,男子,160～199歳,185,2:02.55,,4,,4,鈴木謙太朗,,セ・用賀,25.32,,,,,,,,,1:41.69,1:35.58,1:34.92,3/10
149,80,2026,5,2,長水路,チーム,4,4×50mフリーリレー,男子,120～159歳,135,1:48.26,,1,,1,都築クラウディオ佑亮,,セ・おおたか,27.40,,,,,,,,,1:41.73,1:33.07,1:31.94,3/6
150,80,2026,5,2,長水路,チーム,4,4×50mフリーリレー,男子,120～159歳,135,1:48.26,,2,,1,古川貴章,,セ・おおたか,27.70,,,,,,,,,1:41.73,1:33.07,1:31.94,3/6
151,80,2026,5,2,長水路,チーム,4,4×50mフリーリレー,男子,120～159歳,135,1:48.26,,3,,1,大作善祥,,セ・おおたか,28.22,,,,,,,,,1:41.73,1:33.07,1:31.94,3/6
152,80,2026,5,2,長水路,チーム,4,4×50mフリーリレー,男子,120～159歳,135,1:48.26,,4,,1,石井了,,セ・おおたか,24.94,,,,,,,,,1:41.73,1:33.07,1:31.94,3/6
153,80,2026,5,2,長水路,チーム,4,4×50mフリーリレー,男子,120～159歳,123,1:49.23,,1,,2,小野健,,セ・天王洲,26.89,,,,,,,,,1:41.73,1:33.07,1:31.94,3/2
154,80,2026,5,2,長水路,チーム,4,4×50mフリーリレー,男子,120～159歳,123,1:49.23,,2,,2,木渕大輝,,セ・天王洲,26.02,,,,,,,,,1:41.73,1:33.07,1:31.94,3/2
155,80,2026,5,2,長水路,チーム,4,4×50mフリーリレー,男子,120～159歳,123,1:49.23,,3,,2,加間英貴,,セ・天王洲,27.99,,,,,,,,,1:41.73,1:33.07,1:31.94,3/2
156,80,2026,5,2,長水路,チーム,4,4×50mフリーリレー,男子,120～159歳,123,1:49.23,,4,,2,寺田遼太,,セ・天王洲,28.33,,,,,,,,,1:41.73,1:33.07,1:31.94,3/2
157,80,2026,5,2,長水路,チーム,4,4×50mフリーリレー,男子,120～159歳,134,1:49.44,,1,,3,濱崎悠生,,セ・柏,26.05,,,,,,,,,1:41.73,1:33.07,1:31.94,3/4
158,80,2026,5,2,長水路,チーム,4,4×50mフリーリレー,男子,120～159歳,134,1:49.44,,2,,3,長田裕史,,セ・柏,28.40,,,,,,,,,1:41.73,1:33.07,1:31.94,3/4
159,80,2026,5,2,長水路,チーム,4,4×50mフリーリレー,男子,120～159歳,134,1:49.44,,3,,3,磯貝知弘,,セ・柏,29.79,,,,,,,,,1:41.73,1:33.07,1:31.94,3/4
160,80,2026,5,2,長水路,チーム,4,4×50mフリーリレー,男子,120～159歳,134,1:49.44,,4,,3,川口皓生,,セ・柏,25.20,,,,,,,,,1:41.73,1:33.07,1:31.94,3/4
161,80,2026,5,2,長水路,チーム,4,4×50mフリーリレー,男子,120～159歳,130,1:50.10,,1,,4,図師拓千,,セ・市ヶ尾,27.52,,,,,,,,,1:41.73,1:33.07,1:31.94,3/9
162,80,2026,5,2,長水路,チーム,4,4×50mフリーリレー,男子,120～159歳,130,1:50.10,,2,,4,船橋優太,,セ・市ヶ尾,26.84,,,,,,,,,1:41.73,1:33.07,1:31.94,3/9
163,80,2026,5,2,長水路,チーム,4,4×50mフリーリレー,男子,120～159歳,130,1:50.10,,3,,4,田端凌也,,セ・市ヶ尾,28.04,,,,,,,,,1:41.73,1:33.07,1:31.94,3/9
164,80,2026,5,2,長水路,チーム,4,4×50mフリーリレー,男子,120～159歳,130,1:50.10,,4,,4,木村考太,,セ・市ヶ尾,27.70,,,,,,,,,1:41.73,1:33.07,1:31.94,3/9
165,80,2026,5,2,長水路,チーム,4,4×50mフリーリレー,男子,120～159歳,146,1:54.77,,1,,5,田中壮一郎,,セ・二俣川,27.13,,,,,,,,,1:41.73,1:33.07,1:31.94,3/1
166,80,2026,5,2,長水路,チーム,4,4×50mフリーリレー,男子,120～159歳,146,1:54.77,,2,,5,成田昌記,,セ・二俣川,26.61,,,,,,,,,1:41.73,1:33.07,1:31.94,3/1
167,80,2026,5,2,長水路,チーム,4,4×50mフリーリレー,男子,120～159歳,146,1:54.77,,3,,5,草野剛史,,セ・二俣川,33.21,,,,,,,,,1:41.73,1:33.07,1:31.94,3/1
168,80,2026,5,2,長水路,チーム,4,4×50mフリーリレー,男子,120～159歳,146,1:54.77,,4,,5,新福留広貴,,セ・二俣川,27.82,,,,,,,,,1:41.73,1:33.07,1:31.94,3/1
169,80,2026,5,2,長水路,チーム,4,4×50mフリーリレー,男子,72～119歳,93,1:45.96,,1,,1,服部碧,,セ・成瀬,25.32,,,,,,,,,1:40.19,1:33.32,1:31.40,3/5
170,80,2026,5,2,長水路,チーム,4,4×50mフリーリレー,男子,72～119歳,93,1:45.96,,2,,1,黒田大介,,セ・成瀬,25.83,,,,,,,,,1:40.19,1:33.32,1:31.40,3/5
171,80,2026,5,2,長水路,チーム,4,4×50mフリーリレー,男子,72～119歳,93,1:45.96,,3,,1,柿沼龍史,,セ・成瀬,27.37,,,,,,,,,1:40.19,1:33.32,1:31.40,3/5
172,80,2026,5,2,長水路,チーム,4,4×50mフリーリレー,男子,72～119歳,93,1:45.96,,4,,1,山下純生,,セ・成瀬,27.44,,,,,,,,,1:40.19,1:33.32,1:31.40,3/5
173,80,2026,5,2,長水路,チーム,5,4×100mフリーリレー,女子,240～279歳,244,5:57.16,,1,,1,米澤美智子,,セ・成瀬,43.89,,,,,,,,,5:25.14,4:44.65,4:36.74,1/6
174,80,2026,5,2,長水路,チーム,5,4×100mフリーリレー,女子,240～279歳,244,5:57.16,,2,,1,篠倉有美,,セ・成瀬,41.87,,,,,,,,,5:25.14,4:44.65,4:36.74,1/6
175,80,2026,5,2,長水路,チーム,5,4×100mフリーリレー,女子,240～279歳,244,5:57.16,,3,,1,中平信子,,セ・成瀬,44.89,,,,,,,,,5:25.14,4:44.65,4:36.74,1/6
176,80,2026,5,2,長水路,チーム,5,4×100mフリーリレー,女子,240～279歳,244,5:57.16,,4,,1,青山里香,,セ・成瀬,35.91,,,,,,,,,5:25.14,4:44.65,4:36.74,1/6
177,80,2026,5,2,長水路,チーム,5,4×100mフリーリレー,女子,240～279歳,259,7:18.98,,1,,2,近藤みゆき,,セ・阿佐谷,50.86,,,,,,,,,5:25.14,4:44.65,4:36.74,1/3
178,80,2026,5,2,長水路,チーム,5,4×100mフリーリレー,女子,240～279歳,259,7:18.98,,2,,2,大久保彩子,,セ・阿佐谷,50.48,,,,,,,,,5:25.14,4:44.65,4:36.74,1/3
179,80,2026,5,2,長水路,チーム,5,4×100mフリーリレー,女子,240～279歳,259,7:18.98,,3,,2,三嶋祐子,,セ・阿佐谷,53.89,,,,,,,,,5:25.14,4:44.65,4:36.74,1/3
180,80,2026,5,2,長水路,チーム,5,4×100mフリーリレー,女子,240～279歳,259,7:18.98,,4,,2,宮田ひとみ,,セ・阿佐谷,53.54,,,,,,,,,5:25.14,4:44.65,4:36.74,1/3
181,80,2026,5,2,長水路,チーム,5,4×100mフリーリレー,女子,240～279歳,273,7:19.17,,1,,3,梅田栄己子,,セ・天王洲,50.70,,,,,,,,,5:25.14,4:44.65,4:36.74,1/7
182,80,2026,5,2,長水路,チーム,5,4×100mフリーリレー,女子,240～279歳,273,7:19.17,,2,,3,長谷川節子,,セ・天王洲,1:00.99,,,,,,,,,5:25.14,4:44.65,4:36.74,1/7
183,80,2026,5,2,長水路,チーム,5,4×100mフリーリレー,女子,240～279歳,273,7:19.17,,3,,3,櫻田琴,,セ・天王洲,51.41,,,,,,,,,5:25.14,4:44.65,4:36.74,1/7
184,80,2026,5,2,長水路,チーム,5,4×100mフリーリレー,女子,240～279歳,273,7:19.17,,4,,3,森内裕子,,セ・天王洲,48.08,,,,,,,,,5:25.14,4:44.65,4:36.74,1/7
185,80,2026,5,2,長水路,チーム,5,4×100mフリーリレー,女子,200～239歳,225,5:36.10,,1,,1,石原なおみ,,セ・阿佐谷,39.12,,,,,,,,,5:18.59,4:29.24,4:20.68,1/5
186,80,2026,5,2,長水路,チーム,5,4×100mフリーリレー,女子,200～239歳,225,5:36.10,,2,,1,棚網恵理,,セ・阿佐谷,42.49,,,,,,,,,5:18.59,4:29.24,4:20.68,1/5
187,80,2026,5,2,長水路,チーム,5,4×100mフリーリレー,女子,200～239歳,225,5:36.10,,3,,1,大岡美良乃,,セ・阿佐谷,40.20,,,,,,,,,5:18.59,4:29.24,4:20.68,1/5
188,80,2026,5,2,長水路,チーム,5,4×100mフリーリレー,女子,200～239歳,225,5:36.10,,4,,1,小野真佐子,,セ・阿佐谷,37.38,,,,,,,,,5:18.59,4:29.24,4:20.68,1/5
189,80,2026,5,2,長水路,チーム,5,4×100mフリーリレー,女子,200～239歳,236,6:23.70,,1,,2,真如美優,,セ・南千住,32.82,,,,,,,,,5:18.59,4:29.24,4:20.68,1/4
190,80,2026,5,2,長水路,チーム,5,4×100mフリーリレー,女子,200～239歳,236,6:23.70,,2,,2,石崎節代,,セ・南千住,49.47,,,,,,,,,5:18.59,4:29.24,4:20.68,1/4
191,80,2026,5,2,長水路,チーム,5,4×100mフリーリレー,女子,200～239歳,236,6:23.70,,3,,2,古宇田淳子,,セ・南千住,47.77,,,,,,,,,5:18.59,4:29.24,4:20.68,1/4
192,80,2026,5,2,長水路,チーム,5,4×100mフリーリレー,女子,200～239歳,236,6:23.70,,4,,2,下川喜美枝,,セ・南千住,52.51,,,,,,,,,5:18.59,4:29.24,4:20.68,1/4
193,80,2026,5,2,長水路,チーム,5,4×100mフリーリレー,女子,160～199歳,173,5:02.70,,1,,1,宮林佑妃,,セ・長津田,37.04,,,,,,,,,4:36.81,4:19.20,4:06.90,2/3
194,80,2026,5,2,長水路,チーム,5,4×100mフリーリレー,女子,160～199歳,173,5:02.70,,2,,1,久保かおり,,セ・長津田,40.22,,,,,,,,,4:36.81,4:19.20,4:06.90,2/3
195,80,2026,5,2,長水路,チーム,5,4×100mフリーリレー,女子,160～199歳,173,5:02.70,,3,,1,吉村華余,,セ・長津田,31.82,,,,,,,,,4:36.81,4:19.20,4:06.90,2/3
196,80,2026,5,2,長水路,チーム,5,4×100mフリーリレー,女子,160～199歳,173,5:02.70,,4,,1,川北恵,,セ・長津田,31.25,,,,,,,,,4:36.81,4:19.20,4:06.90,2/3
197,80,2026,5,2,長水路,チーム,5,4×100mフリーリレー,女子,160～199歳,183,5:05.40,,1,,2,宮本八重,,セ・慶應日吉,33.35,,,,,,,,,4:36.81,4:19.20,4:06.90,2/6
198,80,2026,5,2,長水路,チーム,5,4×100mフリーリレー,女子,160～199歳,183,5:05.40,,2,,2,崎村詩織,,セ・慶應日吉,36.81,,,,,,,,,4:36.81,4:19.20,4:06.90,2/6
199,80,2026,5,2,長水路,チーム,5,4×100mフリーリレー,女子,160～199歳,183,5:05.40,,3,,2,福本麻美,,セ・慶應日吉,39.02,,,,,,,,,4:36.81,4:19.20,4:06.90,2/6
200,80,2026,5,2,長水路,チーム,5,4×100mフリーリレー,女子,160～199歳,183,5:05.40,,4,,2,小豆澤和代,,セ・慶應日吉,34.97,,,,,,,,,4:36.81,4:19.20,4:06.90,2/6
201,80,2026,5,2,長水路,チーム,5,4×100mフリーリレー,女子,160～199歳,178,5:13.37,,1,,3,天井茉里乃,,セ・市ヶ尾,37.97,,,,,,,,,4:36.81,4:19.20,4:06.90,2/4
202,80,2026,5,2,長水路,チーム,5,4×100mフリーリレー,女子,160～199歳,178,5:13.37,,2,,3,高橋麻子,,セ・市ヶ尾,37.41,,,,,,,,,4:36.81,4:19.20,4:06.90,2/4
203,80,2026,5,2,長水路,チーム,5,4×100mフリーリレー,女子,160～199歳,178,5:13.37,,3,,3,白須靖子,,セ・市ヶ尾,40.88,,,,,,,,,4:36.81,4:19.20,4:06.90,2/4
204,80,2026,5,2,長水路,チーム,5,4×100mフリーリレー,女子,160～199歳,178,5:13.37,,4,,3,宮下奏子,,セ・市ヶ尾,33.56,,,,,,,,,4:36.81,4:19.20,4:06.90,2/4
205,80,2026,5,2,長水路,チーム,5,4×100mフリーリレー,女子,160～199歳,177,5:32.59,,1,,4,草野茜,,セ・二俣川,39.77,,,,,,,,,4:36.81,4:19.20,4:06.90,2/7
206,80,2026,5,2,長水路,チーム,5,4×100mフリーリレー,女子,160～199歳,177,5:32.59,,2,,4,前田由希映,,セ・二俣川,43.04,,,,,,,,,4:36.81,4:19.20,4:06.90,2/7
207,80,2026,5,2,長水路,チーム,5,4×100mフリーリレー,女子,160～199歳,177,5:32.59,,3,,4,吉池奈々,,セ・二俣川,39.86,,,,,,,,,4:36.81,4:19.20,4:06.90,2/7
208,80,2026,5,2,長水路,チーム,5,4×100mフリーリレー,女子,160～199歳,177,5:32.59,,4,,4,深堀陽子,,セ・二俣川,36.02,,,,,,,,,4:36.81,4:19.20,4:06.90,2/7
209,80,2026,5,2,長水路,チーム,5,4×100mフリーリレー,女子,160～199歳,176,6:10.95,,1,,5,中辻澄美,,セ・天王洲,46.58,,,,,,,,,4:36.81,4:19.20,4:06.90,2/8
210,80,2026,5,2,長水路,チーム,5,4×100mフリーリレー,女子,160～199歳,176,6:10.95,,2,,5,鈴木由佳里,,セ・天王洲,45.65,,,,,,,,,4:36.81,4:19.20,4:06.90,2/8
211,80,2026,5,2,長水路,チーム,5,4×100mフリーリレー,女子,160～199歳,176,6:10.95,,3,,5,後藤元美,,セ・天王洲,41.84,,,,,,,,,4:36.81,4:19.20,4:06.90,2/8
212,80,2026,5,2,長水路,チーム,5,4×100mフリーリレー,女子,160～199歳,176,6:10.95,,4,,5,四井美穂,,セ・天王洲,42.96,,,,,,,,,4:36.81,4:19.20,4:06.90,2/8
213,80,2026,5,2,長水路,チーム,5,4×100mフリーリレー,女子,120～159歳,149,4:53.25,,1,,1,丸玖瑠都,,セ・成瀬,33.82,,,,,,,,,4:35.52,4:07.62,4:04.10,2/5
214,80,2026,5,2,長水路,チーム,5,4×100mフリーリレー,女子,120～159歳,149,4:53.25,,2,,1,仲田笑美,,セ・成瀬,31.64,,,,,,,,,4:35.52,4:07.62,4:04.10,2/5
215,80,2026,5,2,長水路,チーム,5,4×100mフリーリレー,女子,120～159歳,149,4:53.25,,3,,1,岩田愛恵,,セ・成瀬,35.42,,,,,,,,,4:35.52,4:07.62,4:04.10,2/5
216,80,2026,5,2,長水路,チーム,5,4×100mフリーリレー,女子,120～159歳,149,4:53.25,,4,,1,佐々木彩,,セ・成瀬,33.72,,,,,,,,,4:35.52,4:07.62,4:04.10,2/5
217,80,2026,5,2,長水路,チーム,6,4×100mフリーリレー,男子,240～279歳,246,4:45.45,,1,,1,北川貴義,,セ・阿佐谷,29.35,,,,,,,,TRUE,4:55.69,4:14.03,3:59.86,1/4
218,80,2026,5,2,長水路,チーム,6,4×100mフリーリレー,男子,240～279歳,246,4:45.45,,2,,1,吉村進,,セ・阿佐谷,38.10,,,,,,,,TRUE,4:55.69,4:14.03,3:59.86,1/4
219,80,2026,5,2,長水路,チーム,6,4×100mフリーリレー,男子,240～279歳,246,4:45.45,,3,,1,若杉佳宏,,セ・阿佐谷,32.61,,,,,,,,TRUE,4:55.69,4:14.03,3:59.86,1/4
220,80,2026,5,2,長水路,チーム,6,4×100mフリーリレー,男子,240～279歳,246,4:45.45,,4,,1,吉原一彦,,セ・阿佐谷,34.95,,,,,,,,TRUE,4:55.69,4:14.03,3:59.86,1/4
221,80,2026,5,2,長水路,チーム,6,4×100mフリーリレー,男子,240～279歳,240,4:45.85,,1,,2,菊池千二,,セ・市ヶ尾,31.73,,,,,,,,TRUE,4:55.69,4:14.03,3:59.86,1/6
222,80,2026,5,2,長水路,チーム,6,4×100mフリーリレー,男子,240～279歳,240,4:45.85,,2,,2,神尾尚人,,セ・市ヶ尾,36.27,,,,,,,,TRUE,4:55.69,4:14.03,3:59.86,1/6
223,80,2026,5,2,長水路,チーム,6,4×100mフリーリレー,男子,240～279歳,240,4:45.85,,3,,2,安間稔,,セ・市ヶ尾,38.20,,,,,,,,TRUE,4:55.69,4:14.03,3:59.86,1/6
224,80,2026,5,2,長水路,チーム,6,4×100mフリーリレー,男子,240～279歳,240,4:45.85,,4,,2,山内悠,,セ・市ヶ尾,31.43,,,,,,,,TRUE,4:55.69,4:14.03,3:59.86,1/6
225,80,2026,5,2,長水路,チーム,6,4×100mフリーリレー,男子,240～279歳,241,5:00.06,,1,,3,遠藤隆昭,,セ・大宮宮原,38.49,,,,,,,,,4:55.69,4:14.03,3:59.86,2/8
226,80,2026,5,2,長水路,チーム,6,4×100mフリーリレー,男子,240～279歳,241,5:00.06,,2,,3,宮川則仁,,セ・大宮宮原,33.68,,,,,,,,,4:55.69,4:14.03,3:59.86,2/8
227,80,2026,5,2,長水路,チーム,6,4×100mフリーリレー,男子,240～279歳,241,5:00.06,,3,,3,宇田川祐一,,セ・大宮宮原,34.54,,,,,,,,,4:55.69,4:14.03,3:59.86,2/8
228,80,2026,5,2,長水路,チーム,6,4×100mフリーリレー,男子,240～279歳,241,5:00.06,,4,,3,清田真人,,セ・大宮宮原,33.37,,,,,,,,,4:55.69,4:14.03,3:59.86,2/8
229,80,2026,5,2,長水路,チーム,6,4×100mフリーリレー,男子,240～279歳,243,5:11.47,,1,,4,藤本豊和,,セ・長津田,31.81,,,,,,,,,4:55.69,4:14.03,3:59.86,1/3
230,80,2026,5,2,長水路,チーム,6,4×100mフリーリレー,男子,240～279歳,243,5:11.47,,2,,4,祖川久茂,,セ・長津田,36.22,,,,,,,,,4:55.69,4:14.03,3:59.86,1/3
231,80,2026,5,2,長水路,チーム,6,4×100mフリーリレー,男子,240～279歳,243,5:11.47,,3,,4,飯沼明,,セ・長津田,44.84,,,,,,,,,4:55.69,4:14.03,3:59.86,1/3
232,80,2026,5,2,長水路,チーム,6,4×100mフリーリレー,男子,240～279歳,243,5:11.47,,4,,4,池谷千尋,,セ・長津田,36.85,,,,,,,,,4:55.69,4:14.03,3:59.86,1/3
233,80,2026,5,2,長水路,チーム,6,4×100mフリーリレー,男子,200～239歳,202,4:37.49,,1,,1,堀川広祐,,セ・二俣川,36.79,,,,,,,,,4:07.60,3:50.69,3:46.05,2/3
234,80,2026,5,2,長水路,チーム,6,4×100mフリーリレー,男子,200～239歳,202,4:37.49,,2,,1,石上智啓,,セ・二俣川,29.70,,,,,,,,,4:07.60,3:50.69,3:46.05,2/3
235,80,2026,5,2,長水路,チーム,6,4×100mフリーリレー,男子,200～239歳,202,4:37.49,,3,,1,永瀬知之,,セ・二俣川,33.65,,,,,,,,,4:07.60,3:50.69,3:46.05,2/3
236,80,2026,5,2,長水路,チーム,6,4×100mフリーリレー,男子,200～239歳,202,4:37.49,,4,,1,関口義和,,セ・二俣川,31.18,,,,,,,,,4:07.60,3:50.69,3:46.05,2/3
237,80,2026,5,2,長水路,チーム,6,4×100mフリーリレー,男子,200～239歳,216,5:41.56,,1,,2,千葉忠英,,セ・天王洲,37.38,,,,,,,,,4:07.60,3:50.69,3:46.05,1/8
238,80,2026,5,2,長水路,チーム,6,4×100mフリーリレー,男子,200～239歳,216,5:41.56,,2,,2,日暮正明,,セ・天王洲,39.67,,,,,,,,,4:07.60,3:50.69,3:46.05,1/8
239,80,2026,5,2,長水路,チーム,6,4×100mフリーリレー,男子,200～239歳,216,5:41.56,,3,,2,佐藤流生,,セ・天王洲,48.60,,,,,,,,,4:07.60,3:50.69,3:46.05,1/8
240,80,2026,5,2,長水路,チーム,6,4×100mフリーリレー,男子,200～239歳,216,5:41.56,,4,,2,倉持公一,,セ・天王洲,32.45,,,,,,,,,4:07.60,3:50.69,3:46.05,1/8
241,80,2026,5,2,長水路,チーム,6,4×100mフリーリレー,男子,160～199歳,163,3:40.95,,1,,1,鶴谷学,,セ・二俣川,26.50,,,,,,,,TRUE,3:49.44,3:39.17,3:36.99,2/5
242,80,2026,5,2,長水路,チーム,6,4×100mフリーリレー,男子,160～199歳,163,3:40.95,,2,,1,前田崇行,,セ・二俣川,27.30,,,,,,,,TRUE,3:49.44,3:39.17,3:36.99,2/5
243,80,2026,5,2,長水路,チーム,6,4×100mフリーリレー,男子,160～199歳,163,3:40.95,,3,,1,立石裕太郎,,セ・二俣川,25.95,,,,,,,,TRUE,3:49.44,3:39.17,3:36.99,2/5
244,80,2026,5,2,長水路,チーム,6,4×100mフリーリレー,男子,160～199歳,163,3:40.95,,4,,1,前田康輔,,セ・二俣川,25.55,,,,,,,,TRUE,3:49.44,3:39.17,3:36.99,2/5
245,80,2026,5,2,長水路,チーム,6,4×100mフリーリレー,男子,160～199歳,170,4:21.51,,1,,2,小島駿紀,,セ・ときわ台,26.71,,,,,,,,,3:49.44,3:39.17,3:36.99,1/5
246,80,2026,5,2,長水路,チーム,6,4×100mフリーリレー,男子,160～199歳,170,4:21.51,,2,,2,萩中希予史,,セ・ときわ台,32.16,,,,,,,,,3:49.44,3:39.17,3:36.99,1/5
247,80,2026,5,2,長水路,チーム,6,4×100mフリーリレー,男子,160～199歳,170,4:21.51,,3,,2,平田博之,,セ・ときわ台,34.43,,,,,,,,,3:49.44,3:39.17,3:36.99,1/5
248,80,2026,5,2,長水路,チーム,6,4×100mフリーリレー,男子,160～199歳,170,4:21.51,,4,,2,酒井智彬,,セ・ときわ台,30.06,,,,,,,,,3:49.44,3:39.17,3:36.99,1/5
249,80,2026,5,2,長水路,チーム,6,4×100mフリーリレー,男子,160～199歳,164,4:28.37,,1,,3,高本直彰,,セ・大宮宮原,36.31,,,,,,,,,3:49.44,3:39.17,3:36.99,2/2
250,80,2026,5,2,長水路,チーム,6,4×100mフリーリレー,男子,160～199歳,164,4:28.37,,2,,3,増田喬行,,セ・大宮宮原,29.35,,,,,,,,,3:49.44,3:39.17,3:36.99,2/2
251,80,2026,5,2,長水路,チーム,6,4×100mフリーリレー,男子,160～199歳,164,4:28.37,,3,,3,皆川雅登,,セ・大宮宮原,33.04,,,,,,,,,3:49.44,3:39.17,3:36.99,2/2
252,80,2026,5,2,長水路,チーム,6,4×100mフリーリレー,男子,160～199歳,164,4:28.37,,4,,3,今橋蒼太郎,,セ・大宮宮原,27.30,,,,,,,,,3:49.44,3:39.17,3:36.99,2/2
253,80,2026,5,2,長水路,チーム,6,4×100mフリーリレー,男子,160～199歳,182,4:56.98,,1,,4,西野正秀,,セ・慶應日吉,36.03,,,,,,,,,3:49.44,3:39.17,3:36.99,1/7
254,80,2026,5,2,長水路,チーム,6,4×100mフリーリレー,男子,160～199歳,182,4:56.98,,2,,4,青木一晃,,セ・慶應日吉,31.46,,,,,,,,,3:49.44,3:39.17,3:36.99,1/7
255,80,2026,5,2,長水路,チーム,6,4×100mフリーリレー,男子,160～199歳,182,4:56.98,,3,,4,大塚秀幸,,セ・慶應日吉,38.95,,,,,,,,,3:49.44,3:39.17,3:36.99,1/7
256,80,2026,5,2,長水路,チーム,6,4×100mフリーリレー,男子,160～199歳,182,4:56.98,,4,,4,江熊夕人,,セ・慶應日吉,31.37,,,,,,,,,3:49.44,3:39.17,3:36.99,1/7
257,80,2026,5,2,長水路,チーム,6,4×100mフリーリレー,男子,120～159歳,147,4:04.16,,1,,1,椎本恭平,,セ・阿佐谷,28.38,,,,,,,,,3:39.10,3:32.50,3:28.93,2/7
258,80,2026,5,2,長水路,チーム,6,4×100mフリーリレー,男子,120～159歳,147,4:04.16,,2,,1,東侑玖,,セ・阿佐谷,28.06,,,,,,,,,3:39.10,3:32.50,3:28.93,2/7
259,80,2026,5,2,長水路,チーム,6,4×100mフリーリレー,男子,120～159歳,147,4:04.16,,3,,1,米本大地,,セ・阿佐谷,28.98,,,,,,,,,3:39.10,3:32.50,3:28.93,2/7
260,80,2026,5,2,長水路,チーム,6,4×100mフリーリレー,男子,120～159歳,147,4:04.16,,4,,1,棚網宏之,,セ・阿佐谷,29.72,,,,,,,,,3:39.10,3:32.50,3:28.93,2/7
261,80,2026,5,2,長水路,チーム,6,4×100mフリーリレー,男子,120～159歳,123,4:12.00,,1,,2,小野健,,セ・天王洲,28.19,,,,,,,,,3:39.10,3:32.50,3:28.93,2/4
262,80,2026,5,2,長水路,チーム,6,4×100mフリーリレー,男子,120～159歳,123,4:12.00,,2,,2,木渕大輝,,セ・天王洲,28.17,,,,,,,,,3:39.10,3:32.50,3:28.93,2/4
263,80,2026,5,2,長水路,チーム,6,4×100mフリーリレー,男子,120～159歳,123,4:12.00,,3,,2,加間英貴,,セ・天王洲,30.98,,,,,,,,,3:39.10,3:32.50,3:28.93,2/4
264,80,2026,5,2,長水路,チーム,6,4×100mフリーリレー,男子,120～159歳,123,4:12.00,,4,,2,寺田遼太,,セ・天王洲,32.67,,,,,,,,,3:39.10,3:32.50,3:28.93,2/4
265,80,2026,5,2,長水路,チーム,6,4×100mフリーリレー,男子,120～159歳,146,4:20.51,,1,,3,村上守,,セ・成瀬,30.29,,,,,,,,,3:39.10,3:32.50,3:28.93,2/6
266,80,2026,5,2,長水路,チーム,6,4×100mフリーリレー,男子,120～159歳,146,4:20.51,,2,,3,山下純生,,セ・成瀬,30.11,,,,,,,,,3:39.10,3:32.50,3:28.93,2/6
267,80,2026,5,2,長水路,チーム,6,4×100mフリーリレー,男子,120～159歳,146,4:20.51,,3,,3,藤田一寿,,セ・成瀬,35.08,,,,,,,,,3:39.10,3:32.50,3:28.93,2/6
268,80,2026,5,2,長水路,チーム,6,4×100mフリーリレー,男子,120～159歳,146,4:20.51,,4,,3,柿沼龍史,,セ・成瀬,27.94,,,,,,,,,3:39.10,3:32.50,3:28.93,2/6
269,80,2026,5,2,長水路,チーム,11,4×50mメドレーリレー,女子,320～359歳,320,4:13.67,,1,,1,須山順子,,セ・松戸,1:10.70,,,,,,,,,4:11.16,3:23.94,3:23.94,1/3
270,80,2026,5,2,長水路,チーム,11,4×50mメドレーリレー,女子,320～359歳,320,4:13.67,,2,,1,福島孝江,,セ・松戸,1:06.21,,,,,,,,,4:11.16,3:23.94,3:23.94,1/3
271,80,2026,5,2,長水路,チーム,11,4×50mメドレーリレー,女子,320～359歳,320,4:13.67,,3,,1,八田清子,,セ・松戸,1:06.22,,,,,,,,,4:11.16,3:23.94,3:23.94,1/3
272,80,2026,5,2,長水路,チーム,11,4×50mメドレーリレー,女子,320～359歳,320,4:13.67,,4,,1,池田則子,,セ・松戸,50.54,,,,,,,,,4:11.16,3:23.94,3:23.94,1/3
273,80,2026,5,2,長水路,チーム,11,4×50mメドレーリレー,女子,280～319歳,290,4:00.37,,1,,1,石崎節代,,セ・南千住,51.16,,,,,,,,,3:04.43,2:43.32,2:34.78,1/7
274,80,2026,5,2,長水路,チーム,11,4×50mメドレーリレー,女子,280～319歳,290,4:00.37,,2,,1,原田早苗,,セ・南千住,1:14.38,,,,,,,,,3:04.43,2:43.32,2:34.78,1/7
275,80,2026,5,2,長水路,チーム,11,4×50mメドレーリレー,女子,280～319歳,290,4:00.37,,3,,1,下川喜美枝,,セ・南千住,1:00.57,,,,,,,,,3:04.43,2:43.32,2:34.78,1/7
276,80,2026,5,2,長水路,チーム,11,4×50mメドレーリレー,女子,280～319歳,290,4:00.37,,4,,1,于亜芝,,セ・南千住,54.26,,,,,,,,,3:04.43,2:43.32,2:34.78,1/7
277,80,2026,5,2,長水路,チーム,11,4×50mメドレーリレー,女子,240～279歳,241,2:53.55,,1,,1,大槻真由美,,セ・清瀬,50.01,,,,,,,,,2:34.86,2:20.03,2:17.00,2/7
278,80,2026,5,2,長水路,チーム,11,4×50mメドレーリレー,女子,240～279歳,241,2:53.55,,2,,1,佐藤美絵子,,セ・清瀬,48.38,,,,,,,,,2:34.86,2:20.03,2:17.00,2/7
279,80,2026,5,2,長水路,チーム,11,4×50mメドレーリレー,女子,240～279歳,241,2:53.55,,3,,1,田中貴子,,セ・清瀬,39.05,,,,,,,,,2:34.86,2:20.03,2:17.00,2/7
280,80,2026,5,2,長水路,チーム,11,4×50mメドレーリレー,女子,240～279歳,241,2:53.55,,4,,1,小倉直美,,セ・清瀬,36.11,,,,,,,,,2:34.86,2:20.03,2:17.00,2/7
281,80,2026,5,2,長水路,チーム,11,4×50mメドレーリレー,女子,240～279歳,245,3:06.67,,1,,2,森本美恵,,セ・松戸,53.62,,,,,,,,,2:34.86,2:20.03,2:17.00,2/8
282,80,2026,5,2,長水路,チーム,11,4×50mメドレーリレー,女子,240～279歳,245,3:06.67,,2,,2,佐々木和恵,,セ・松戸,52.73,,,,,,,,,2:34.86,2:20.03,2:17.00,2/8
283,80,2026,5,2,長水路,チーム,11,4×50mメドレーリレー,女子,240～279歳,245,3:06.67,,3,,2,柳美希,,セ・松戸,36.06,,,,,,,,,2:34.86,2:20.03,2:17.00,2/8
284,80,2026,5,2,長水路,チーム,11,4×50mメドレーリレー,女子,240～279歳,245,3:06.67,,4,,2,相澤史子,,セ・松戸,44.26,,,,,,,,,2:34.86,2:20.03,2:17.00,2/8
285,80,2026,5,2,長水路,チーム,11,4×50mメドレーリレー,女子,240～279歳,251,3:13.00,,1,,3,倉林明子,,セ・おおたか,50.71,,,,,,,,,2:34.86,2:20.03,2:17.00,1/4
286,80,2026,5,2,長水路,チーム,11,4×50mメドレーリレー,女子,240～279歳,251,3:13.00,,2,,3,五十嵐知佐,,セ・おおたか,44.72,,,,,,,,,2:34.86,2:20.03,2:17.00,1/4
287,80,2026,5,2,長水路,チーム,11,4×50mメドレーリレー,女子,240～279歳,251,3:13.00,,3,,3,育村博子,,セ・おおたか,1:00.10,,,,,,,,,2:34.86,2:20.03,2:17.00,1/4
288,80,2026,5,2,長水路,チーム,11,4×50mメドレーリレー,女子,240～279歳,251,3:13.00,,4,,3,野崎由美子,,セ・おおたか,37.47,,,,,,,,,2:34.86,2:20.03,2:17.00,1/4
289,80,2026,5,2,長水路,チーム,11,4×50mメドレーリレー,女子,240～279歳,260,3:22.82,,1,,4,五十嵐佳澄,,セ・阿佐谷,1:00.44,,,,,,,,,2:34.86,2:20.03,2:17.00,1/6
290,80,2026,5,2,長水路,チーム,11,4×50mメドレーリレー,女子,240～279歳,260,3:22.82,,2,,4,小池理恵子,,セ・阿佐谷,48.20,,,,,,,,,2:34.86,2:20.03,2:17.00,1/6
291,80,2026,5,2,長水路,チーム,11,4×50mメドレーリレー,女子,240～279歳,260,3:22.82,,3,,4,大原清美,,セ・阿佐谷,50.28,,,,,,,,,2:34.86,2:20.03,2:17.00,1/6
292,80,2026,5,2,長水路,チーム,11,4×50mメドレーリレー,女子,240～279歳,260,3:22.82,,4,,4,三枚堂かよ子,,セ・阿佐谷,43.90,,,,,,,,,2:34.86,2:20.03,2:17.00,1/6
293,80,2026,5,2,長水路,チーム,11,4×50mメドレーリレー,女子,200～239歳,218,2:37.78,,1,,1,棚網恵理,,セ・阿佐谷,42.24,,,,,,,,,2:20.02,2:09.33,2:08.87,3/8
294,80,2026,5,2,長水路,チーム,11,4×50mメドレーリレー,女子,200～239歳,218,2:37.78,,2,,1,渡邉梨絵,,セ・阿佐谷,37.87,,,,,,,,,2:20.02,2:09.33,2:08.87,3/8
295,80,2026,5,2,長水路,チーム,11,4×50mメドレーリレー,女子,200～239歳,218,2:37.78,,3,,1,西村麻美,,セ・阿佐谷,42.80,,,,,,,,,2:20.02,2:09.33,2:08.87,3/8
296,80,2026,5,2,長水路,チーム,11,4×50mメドレーリレー,女子,200～239歳,218,2:37.78,,4,,1,石原なおみ,,セ・阿佐谷,34.87,,,,,,,,,2:20.02,2:09.33,2:08.87,3/8
297,80,2026,5,2,長水路,チーム,11,4×50mメドレーリレー,女子,200～239歳,210,2:43.93,,1,,2,小林弘子,,セ・葛西,44.07,,,,,,,,,2:20.02,2:09.33,2:08.87,3/1
298,80,2026,5,2,長水路,チーム,11,4×50mメドレーリレー,女子,200～239歳,210,2:43.93,,2,,2,溝井花代子,,セ・葛西,47.83,,,,,,,,,2:20.02,2:09.33,2:08.87,3/1
299,80,2026,5,2,長水路,チーム,11,4×50mメドレーリレー,女子,200～239歳,210,2:43.93,,3,,2,西川由美子,,セ・葛西,39.74,,,,,,,,,2:20.02,2:09.33,2:08.87,3/1
300,80,2026,5,2,長水路,チーム,11,4×50mメドレーリレー,女子,200～239歳,210,2:43.93,,4,,2,原田佳子,,セ・葛西,32.29,,,,,,,,,2:20.02,2:09.33,2:08.87,3/1
301,80,2026,5,2,長水路,チーム,11,4×50mメドレーリレー,女子,200～239歳,230,2:50.53,,1,,3,及川薫,,セ・松戸,45.76,,,,,,,,,2:20.02,2:09.33,2:08.87,2/5
302,80,2026,5,2,長水路,チーム,11,4×50mメドレーリレー,女子,200～239歳,230,2:50.53,,2,,3,高橋圭,,セ・松戸,45.38,,,,,,,,,2:20.02,2:09.33,2:08.87,2/5
303,80,2026,5,2,長水路,チーム,11,4×50mメドレーリレー,女子,200～239歳,230,2:50.53,,3,,3,八尋加苗,,セ・松戸,41.51,,,,,,,,,2:20.02,2:09.33,2:08.87,2/5
304,80,2026,5,2,長水路,チーム,11,4×50mメドレーリレー,女子,200～239歳,230,2:50.53,,4,,3,高橋久美,,セ・松戸,37.88,,,,,,,,,2:20.02,2:09.33,2:08.87,2/5
305,80,2026,5,2,長水路,チーム,11,4×50mメドレーリレー,女子,200～239歳,217,2:50.80,,1,,4,青山里香,,セ・成瀬,36.82,,,,,,,,,2:20.02,2:09.33,2:08.87,2/3
306,80,2026,5,2,長水路,チーム,11,4×50mメドレーリレー,女子,200～239歳,217,2:50.80,,2,,4,久松葉子,,セ・成瀬,53.78,,,,,,,,,2:20.02,2:09.33,2:08.87,2/3
307,80,2026,5,2,長水路,チーム,11,4×50mメドレーリレー,女子,200～239歳,217,2:50.80,,3,,4,兵頭和子,,セ・成瀬,42.14,,,,,,,,,2:20.02,2:09.33,2:08.87,2/3
308,80,2026,5,2,長水路,チーム,11,4×50mメドレーリレー,女子,200～239歳,217,2:50.80,,4,,4,篠倉有美,,セ・成瀬,38.06,,,,,,,,,2:20.02,2:09.33,2:08.87,2/3
309,80,2026,5,2,長水路,チーム,11,4×50mメドレーリレー,女子,200～239歳,211,3:31.27,,1,,5,日置睦,,セ・我孫子,1:07.07,,,,,,,,,2:20.02,2:09.33,2:08.87,1/5
310,80,2026,5,2,長水路,チーム,11,4×50mメドレーリレー,女子,200～239歳,211,3:31.27,,2,,5,池田美来,,セ・我孫子,44.50,,,,,,,,,2:20.02,2:09.33,2:08.87,1/5
311,80,2026,5,2,長水路,チーム,11,4×50mメドレーリレー,女子,200～239歳,211,3:31.27,,3,,5,譲原恵子,,セ・我孫子,58.41,,,,,,,,,2:20.02,2:09.33,2:08.87,1/5
312,80,2026,5,2,長水路,チーム,11,4×50mメドレーリレー,女子,200～239歳,211,3:31.27,,4,,5,角南美貴,,セ・我孫子,41.29,,,,,,,,,2:20.02,2:09.33,2:08.87,1/5
313,80,2026,5,2,長水路,チーム,11,4×50mメドレーリレー,女子,160～199歳,177,2:22.84,,1,,1,川北恵,,セ・長津田,36.62,,,,,,,,,2:15.71,2:06.69,2:02.92,3/6
314,80,2026,5,2,長水路,チーム,11,4×50mメドレーリレー,女子,160～199歳,177,2:22.84,,2,,1,宍戸萌,,セ・長津田,39.01,,,,,,,,,2:15.71,2:06.69,2:02.92,3/6
315,80,2026,5,2,長水路,チーム,11,4×50mメドレーリレー,女子,160～199歳,177,2:22.84,,3,,1,吉村華余,,セ・長津田,32.16,,,,,,,,,2:15.71,2:06.69,2:02.92,3/6
316,80,2026,5,2,長水路,チーム,11,4×50mメドレーリレー,女子,160～199歳,177,2:22.84,,4,,1,原磨理,,セ・長津田,35.05,,,,,,,,,2:15.71,2:06.69,2:02.92,3/6
317,80,2026,5,2,長水路,チーム,11,4×50mメドレーリレー,女子,160～199歳,167,2:28.16,,1,,2,吉田のばら,,セ・南千住,36.62,,,,,,,,,2:15.71,2:06.69,2:02.92,3/7
318,80,2026,5,2,長水路,チーム,11,4×50mメドレーリレー,女子,160～199歳,167,2:28.16,,2,,2,田原文月,,セ・南千住,47.59,,,,,,,,,2:15.71,2:06.69,2:02.92,3/7
319,80,2026,5,2,長水路,チーム,11,4×50mメドレーリレー,女子,160～199歳,167,2:28.16,,3,,2,真如美優,,セ・南千住,32.03,,,,,,,,,2:15.71,2:06.69,2:02.92,3/7
320,80,2026,5,2,長水路,チーム,11,4×50mメドレーリレー,女子,160～199歳,167,2:28.16,,4,,2,杉本浩美,,セ・南千住,31.92,,,,,,,,,2:15.71,2:06.69,2:02.92,3/7
321,80,2026,5,2,長水路,チーム,11,4×50mメドレーリレー,女子,160～199歳,174,2:35.18,,1,,3,佐々木彩,,セ・成城,39.69,,,,,,,,,2:15.71,2:06.69,2:02.92,3/2
322,80,2026,5,2,長水路,チーム,11,4×50mメドレーリレー,女子,160～199歳,174,2:35.18,,2,,3,佐藤洋子,,セ・成城,45.45,,,,,,,,,2:15.71,2:06.69,2:02.92,3/2
323,80,2026,5,2,長水路,チーム,11,4×50mメドレーリレー,女子,160～199歳,174,2:35.18,,3,,3,丸玖瑠都,,セ・成城,37.01,,,,,,,,,2:15.71,2:06.69,2:02.92,3/2
324,80,2026,5,2,長水路,チーム,11,4×50mメドレーリレー,女子,160～199歳,174,2:35.18,,4,,3,岩田愛恵,,セ・成城,33.03,,,,,,,,,2:15.71,2:06.69,2:02.92,3/2
325,80,2026,5,2,長水路,チーム,11,4×50mメドレーリレー,女子,160～199歳,187,2:38.88,,1,,4,大橋ほづ美,,セ・清瀬,41.37,,,,,,,,,2:15.71,2:06.69,2:02.92,3/9
326,80,2026,5,2,長水路,チーム,11,4×50mメドレーリレー,女子,160～199歳,187,2:38.88,,2,,4,田村明美,,セ・清瀬,48.56,,,,,,,,,2:15.71,2:06.69,2:02.92,3/9
327,80,2026,5,2,長水路,チーム,11,4×50mメドレーリレー,女子,160～199歳,187,2:38.88,,3,,4,梶井美杏,,セ・清瀬,37.01,,,,,,,,,2:15.71,2:06.69,2:02.92,3/9
328,80,2026,5,2,長水路,チーム,11,4×50mメドレーリレー,女子,160～199歳,187,2:38.88,,4,,4,大黒明日香,,セ・清瀬,31.94,,,,,,,,,2:15.71,2:06.69,2:02.92,3/9
329,80,2026,5,2,長水路,チーム,11,4×50mメドレーリレー,女子,160～199歳,176,2:47.51,,1,,5,鈴木由佳里,,セ・天王洲,44.44,,,,,,,,,2:15.71,2:06.69,2:02.92,2/6
330,80,2026,5,2,長水路,チーム,11,4×50mメドレーリレー,女子,160～199歳,176,2:47.51,,2,,5,中辻澄美,,セ・天王洲,50.04,,,,,,,,,2:15.71,2:06.69,2:02.92,2/6
331,80,2026,5,2,長水路,チーム,11,4×50mメドレーリレー,女子,160～199歳,176,2:47.51,,3,,5,後藤元美,,セ・天王洲,40.45,,,,,,,,,2:15.71,2:06.69,2:02.92,2/6
332,80,2026,5,2,長水路,チーム,11,4×50mメドレーリレー,女子,160～199歳,176,2:47.51,,4,,5,四井美穂,,セ・天王洲,32.58,,,,,,,,,2:15.71,2:06.69,2:02.92,2/6
333,80,2026,5,2,長水路,チーム,11,4×50mメドレーリレー,女子,160～199歳,177,2:51.55,,1,,6,草野茜,,セ・二俣川,47.54,,,,,,,,,2:15.71,2:06.69,2:02.92,3/10
334,80,2026,5,2,長水路,チーム,11,4×50mメドレーリレー,女子,160～199歳,177,2:51.55,,2,,6,深堀陽子,,セ・二俣川,43.46,,,,,,,,,2:15.71,2:06.69,2:02.92,3/10
335,80,2026,5,2,長水路,チーム,11,4×50mメドレーリレー,女子,160～199歳,177,2:51.55,,3,,6,吉池奈々,,セ・二俣川,44.73,,,,,,,,,2:15.71,2:06.69,2:02.92,3/10
336,80,2026,5,2,長水路,チーム,11,4×50mメドレーリレー,女子,160～199歳,177,2:51.55,,4,,6,前田由希映,,セ・二俣川,35.82,,,,,,,,,2:15.71,2:06.69,2:02.92,3/10
337,80,2026,5,2,長水路,チーム,11,4×50mメドレーリレー,女子,160～199歳,188,2:58.37,,1,,7,水谷裕子,,セ・西新井,54.50,,,,,,,,,2:15.71,2:06.69,2:02.92,2/4
338,80,2026,5,2,長水路,チーム,11,4×50mメドレーリレー,女子,160～199歳,188,2:58.37,,1,,7,遠藤真理(-----),,セ・西新井,,,,,,,,,,2:15.71,2:06.69,2:02.92,2/4
339,80,2026,5,2,長水路,チーム,11,4×50mメドレーリレー,女子,160～199歳,188,2:58.37,,2,,7,渡辺真衣,,セ・西新井,54.82,,,,,,,,,2:15.71,2:06.69,2:02.92,2/4
340,80,2026,5,2,長水路,チーム,11,4×50mメドレーリレー,女子,160～199歳,188,2:58.37,,2,,7,櫻井理恵子(-----),,セ・西新井,,,,,,,,,,2:15.71,2:06.69,2:02.92,2/4
341,80,2026,5,2,長水路,チーム,11,4×50mメドレーリレー,女子,160～199歳,188,2:58.37,,3,,7,篠原萌,,セ・西新井,36.33,,,,,,,,,2:15.71,2:06.69,2:02.92,2/4
342,80,2026,5,2,長水路,チーム,11,4×50mメドレーリレー,女子,160～199歳,188,2:58.37,,3,,7,大和久佳江(-----),,セ・西新井,,,,,,,,,,2:15.71,2:06.69,2:02.92,2/4
343,80,2026,5,2,長水路,チーム,11,4×50mメドレーリレー,女子,160～199歳,188,2:58.37,,4,,7,小林恵,,セ・西新井,32.72,,,,,,,,,2:15.71,2:06.69,2:02.92,2/4
344,80,2026,5,2,長水路,チーム,11,4×50mメドレーリレー,女子,160～199歳,188,2:58.37,,4,,7,豊島葉子(-----),,セ・西新井,,,,,,,,,,2:15.71,2:06.69,2:02.92,2/4
345,80,2026,5,2,長水路,チーム,11,4×50mメドレーリレー,女子,120～159歳,134,2:13.93,,1,,1,岩城心美,,セ・武蔵小杉,33.53,,,,,,,,,2:13.80,1:58.93,1:58.93,3/5
346,80,2026,5,2,長水路,チーム,11,4×50mメドレーリレー,女子,120～159歳,134,2:13.93,,2,,1,北川麻美,,セ・武蔵小杉,35.16,,,,,,,,,2:13.80,1:58.93,1:58.93,3/5
347,80,2026,5,2,長水路,チーム,11,4×50mメドレーリレー,女子,120～159歳,134,2:13.93,,3,,1,海口綾乃,,セ・武蔵小杉,34.59,,,,,,,,,2:13.80,1:58.93,1:58.93,3/5
348,80,2026,5,2,長水路,チーム,11,4×50mメドレーリレー,女子,120～159歳,134,2:13.93,,4,,1,田中美鈴,,セ・武蔵小杉,30.65,,,,,,,,,2:13.80,1:58.93,1:58.93,3/5
349,80,2026,5,2,長水路,チーム,11,4×50mメドレーリレー,女子,120～159歳,145,2:33.13,,1,,2,岩田茉子,,セ・おおたか,46.58,,,,,,,,,2:13.80,1:58.93,1:58.93,3/3
350,80,2026,5,2,長水路,チーム,11,4×50mメドレーリレー,女子,120～159歳,145,2:33.13,,2,,2,中村可奈子,,セ・おおたか,42.22,,,,,,,,,2:13.80,1:58.93,1:58.93,3/3
351,80,2026,5,2,長水路,チーム,11,4×50mメドレーリレー,女子,120～159歳,145,2:33.13,,3,,2,高嶋ひなの,,セ・おおたか,30.29,,,,,,,,,2:13.80,1:58.93,1:58.93,3/3
352,80,2026,5,2,長水路,チーム,11,4×50mメドレーリレー,女子,120～159歳,145,2:33.13,,4,,2,柳有美子,,セ・おおたか,34.04,,,,,,,,,2:13.80,1:58.93,1:58.93,3/3
353,80,2026,5,2,長水路,チーム,12,4×50mメドレーリレー,男子,280～319歳,283,3:20.69,,1,,1,大内洋,,セ・葛西,57.22,,,,,,,,,2:35.20,2:17.91,2:07.03,1/9
354,80,2026,5,2,長水路,チーム,12,4×50mメドレーリレー,男子,280～319歳,283,3:20.69,,2,,1,小林健,,セ・葛西,40.51,,,,,,,,,2:35.20,2:17.91,2:07.03,1/9
355,80,2026,5,2,長水路,チーム,12,4×50mメドレーリレー,男子,280～319歳,283,3:20.69,,3,,1,菱沼和男,,セ・葛西,1:01.79,,,,,,,,,2:35.20,2:17.91,2:07.03,1/9
356,80,2026,5,2,長水路,チーム,12,4×50mメドレーリレー,男子,280～319歳,283,3:20.69,,4,,1,赤坂吉昭,,セ・葛西,41.17,,,,,,,,,2:35.20,2:17.91,2:07.03,1/9
357,80,2026,5,2,長水路,チーム,12,4×50mメドレーリレー,男子,240～279歳,247,2:21.32,,1,,1,古木隆介,,セ・用賀,35.46,,,,,,,,,2:03.13,2:02.05,1:57.46,2/7
358,80,2026,5,2,長水路,チーム,12,4×50mメドレーリレー,男子,240～279歳,247,2:21.32,,2,,1,和田浩一,,セ・用賀,37.88,,,,,,,,,2:03.13,2:02.05,1:57.46,2/7
359,80,2026,5,2,長水路,チーム,12,4×50mメドレーリレー,男子,240～279歳,247,2:21.32,,3,,1,飯田正敏,,セ・用賀,34.66,,,,,,,,,2:03.13,2:02.05,1:57.46,2/7
360,80,2026,5,2,長水路,チーム,12,4×50mメドレーリレー,男子,240～279歳,247,2:21.32,,4,,1,佐藤正章,,セ・用賀,33.32,,,,,,,,,2:03.13,2:02.05,1:57.46,2/7
361,80,2026,5,2,長水路,チーム,12,4×50mメドレーリレー,男子,240～279歳,246,2:22.07,,1,,2,會田修一,,セ・おおたか,39.08,,,,,,,,,2:03.13,2:02.05,1:57.46,2/8
362,80,2026,5,2,長水路,チーム,12,4×50mメドレーリレー,男子,240～279歳,246,2:22.07,,2,,2,大作善祥,,セ・おおたか,34.73,,,,,,,,,2:03.13,2:02.05,1:57.46,2/8
363,80,2026,5,2,長水路,チーム,12,4×50mメドレーリレー,男子,240～279歳,246,2:22.07,,3,,2,海辺信吉,,セ・おおたか,33.30,,,,,,,,,2:03.13,2:02.05,1:57.46,2/8
364,80,2026,5,2,長水路,チーム,12,4×50mメドレーリレー,男子,240～279歳,246,2:22.07,,4,,2,五十嵐洋,,セ・おおたか,34.96,,,,,,,,,2:03.13,2:02.05,1:57.46,2/8
365,80,2026,5,2,長水路,チーム,12,4×50mメドレーリレー,男子,240～279歳,243,2:25.74,,1,,3,宮川則仁,,セ・大宮宮原,39.20,,,,,,,,,2:03.13,2:02.05,1:57.46,1/5
366,80,2026,5,2,長水路,チーム,12,4×50mメドレーリレー,男子,240～279歳,243,2:25.74,,2,,3,松田賢治,,セ・大宮宮原,39.92,,,,,,,,,2:03.13,2:02.05,1:57.46,1/5
367,80,2026,5,2,長水路,チーム,12,4×50mメドレーリレー,男子,240～279歳,243,2:25.74,,3,,3,皆川雅登,,セ・大宮宮原,32.19,,,,,,,,,2:03.13,2:02.05,1:57.46,1/5
368,80,2026,5,2,長水路,チーム,12,4×50mメドレーリレー,男子,240～279歳,243,2:25.74,,4,,3,遠藤隆昭,,セ・大宮宮原,34.43,,,,,,,,,2:03.13,2:02.05,1:57.46,1/5
369,80,2026,5,2,長水路,チーム,12,4×50mメドレーリレー,男子,240～279歳,251,2:37.60,,1,,4,吉田亮,,セ・成城,44.85,,,,,,,,,2:03.13,2:02.05,1:57.46,1/6
370,80,2026,5,2,長水路,チーム,12,4×50mメドレーリレー,男子,240～279歳,251,2:37.60,,2,,4,村上守,,セ・成城,37.09,,,,,,,,,2:03.13,2:02.05,1:57.46,1/6
371,80,2026,5,2,長水路,チーム,12,4×50mメドレーリレー,男子,240～279歳,251,2:37.60,,3,,4,木津誠,,セ・成城,44.28,,,,,,,,,2:03.13,2:02.05,1:57.46,1/6
372,80,2026,5,2,長水路,チーム,12,4×50mメドレーリレー,男子,240～279歳,251,2:37.60,,4,,4,藤田一寿,,セ・成城,31.38,,,,,,,,,2:03.13,2:02.05,1:57.46,1/6
373,80,2026,5,2,長水路,チーム,12,4×50mメドレーリレー,男子,240～279歳,249,2:43.58,,1,,5,高橋潤,,セ・成瀬,46.94,,,,,,,,,2:03.13,2:02.05,1:57.46,1/2
374,80,2026,5,2,長水路,チーム,12,4×50mメドレーリレー,男子,240～279歳,249,2:43.58,,2,,5,服部陽一,,セ・成瀬,51.98,,,,,,,,,2:03.13,2:02.05,1:57.46,1/2
375,80,2026,5,2,長水路,チーム,12,4×50mメドレーリレー,男子,240～279歳,249,2:43.58,,3,,5,石井将太,,セ・成瀬,29.26,,,,,,,,,2:03.13,2:02.05,1:57.46,1/2
376,80,2026,5,2,長水路,チーム,12,4×50mメドレーリレー,男子,240～279歳,249,2:43.58,,4,,5,柏木治久,,セ・成瀬,35.40,,,,,,,,,2:03.13,2:02.05,1:57.46,1/2
377,80,2026,5,2,長水路,チーム,12,4×50mメドレーリレー,男子,200～239歳,219,2:12.39,,1,,1,富松実,,セ・二俣川,39.01,,,,,,,,,1:56.72,1:52.57,1:50.83,2/6
378,80,2026,5,2,長水路,チーム,12,4×50mメドレーリレー,男子,200～239歳,219,2:12.39,,2,,1,関口義和,,セ・二俣川,35.23,,,,,,,,,1:56.72,1:52.57,1:50.83,2/6
379,80,2026,5,2,長水路,チーム,12,4×50mメドレーリレー,男子,200～239歳,219,2:12.39,,3,,1,永瀬知之,,セ・二俣川,28.87,,,,,,,,,1:56.72,1:52.57,1:50.83,2/6
380,80,2026,5,2,長水路,チーム,12,4×50mメドレーリレー,男子,200～239歳,219,2:12.39,,4,,1,堀川広祐,,セ・二俣川,29.28,,,,,,,,,1:56.72,1:52.57,1:50.83,2/6
381,80,2026,5,2,長水路,チーム,12,4×50mメドレーリレー,男子,200～239歳,201,2:13.05,,1,,2,矢作歩,,セ・長津田,35.93,,,,,,,,,1:56.72,1:52.57,1:50.83,2/5
382,80,2026,5,2,長水路,チーム,12,4×50mメドレーリレー,男子,200～239歳,201,2:13.05,,2,,2,祖川久茂,,セ・長津田,37.80,,,,,,,,,1:56.72,1:52.57,1:50.83,2/5
383,80,2026,5,2,長水路,チーム,12,4×50mメドレーリレー,男子,200～239歳,201,2:13.05,,3,,2,藤本豊和,,セ・長津田,31.58,,,,,,,,,1:56.72,1:52.57,1:50.83,2/5
384,80,2026,5,2,長水路,チーム,12,4×50mメドレーリレー,男子,200～239歳,201,2:13.05,,4,,2,花井一也,,セ・長津田,27.74,,,,,,,,,1:56.72,1:52.57,1:50.83,2/5
385,80,2026,5,2,長水路,チーム,12,4×50mメドレーリレー,男子,200～239歳,208,2:19.16,,1,,3,久保卓士,,セ・天王洲,37.37,,,,,,,,,1:56.72,1:52.57,1:50.83,2/2
386,80,2026,5,2,長水路,チーム,12,4×50mメドレーリレー,男子,200～239歳,208,2:19.16,,2,,3,千葉忠英,,セ・天王洲,42.00,,,,,,,,,1:56.72,1:52.57,1:50.83,2/2
387,80,2026,5,2,長水路,チーム,12,4×50mメドレーリレー,男子,200～239歳,208,2:19.16,,3,,3,倉持公一,,セ・天王洲,30.52,,,,,,,,,1:56.72,1:52.57,1:50.83,2/2
388,80,2026,5,2,長水路,チーム,12,4×50mメドレーリレー,男子,200～239歳,208,2:19.16,,4,,3,宅間健介,,セ・天王洲,29.27,,,,,,,,,1:56.72,1:52.57,1:50.83,2/2
389,80,2026,5,2,長水路,チーム,12,4×50mメドレーリレー,男子,200～239歳,204,2:24.94,,1,,4,溝口泰平,,セ・八王子,39.01,,,,,,,,,1:56.72,1:52.57,1:50.83,2/3
390,80,2026,5,2,長水路,チーム,12,4×50mメドレーリレー,男子,200～239歳,204,2:24.94,,2,,4,高田義久,,セ・八王子,40.26,,,,,,,,,1:56.72,1:52.57,1:50.83,2/3
391,80,2026,5,2,長水路,チーム,12,4×50mメドレーリレー,男子,200～239歳,204,2:24.94,,3,,4,鈴木直哉,,セ・八王子,35.75,,,,,,,,,1:56.72,1:52.57,1:50.83,2/3
392,80,2026,5,2,長水路,チーム,12,4×50mメドレーリレー,男子,200～239歳,204,2:24.94,,4,,4,添田邦彦,,セ・八王子,29.92,,,,,,,,,1:56.72,1:52.57,1:50.83,2/3
393,80,2026,5,2,長水路,チーム,12,4×50mメドレーリレー,男子,200～239歳,207,2:31.21,,1,,5,小島駿紀,,セ・ときわ台,28.03,,,,,,,,,1:56.72,1:52.57,1:50.83,1/3
394,80,2026,5,2,長水路,チーム,12,4×50mメドレーリレー,男子,200～239歳,207,2:31.21,,2,,5,仲二見実,,セ・ときわ台,50.60,,,,,,,,,1:56.72,1:52.57,1:50.83,1/3
395,80,2026,5,2,長水路,チーム,12,4×50mメドレーリレー,男子,200～239歳,207,2:31.21,,3,,5,萩中希予史,,セ・ときわ台,34.59,,,,,,,,,1:56.72,1:52.57,1:50.83,1/3
396,80,2026,5,2,長水路,チーム,12,4×50mメドレーリレー,男子,200～239歳,207,2:31.21,,4,,5,向山高弘,,セ・ときわ台,37.99,,,,,,,,,1:56.72,1:52.57,1:50.83,1/3
397,80,2026,5,2,長水路,チーム,12,4×50mメドレーリレー,男子,200～239歳,224,2:34.51,,1,,6,鈴木篤,,セ・おおたか,50.46,,,,,,,,,1:56.72,1:52.57,1:50.83,1/8
398,80,2026,5,2,長水路,チーム,12,4×50mメドレーリレー,男子,200～239歳,224,2:34.51,,2,,6,登坂健志,,セ・おおたか,38.42,,,,,,,,,1:56.72,1:52.57,1:50.83,1/8
399,80,2026,5,2,長水路,チーム,12,4×50mメドレーリレー,男子,200～239歳,224,2:34.51,,3,,6,倉持孝博,,セ・おおたか,30.94,,,,,,,,,1:56.72,1:52.57,1:50.83,1/8
400,80,2026,5,2,長水路,チーム,12,4×50mメドレーリレー,男子,200～239歳,224,2:34.51,,4,,6,小山邦彦,,セ・おおたか,34.69,,,,,,,,,1:56.72,1:52.57,1:50.83,1/8
401,80,2026,5,2,長水路,チーム,12,4×50mメドレーリレー,男子,160～199歳,161,1:58.46,,1,,1,青木圭祐,,セ・葛西,29.22,,,,,,,,,1:51.00,1:44.30,1:44.93,3/7
402,80,2026,5,2,長水路,チーム,12,4×50mメドレーリレー,男子,160～199歳,161,1:58.46,,2,,1,前島悠也,,セ・葛西,31.01,,,,,,,,,1:51.00,1:44.30,1:44.93,3/7
403,80,2026,5,2,長水路,チーム,12,4×50mメドレーリレー,男子,160～199歳,161,1:58.46,,3,,1,石井孟,,セ・葛西,28.31,,,,,,,,,1:51.00,1:44.30,1:44.93,3/7
404,80,2026,5,2,長水路,チーム,12,4×50mメドレーリレー,男子,160～199歳,161,1:58.46,,4,,1,弭間政隆,,セ・葛西,29.92,,,,,,,,,1:51.00,1:44.30,1:44.93,3/7
405,80,2026,5,2,長水路,チーム,12,4×50mメドレーリレー,男子,160～199歳,178,2:02.88,,1,,2,中村良樹,,セ・武蔵小杉,35.00,,,,,,,,,1:51.00,1:44.30,1:44.93,3/8
406,80,2026,5,2,長水路,チーム,12,4×50mメドレーリレー,男子,160～199歳,178,2:02.88,,2,,2,袴田舜,,セ・武蔵小杉,30.86,,,,,,,,,1:51.00,1:44.30,1:44.93,3/8
407,80,2026,5,2,長水路,チーム,12,4×50mメドレーリレー,男子,160～199歳,178,2:02.88,,3,,2,早川友二,,セ・武蔵小杉,30.89,,,,,,,,,1:51.00,1:44.30,1:44.93,3/8
408,80,2026,5,2,長水路,チーム,12,4×50mメドレーリレー,男子,160～199歳,178,2:02.88,,4,,2,奥平竜司,,セ・武蔵小杉,26.13,,,,,,,,,1:51.00,1:44.30,1:44.93,3/8
409,80,2026,5,2,長水路,チーム,12,4×50mメドレーリレー,男子,160～199歳,166,2:05.50,,1,,3,室坂拓真,,セ・用賀,31.98,,,,,,,,,1:51.00,1:44.30,1:44.93,3/9
410,80,2026,5,2,長水路,チーム,12,4×50mメドレーリレー,男子,160～199歳,166,2:05.50,,2,,3,浅岡遼,,セ・用賀,36.25,,,,,,,,,1:51.00,1:44.30,1:44.93,3/9
411,80,2026,5,2,長水路,チーム,12,4×50mメドレーリレー,男子,160～199歳,166,2:05.50,,3,,3,鈴木謙太朗,,セ・用賀,26.65,,,,,,,,,1:51.00,1:44.30,1:44.93,3/9
412,80,2026,5,2,長水路,チーム,12,4×50mメドレーリレー,男子,160～199歳,166,2:05.50,,4,,3,柄澤英也,,セ・用賀,30.62,,,,,,,,,1:51.00,1:44.30,1:44.93,3/9
413,80,2026,5,2,長水路,チーム,12,4×50mメドレーリレー,男子,160～199歳,184,2:14.39,,1,,4,安齊大和,,ザバス八景,31.73,,,,,,,,,1:51.00,1:44.30,1:44.93,1/4
414,80,2026,5,2,長水路,チーム,12,4×50mメドレーリレー,男子,160～199歳,184,2:14.39,,2,,4,兼森伸児,,ザバス八景,39.41,,,,,,,,,1:51.00,1:44.30,1:44.93,1/4
415,80,2026,5,2,長水路,チーム,12,4×50mメドレーリレー,男子,160～199歳,184,2:14.39,,3,,4,澤田聡志,,ザバス八景,30.73,,,,,,,,,1:51.00,1:44.30,1:44.93,1/4
416,80,2026,5,2,長水路,チーム,12,4×50mメドレーリレー,男子,160～199歳,184,2:14.39,,4,,4,久保田信利,,ザバス八景,32.52,,,,,,,,,1:51.00,1:44.30,1:44.93,1/4
417,80,2026,5,2,長水路,チーム,12,4×50mメドレーリレー,男子,160～199歳,166,2:18.30,,1,,5,羽田浩一,,セ・成城,37.39,,,,,,,,,1:51.00,1:44.30,1:44.93,2/4
418,80,2026,5,2,長水路,チーム,12,4×50mメドレーリレー,男子,160～199歳,166,2:18.30,,2,,5,山下純生,,セ・成城,33.89,,,,,,,,,1:51.00,1:44.30,1:44.93,2/4
419,80,2026,5,2,長水路,チーム,12,4×50mメドレーリレー,男子,160～199歳,166,2:18.30,,3,,5,柿沼龍史,,セ・成城,28.03,,,,,,,,,1:51.00,1:44.30,1:44.93,2/4
420,80,2026,5,2,長水路,チーム,12,4×50mメドレーリレー,男子,160～199歳,166,2:18.30,,4,,5,浦田昌和,,セ・成城,38.99,,,,,,,,,1:51.00,1:44.30,1:44.93,2/4
421,80,2026,5,2,長水路,チーム,12,4×50mメドレーリレー,男子,160～199歳,190,2:24.40,,1,,6,半澤裕一,,セ・我孫子,42.93,,,,,,,,,1:51.00,1:44.30,1:44.93,1/7
422,80,2026,5,2,長水路,チーム,12,4×50mメドレーリレー,男子,160～199歳,190,2:24.40,,2,,6,江沢純也,,セ・我孫子,37.25,,,,,,,,,1:51.00,1:44.30,1:44.93,1/7
423,80,2026,5,2,長水路,チーム,12,4×50mメドレーリレー,男子,160～199歳,190,2:24.40,,3,,6,結城智弘,,セ・我孫子,28.69,,,,,,,,,1:51.00,1:44.30,1:44.93,1/7
424,80,2026,5,2,長水路,チーム,12,4×50mメドレーリレー,男子,160～199歳,190,2:24.40,,4,,6,鈴木幹男,,セ・我孫子,35.53,,,,,,,,,1:51.00,1:44.30,1:44.93,1/7
425,80,2026,5,2,長水路,チーム,12,4×50mメドレーリレー,男子,160～199歳,193,2:35.06,,1,,7,若杉佳宏,,セ・阿佐谷,40.78,,,,,,,,,1:51.00,1:44.30,1:44.93,2/9
426,80,2026,5,2,長水路,チーム,12,4×50mメドレーリレー,男子,160～199歳,193,2:35.06,,2,,7,細野忠大,,セ・阿佐谷,42.56,,,,,,,,,1:51.00,1:44.30,1:44.93,2/9
427,80,2026,5,2,長水路,チーム,12,4×50mメドレーリレー,男子,160～199歳,193,2:35.06,,3,,7,上田徹,,セ・阿佐谷,38.01,,,,,,,,,1:51.00,1:44.30,1:44.93,2/9
428,80,2026,5,2,長水路,チーム,12,4×50mメドレーリレー,男子,160～199歳,193,2:35.06,,4,,7,松本隆宏,,セ・阿佐谷,33.71,,,,,,,,,1:51.00,1:44.30,1:44.93,2/9
429,80,2026,5,2,長水路,チーム,12,4×50mメドレーリレー,男子,120～159歳,150,1:55.76,,1,,1,東侑玖,,セ・阿佐谷,29.11,,,,,,,,,1:52.11,1:42.09,1:42.00,3/6
430,80,2026,5,2,長水路,チーム,12,4×50mメドレーリレー,男子,120～159歳,150,1:55.76,,2,,1,津守陽介,,セ・阿佐谷,31.50,,,,,,,,,1:52.11,1:42.09,1:42.00,3/6
431,80,2026,5,2,長水路,チーム,12,4×50mメドレーリレー,男子,120～159歳,150,1:55.76,,3,,1,米本大地,,セ・阿佐谷,27.64,,,,,,,,,1:52.11,1:42.09,1:42.00,3/6
432,80,2026,5,2,長水路,チーム,12,4×50mメドレーリレー,男子,120～159歳,150,1:55.76,,4,,1,北川貴義,,セ・阿佐谷,27.51,,,,,,,,,1:52.11,1:42.09,1:42.00,3/6
433,80,2026,5,2,長水路,チーム,12,4×50mメドレーリレー,男子,120～159歳,139,1:58.08,,1,,2,田窪達,,セ・市ヶ尾,32.12,,,,,,,,,1:52.11,1:42.09,1:42.00,3/5
434,80,2026,5,2,長水路,チーム,12,4×50mメドレーリレー,男子,120～159歳,139,1:58.08,,2,,2,山下修司,,セ・市ヶ尾,29.86,,,,,,,,,1:52.11,1:42.09,1:42.00,3/5
435,80,2026,5,2,長水路,チーム,12,4×50mメドレーリレー,男子,120～159歳,139,1:58.08,,3,,2,木村考太,,セ・市ヶ尾,31.01,,,,,,,,,1:52.11,1:42.09,1:42.00,3/5
436,80,2026,5,2,長水路,チーム,12,4×50mメドレーリレー,男子,120～159歳,139,1:58.08,,4,,2,綿貫太地,,セ・市ヶ尾,25.09,,,,,,,,,1:52.11,1:42.09,1:42.00,3/5
437,80,2026,5,2,長水路,チーム,12,4×50mメドレーリレー,男子,120～159歳,123,2:00.97,,1,,3,小野健,,セ・天王洲,33.13,,,,,,,,,1:52.11,1:42.09,1:42.00,3/2
438,80,2026,5,2,長水路,チーム,12,4×50mメドレーリレー,男子,120～159歳,123,2:00.97,,2,,3,加間英貴,,セ・天王洲,33.12,,,,,,,,,1:52.11,1:42.09,1:42.00,3/2
439,80,2026,5,2,長水路,チーム,12,4×50mメドレーリレー,男子,120～159歳,123,2:00.97,,3,,3,木渕大輝,,セ・天王洲,26.59,,,,,,,,,1:52.11,1:42.09,1:42.00,3/2
440,80,2026,5,2,長水路,チーム,12,4×50mメドレーリレー,男子,120～159歳,123,2:00.97,,4,,3,寺田遼太,,セ・天王洲,28.13,,,,,,,,,1:52.11,1:42.09,1:42.00,3/2
441,80,2026,5,2,長水路,チーム,12,4×50mメドレーリレー,男子,120～159歳,144,2:01.65,,1,,4,古川貴章,,セ・おおたか,33.42,,,,,,,,,1:52.11,1:42.09,1:42.00,3/3
442,80,2026,5,2,長水路,チーム,12,4×50mメドレーリレー,男子,120～159歳,144,2:01.65,,2,,4,石井了,,セ・おおたか,30.35,,,,,,,,,1:52.11,1:42.09,1:42.00,3/3
443,80,2026,5,2,長水路,チーム,12,4×50mメドレーリレー,男子,120～159歳,144,2:01.65,,3,,4,都築クラウディオ佑司,,セ・おおたか,27.98,,,,,,,,,1:52.11,1:42.09,1:42.00,3/3
444,80,2026,5,2,長水路,チーム,12,4×50mメドレーリレー,男子,120～159歳,144,2:01.65,,4,,4,前田光輝,,セ・おおたか,29.90,,,,,,,,,1:52.11,1:42.09,1:42.00,3/3
445,80,2026,5,2,長水路,チーム,12,4×50mメドレーリレー,男子,120～159歳,139,2:04.92,,1,,5,新福留広貴,,セ・二俣川,35.50,,,,,,,,,1:52.11,1:42.09,1:42.00,3/1
446,80,2026,5,2,長水路,チーム,12,4×50mメドレーリレー,男子,120～159歳,139,2:04.92,,2,,5,田中壮一郎,,セ・二俣川,33.34,,,,,,,,,1:52.11,1:42.09,1:42.00,3/1
447,80,2026,5,2,長水路,チーム,12,4×50mメドレーリレー,男子,120～159歳,139,2:04.92,,3,,5,成田昌記,,セ・二俣川,29.59,,,,,,,,,1:52.11,1:42.09,1:42.00,3/1
448,80,2026,5,2,長水路,チーム,12,4×50mメドレーリレー,男子,120～159歳,139,2:04.92,,4,,5,前田崇行,,セ・二俣川,26.49,,,,,,,,,1:52.11,1:42.09,1:42.00,3/1
449,80,2026,5,2,長水路,チーム,12,4×50mメドレーリレー,男子,120～159歳,132,2:05.59,,1,,6,今里昂哉,,セ・清瀬,31.61,,,,,,,,,1:52.11,1:42.09,1:42.00,3/10
450,80,2026,5,2,長水路,チーム,12,4×50mメドレーリレー,男子,120～159歳,132,2:05.59,,2,,6,西沢歩,,セ・清瀬,35.35,,,,,,,,,1:52.11,1:42.09,1:42.00,3/10
451,80,2026,5,2,長水路,チーム,12,4×50mメドレーリレー,男子,120～159歳,132,2:05.59,,3,,6,小倉秀和,,セ・清瀬,32.89,,,,,,,,,1:52.11,1:42.09,1:42.00,3/10
452,80,2026,5,2,長水路,チーム,12,4×50mメドレーリレー,男子,120～159歳,132,2:05.59,,4,,6,浅井春人,,セ・清瀬,25.74,,,,,,,,,1:52.11,1:42.09,1:42.00,3/10
453,80,2026,5,2,長水路,チーム,12,4×50mメドレーリレー,男子,120～159歳,134,2:07.65,,1,,7,濱﨑悠生,,セ・柏,33.86,,,,,,,,,1:52.11,1:42.09,1:42.00,3/4
454,80,2026,5,2,長水路,チーム,12,4×50mメドレーリレー,男子,120～159歳,134,2:07.65,,2,,7,長田裕史,,セ・柏,33.90,,,,,,,,,1:52.11,1:42.09,1:42.00,3/4
455,80,2026,5,2,長水路,チーム,12,4×50mメドレーリレー,男子,120～159歳,134,2:07.65,,3,,7,磯貝知弘,,セ・柏,34.65,,,,,,,,,1:52.11,1:42.09,1:42.00,3/4
456,80,2026,5,2,長水路,チーム,12,4×50mメドレーリレー,男子,120～159歳,134,2:07.65,,4,,7,川口皓生,,セ・柏,25.24,,,,,,,,,1:52.11,1:42.09,1:42.00,3/4
457,80,2026,5,2,長水路,チーム,17,4×50mメドレーリレー,混合,280～319歳,286,3:00.42,,1,,1,藤井一恵,,セ・大森,54.78,,,,,,,,,2:48.17,2:26.90,2:19.17,1/5
458,80,2026,5,2,長水路,チーム,17,4×50mメドレーリレー,混合,280～319歳,286,3:00.42,,2,,1,町田克浩,,セ・大森,43.01,,,,,,,,,2:48.17,2:26.90,2:19.17,1/5
459,80,2026,5,2,長水路,チーム,17,4×50mメドレーリレー,混合,280～319歳,286,3:00.42,,3,,1,瀧川一興,,セ・大森,37.31,,,,,,,,,2:48.17,2:26.90,2:19.17,1/5
460,80,2026,5,2,長水路,チーム,17,4×50mメドレーリレー,混合,280～319歳,286,3:00.42,,4,,1,室谷晴江,,セ・大森,45.32,,,,,,,,,2:48.17,2:26.90,2:19.17,1/5
461,80,2026,5,2,長水路,チーム,17,4×50mメドレーリレー,混合,280～319歳,302,3:01.52,,1,,2,吉田亮,,セ・成城,45.68,,,,,,,,,2:48.17,2:26.90,2:19.17,1/7
462,80,2026,5,2,長水路,チーム,17,4×50mメドレーリレー,混合,280～319歳,302,3:01.52,,2,,2,栗林眞知子,,セ・成城,55.28,,,,,,,,,2:48.17,2:26.90,2:19.17,1/7
463,80,2026,5,2,長水路,チーム,17,4×50mメドレーリレー,混合,280～319歳,302,3:01.52,,3,,2,木津誠,,セ・成城,41.60,,,,,,,,,2:48.17,2:26.90,2:19.17,1/7
464,80,2026,5,2,長水路,チーム,17,4×50mメドレーリレー,混合,280～319歳,302,3:01.52,,4,,2,高梨美樹,,セ・成城,38.96,,,,,,,,,2:48.17,2:26.90,2:19.17,1/7
465,80,2026,5,2,長水路,チーム,17,4×50mメドレーリレー,混合,280～319歳,290,3:12.01,,1,,3,中平信子,,セ・成瀬,53.64,,,,,,,,,2:48.17,2:26.90,2:19.17,1/3
466,80,2026,5,2,長水路,チーム,17,4×50mメドレーリレー,混合,280～319歳,290,3:12.01,,2,,3,米澤美智子,,セ・成瀬,49.22,,,,,,,,,2:48.17,2:26.90,2:19.17,1/3
467,80,2026,5,2,長水路,チーム,17,4×50mメドレーリレー,混合,280～319歳,290,3:12.01,,3,,3,柏木治久,,セ・成瀬,47.29,,,,,,,,,2:48.17,2:26.90,2:19.17,1/3
468,80,2026,5,2,長水路,チーム,17,4×50mメドレーリレー,混合,280～319歳,290,3:12.01,,4,,3,服部陽一,,セ・成瀬,41.86,,,,,,,,,2:48.17,2:26.90,2:19.17,1/3
469,80,2026,5,2,長水路,チーム,17,4×50mメドレーリレー,混合,240～279歳,245,2:36.27,,1,,1,盛田真規子,,セ・二俣川,49.82,,,,,,,,,2:13.81,2:06.31,2:03.46,2/2
470,80,2026,5,2,長水路,チーム,17,4×50mメドレーリレー,混合,240～279歳,245,2:36.27,,2,,1,岩島健二,,セ・二俣川,45.84,,,,,,,,,2:13.81,2:06.31,2:03.46,2/2
471,80,2026,5,2,長水路,チーム,17,4×50mメドレーリレー,混合,240～279歳,245,2:36.27,,3,,1,大村俊文,,セ・二俣川,28.07,,,,,,,,,2:13.81,2:06.31,2:03.46,2/2
472,80,2026,5,2,長水路,チーム,17,4×50mメドレーリレー,混合,240～279歳,245,2:36.27,,4,,1,永瀬秀子,,セ・二俣川,32.54,,,,,,,,,2:13.81,2:06.31,2:03.46,2/2
473,80,2026,5,2,長水路,チーム,17,4×50mメドレーリレー,混合,240～279歳,246,2:37.87,,1,,2,宮川則仁,,セ・大宮宮原,40.21,,,,,,,,,2:13.81,2:06.31,2:03.46,2/7
474,80,2026,5,2,長水路,チーム,17,4×50mメドレーリレー,混合,240～279歳,246,2:37.87,,2,,2,坂井慶子,,セ・大宮宮原,47.87,,,,,,,,,2:13.81,2:06.31,2:03.46,2/7
475,80,2026,5,2,長水路,チーム,17,4×50mメドレーリレー,混合,240～279歳,246,2:37.87,,3,,2,若林朋子,,セ・大宮宮原,35.06,,,,,,,,,2:13.81,2:06.31,2:03.46,2/7
476,80,2026,5,2,長水路,チーム,17,4×50mメドレーリレー,混合,240～279歳,246,2:37.87,,4,,2,遠藤隆昭,,セ・大宮宮原,34.73,,,,,,,,,2:13.81,2:06.31,2:03.46,2/7
477,80,2026,5,2,長水路,チーム,17,4×50mメドレーリレー,混合,240～279歳,247,3:00.27,,1,,3,北瀬あづさ,,セ・市ヶ尾,46.25,,,,,,,,,2:13.81,2:06.31,2:03.46,1/4
478,80,2026,5,2,長水路,チーム,17,4×50mメドレーリレー,混合,240～279歳,247,3:00.27,,2,,3,荒深なみ,,セ・市ヶ尾,1:05.55,,,,,,,,,2:13.81,2:06.31,2:03.46,1/4
479,80,2026,5,2,長水路,チーム,17,4×50mメドレーリレー,混合,240～279歳,247,3:00.27,,3,,3,田村晋輔,,セ・市ヶ尾,33.14,,,,,,,,,2:13.81,2:06.31,2:03.46,1/4
480,80,2026,5,2,長水路,チーム,17,4×50mメドレーリレー,混合,240～279歳,247,3:00.27,,4,,3,大滝恭伸,,セ・市ヶ尾,35.33,,,,,,,,,2:13.81,2:06.31,2:03.46,1/4
481,80,2026,5,2,長水路,チーム,17,4×50mメドレーリレー,混合,240～279歳,248,3:02.61,,1,,4,山本登美子,,セ・桶川北本,53.14,,,,,,,,,2:13.81,2:06.31,2:03.46,1/2
482,80,2026,5,2,長水路,チーム,17,4×50mメドレーリレー,混合,240～279歳,248,3:02.61,,2,,4,三﨑淳二,,セ・桶川北本,47.31,,,,,,,,,2:13.81,2:06.31,2:03.46,1/2
483,80,2026,5,2,長水路,チーム,17,4×50mメドレーリレー,混合,240～279歳,248,3:02.61,,3,,4,佐藤信弘,,セ・桶川北本,42.89,,,,,,,,,2:13.81,2:06.31,2:03.46,1/2
484,80,2026,5,2,長水路,チーム,17,4×50mメドレーリレー,混合,240～279歳,248,3:02.61,,4,,4,山中恵子,,セ・桶川北本,39.27,,,,,,,,,2:13.81,2:06.31,2:03.46,1/2
485,80,2026,5,2,長水路,チーム,17,4×50mメドレーリレー,混合,200～239歳,203,2:28.12,,1,,1,原磨理,,セ・長津田,45.60,,,,,,,,,2:08.68,1:59.83,1:57.86,3/10
486,80,2026,5,2,長水路,チーム,17,4×50mメドレーリレー,混合,200～239歳,203,2:28.12,,2,,1,祖川久茂,,セ・長津田,38.16,,,,,,,,,2:08.68,1:59.83,1:57.86,3/10
487,80,2026,5,2,長水路,チーム,17,4×50mメドレーリレー,混合,200～239歳,203,2:28.12,,3,,1,矢作歩,,セ・長津田,29.55,,,,,,,,,2:08.68,1:59.83,1:57.86,3/10
488,80,2026,5,2,長水路,チーム,17,4×50mメドレーリレー,混合,200～239歳,203,2:28.12,,4,,1,宮林佑妃,,セ・長津田,34.81,,,,,,,,,2:08.68,1:59.83,1:57.86,3/10
489,80,2026,5,2,長水路,チーム,17,4×50mメドレーリレー,混合,200～239歳,200,2:31.03,,1,,2,草野茜,,セ・二俣川,47.98,,,,,,,,,2:08.68,1:59.83,1:57.86,2/6
490,80,2026,5,2,長水路,チーム,17,4×50mメドレーリレー,混合,200～239歳,200,2:31.03,,2,,2,深堀陽子,,セ・二俣川,43.11,,,,,,,,,2:08.68,1:59.83,1:57.86,2/6
491,80,2026,5,2,長水路,チーム,17,4×50mメドレーリレー,混合,200～239歳,200,2:31.03,,3,,2,永瀬知之,,セ・二俣川,29.20,,,,,,,,,2:08.68,1:59.83,1:57.86,2/6
492,80,2026,5,2,長水路,チーム,17,4×50mメドレーリレー,混合,200～239歳,200,2:31.03,,4,,2,冨松実,,セ・二俣川,30.74,,,,,,,,,2:08.68,1:59.83,1:57.86,2/6
493,80,2026,5,2,長水路,チーム,17,4×50mメドレーリレー,混合,200～239歳,204,2:34.75,,1,,3,古木隆介,,セ・用賀,35.25,,,,,,,,,2:08.68,1:59.83,1:57.86,2/4
494,80,2026,5,2,長水路,チーム,17,4×50mメドレーリレー,混合,200～239歳,204,2:34.75,,2,,3,富樫真樹子,,セ・用賀,52.29,,,,,,,,,2:08.68,1:59.83,1:57.86,2/4
495,80,2026,5,2,長水路,チーム,17,4×50mメドレーリレー,混合,200～239歳,204,2:34.75,,3,,3,室坂拓真,,セ・用賀,29.61,,,,,,,,,2:08.68,1:59.83,1:57.86,2/4
496,80,2026,5,2,長水路,チーム,17,4×50mメドレーリレー,混合,200～239歳,204,2:34.75,,4,,3,西岡祐子,,セ・用賀,37.60,,,,,,,,,2:08.68,1:59.83,1:57.86,2/4
497,80,2026,5,2,長水路,チーム,17,4×50mメドレーリレー,混合,200～239歳,214,2:43.01,,1,,4,若杉佳宏,,セ・阿佐谷,42.27,,,,,,,,,2:08.68,1:59.83,1:57.86,2/3
498,80,2026,5,2,長水路,チーム,17,4×50mメドレーリレー,混合,200～239歳,214,2:43.01,,2,,4,紺野忠大,,セ・阿佐谷,42.24,,,,,,,,,2:08.68,1:59.83,1:57.86,2/3
499,80,2026,5,2,長水路,チーム,17,4×50mメドレーリレー,混合,200～239歳,214,2:43.01,,3,,4,大岡美良乃,,セ・阿佐谷,44.18,,,,,,,,,2:08.68,1:59.83,1:57.86,2/3
500,80,2026,5,2,長水路,チーム,17,4×50mメドレーリレー,混合,200～239歳,214,2:43.01,,4,,4,横田千恵子,,セ・阿佐谷,34.32,,,,,,,,,2:08.68,1:59.83,1:57.86,2/3
501,80,2026,5,2,長水路,チーム,17,4×50mメドレーリレー,混合,200～239歳,207,3:01.45,,1,,5,五十嵐佳澄,,セ・阿佐谷,58.01,,,,,,,,,2:08.68,1:59.83,1:57.86,1/8
502,80,2026,5,2,長水路,チーム,17,4×50mメドレーリレー,混合,200～239歳,207,3:01.45,,2,,5,大久保彩子,,セ・阿佐谷,52.62,,,,,,,,,2:08.68,1:59.83,1:57.86,1/8
503,80,2026,5,2,長水路,チーム,17,4×50mメドレーリレー,混合,200～239歳,207,3:01.45,,3,,5,上田徹,,セ・阿佐谷,37.33,,,,,,,,,2:08.68,1:59.83,1:57.86,1/8
504,80,2026,5,2,長水路,チーム,17,4×50mメドレーリレー,混合,200～239歳,207,3:01.45,,4,,5,松本隆宏,,セ・阿佐谷,33.49,,,,,,,,,2:08.68,1:59.83,1:57.86,1/8
505,80,2026,5,2,長水路,チーム,17,4×50mメドレーリレー,混合,160～199歳,162,2:04.61,,1,,1,池田百合子,,セ・市ヶ尾,34.28,,,,,,,,TRUE,2:07.28,1:55.11,1:53.25,3/5
506,80,2026,5,2,長水路,チーム,17,4×50mメドレーリレー,混合,160～199歳,162,2:04.61,,2,,1,木村孝太,,セ・市ヶ尾,34.22,,,,,,,,TRUE,2:07.28,1:55.11,1:53.25,3/5
507,80,2026,5,2,長水路,チーム,17,4×50mメドレーリレー,混合,160～199歳,162,2:04.61,,3,,1,田中諒也,,セ・市ヶ尾,25.34,,,,,,,,TRUE,2:07.28,1:55.11,1:53.25,3/5
508,80,2026,5,2,長水路,チーム,17,4×50mメドレーリレー,混合,160～199歳,162,2:04.61,,4,,1,宮下奏子,,セ・市ヶ尾,30.77,,,,,,,,TRUE,2:07.28,1:55.11,1:53.25,3/5
509,80,2026,5,2,長水路,チーム,17,4×50mメドレーリレー,混合,160～199歳,162,2:12.49,,1,,2,鶴谷学,,セ・二俣川,30.60,,,,,,,,,2:07.28,1:55.11,1:53.25,3/6
510,80,2026,5,2,長水路,チーム,17,4×50mメドレーリレー,混合,160～199歳,162,2:12.49,,2,,2,立石裕太郎,,セ・二俣川,31.51,,,,,,,,,2:07.28,1:55.11,1:53.25,3/6
511,80,2026,5,2,長水路,チーム,17,4×50mメドレーリレー,混合,160～199歳,162,2:12.49,,3,,2,遠藤桃,,セ・二俣川,32.30,,,,,,,,,2:07.28,1:55.11,1:53.25,3/6
512,80,2026,5,2,長水路,チーム,17,4×50mメドレーリレー,混合,160～199歳,162,2:12.49,,4,,2,吉池奈々,,セ・二俣川,38.08,,,,,,,,,2:07.28,1:55.11,1:53.25,3/6
513,80,2026,5,2,長水路,チーム,17,4×50mメドレーリレー,混合,160～199歳,164,2:16.25,,1,,3,川北恵,,セ・長津田,36.88,,,,,,,,,2:07.28,1:55.11,1:53.25,3/8
514,80,2026,5,2,長水路,チーム,17,4×50mメドレーリレー,混合,160～199歳,164,2:16.25,,2,,3,竹下翔,,セ・長津田,37.58,,,,,,,,,2:07.28,1:55.11,1:53.25,3/8
515,80,2026,5,2,長水路,チーム,17,4×50mメドレーリレー,混合,160～199歳,164,2:16.25,,3,,3,吉村華余,,セ・長津田,32.25,,,,,,,,,2:07.28,1:55.11,1:53.25,3/8
516,80,2026,5,2,長水路,チーム,17,4×50mメドレーリレー,混合,160～199歳,164,2:16.25,,4,,3,花井一也,,セ・長津田,29.54,,,,,,,,,2:07.28,1:55.11,1:53.25,3/8
517,80,2026,5,2,長水路,チーム,17,4×50mメドレーリレー,混合,160～199歳,195,2:39.03,,1,,4,村上守,,セ・成城,37.42,,,,,,,,,2:07.28,1:55.11,1:53.25,2/5
518,80,2026,5,2,長水路,チーム,17,4×50mメドレーリレー,混合,160～199歳,195,2:39.03,,2,,4,岩田愛恵,,セ・成城,44.41,,,,,,,,,2:07.28,1:55.11,1:53.25,2/5
519,80,2026,5,2,長水路,チーム,17,4×50mメドレーリレー,混合,160～199歳,195,2:39.03,,3,,4,浦田昌和,,セ・成城,45.30,,,,,,,,,2:07.28,1:55.11,1:53.25,2/5
520,80,2026,5,2,長水路,チーム,17,4×50mメドレーリレー,混合,160～199歳,195,2:39.03,,4,,4,佐々木彩,,セ・成城,31.90,,,,,,,,,2:07.28,1:55.11,1:53.25,2/5
521,80,2026,5,2,長水路,チーム,17,4×50mメドレーリレー,混合,160～199歳,188,2:43.50,,1,,5,篠原萌,,セ・西新井,38.66,,,,,,,,,2:07.28,1:55.11,1:53.25,2/8
522,80,2026,5,2,長水路,チーム,17,4×50mメドレーリレー,混合,160～199歳,188,2:43.50,,1,,5,斎藤美玲(-----),,セ・西新井,,,,,,,,,,2:07.28,1:55.11,1:53.25,2/8
523,80,2026,5,2,長水路,チーム,17,4×50mメドレーリレー,混合,160～199歳,188,2:43.50,,2,,5,渡辺真衣,,セ・西新井,55.50,,,,,,,,,2:07.28,1:55.11,1:53.25,2/8
524,80,2026,5,2,長水路,チーム,17,4×50mメドレーリレー,混合,160～199歳,188,2:43.50,,2,,5,中村浩司(-----),,セ・西新井,,,,,,,,,,2:07.28,1:55.11,1:53.25,2/8
525,80,2026,5,2,長水路,チーム,17,4×50mメドレーリレー,混合,160～199歳,188,2:43.50,,3,,5,小西始,,セ・西新井,29.29,,,,,,,,,2:07.28,1:55.11,1:53.25,2/8
526,80,2026,5,2,長水路,チーム,17,4×50mメドレーリレー,混合,160～199歳,188,2:43.50,,3,,5,武本侑己(-----),,セ・西新井,,,,,,,,,,2:07.28,1:55.11,1:53.25,2/8
527,80,2026,5,2,長水路,チーム,17,4×50mメドレーリレー,混合,160～199歳,188,2:43.50,,4,,5,荒川秀一,,セ・西新井,40.05,,,,,,,,,2:07.28,1:55.11,1:53.25,2/8
528,80,2026,5,2,長水路,チーム,17,4×50mメドレーリレー,混合,160～199歳,188,2:43.50,,4,,5,田中香苗(-----),,セ・西新井,,,,,,,,,,2:07.28,1:55.11,1:53.25,2/8
529,80,2026,5,2,長水路,チーム,17,4×50mメドレーリレー,混合,120～159歳,149,2:11.18,,1,,1,東侑玖,,セ・阿佐谷,29.52,,,,,,,,,2:01.01,1:49.90,1:49.61,3/4
530,80,2026,5,2,長水路,チーム,17,4×50mメドレーリレー,混合,120～159歳,149,2:11.18,,2,,1,渡邉梨絵,,セ・阿佐谷,37.08,,,,,,,,,2:01.01,1:49.90,1:49.61,3/4
531,80,2026,5,2,長水路,チーム,17,4×50mメドレーリレー,混合,120～159歳,149,2:11.18,,3,,1,椎本恭平,,セ・阿佐谷,30.93,,,,,,,,,2:01.01,1:49.90,1:49.61,3/4
532,80,2026,5,2,長水路,チーム,17,4×50mメドレーリレー,混合,120～159歳,149,2:11.18,,4,,1,佐藤綾子,,セ・阿佐谷,33.65,,,,,,,,,2:01.01,1:49.90,1:49.61,3/4
533,80,2026,5,2,長水路,チーム,17,4×50mメドレーリレー,混合,120～159歳,154,2:16.32,,1,,2,吉田のばら,,セ・南千住,36.86,,,,,,,,,2:01.01,1:49.90,1:49.61,3/1
534,80,2026,5,2,長水路,チーム,17,4×50mメドレーリレー,混合,120～159歳,154,2:16.32,,2,,2,今井裕介,,セ・南千住,35.34,,,,,,,,,2:01.01,1:49.90,1:49.61,3/1
535,80,2026,5,2,長水路,チーム,17,4×50mメドレーリレー,混合,120～159歳,154,2:16.32,,3,,2,真如美優,,セ・南千住,31.73,,,,,,,,,2:01.01,1:49.90,1:49.61,3/1
536,80,2026,5,2,長水路,チーム,17,4×50mメドレーリレー,混合,120～159歳,154,2:16.32,,4,,2,松井哲郎,,セ・南千住,32.39,,,,,,,,,2:01.01,1:49.90,1:49.61,3/1
537,80,2026,5,2,長水路,チーム,17,4×50mメドレーリレー,混合,120～159歳,151,2:16.62,,1,,3,村岡孝義,,セ・桶川北本,31.20,,,,,,,,,2:01.01,1:49.90,1:49.61,3/2
538,80,2026,5,2,長水路,チーム,17,4×50mメドレーリレー,混合,120～159歳,151,2:16.62,,2,,3,吉川重行,,セ・桶川北本,33.33,,,,,,,,,2:01.01,1:49.90,1:49.61,3/2
539,80,2026,5,2,長水路,チーム,17,4×50mメドレーリレー,混合,120～159歳,151,2:16.62,,3,,3,村岡礼奈,,セ・桶川北本,38.46,,,,,,,,,2:01.01,1:49.90,1:49.61,3/2
540,80,2026,5,2,長水路,チーム,17,4×50mメドレーリレー,混合,120～159歳,151,2:16.62,,4,,3,鈴木和佳奈,,セ・桶川北本,33.63,,,,,,,,,2:01.01,1:49.90,1:49.61,3/2
541,80,2026,5,2,長水路,チーム,17,4×50mメドレーリレー,混合,72～119歳,104,2:10.36,,1,,1,柿沼龍史,,セ・成城,34.35,,,,,,,,,2:00.62,1:48.98,1:47.29,3/7
542,80,2026,5,2,長水路,チーム,17,4×50mメドレーリレー,混合,72～119歳,104,2:10.36,,2,,1,丸玖瑠都,,セ・成城,40.06,,,,,,,,,2:00.62,1:48.98,1:47.29,3/7
543,80,2026,5,2,長水路,チーム,17,4×50mメドレーリレー,混合,72～119歳,104,2:10.36,,3,,1,服部碧,,セ・成城,25.69,,,,,,,,,2:00.62,1:48.98,1:47.29,3/7
544,80,2026,5,2,長水路,チーム,17,4×50mメドレーリレー,混合,72～119歳,104,2:10.36,,4,,1,仲田笑美,,セ・成城,30.26,,,,,,,,,2:00.62,1:48.98,1:47.29,3/7
545,80,2026,5,2,長水路,チーム,17,4×50mメドレーリレー,混合,72～119歳,111,2:13.85,,1,,2,櫻井春佳,,セ・大宮宮原,40.06,,,,,,,,,2:00.62,1:48.98,1:47.29,3/9
546,80,2026,5,2,長水路,チーム,17,4×50mメドレーリレー,混合,72～119歳,111,2:13.85,,2,,2,増田喬行,,セ・大宮宮原,35.73,,,,,,,,,2:00.62,1:48.98,1:47.29,3/9
547,80,2026,5,2,長水路,チーム,17,4×50mメドレーリレー,混合,72～119歳,111,2:13.85,,3,,2,池田志保,,セ・大宮宮原,31.82,,,,,,,,,2:00.62,1:48.98,1:47.29,3/9
548,80,2026,5,2,長水路,チーム,17,4×50mメドレーリレー,混合,72～119歳,111,2:13.85,,4,,2,今橋蒼太郎,,セ・大宮宮原,26.24,,,,,,,,,2:00.62,1:48.98,1:47.29,3/9
549,80,2026,5,2,長水路,チーム,17,4×50mメドレーリレー,混合,72～119歳,83,2:16.55,,1,,3,小俣太一,,セ・八王子,32.14,,,,,,,,,2:00.62,1:48.98,1:47.29,3/3
550,80,2026,5,2,長水路,チーム,17,4×50mメドレーリレー,混合,72～119歳,83,2:16.55,,2,,3,蒲池美咲,,セ・八王子,46.17,,,,,,,,,2:00.62,1:48.98,1:47.29,3/3
551,80,2026,5,2,長水路,チーム,17,4×50mメドレーリレー,混合,72～119歳,83,2:16.55,,3,,3,下平紗和,,セ・八王子,33.26,,,,,,,,,2:00.62,1:48.98,1:47.29,3/3
552,80,2026,5,2,長水路,チーム,17,4×50mメドレーリレー,混合,72～119歳,83,2:16.55,,4,,3,木村隼人,,セ・八王子,24.98,,,,,,,,,2:00.62,1:48.98,1:47.29,3/3
553,80,2026,5,2,長水路,チーム,18,4×100mメドレーリレー,女子,240～279歳,249,6:55.92,,1,,1,井手敦子,,セ・慶應日吉,54.21,,,,,,,,,6:14.42,5:18.90,5:18.90,1/7
554,80,2026,5,2,長水路,チーム,18,4×100mメドレーリレー,女子,240～279歳,249,6:55.92,,2,,1,中野内嘉子,,セ・慶應日吉,52.47,,,,,,,,,6:14.42,5:18.90,5:18.90,1/7
555,80,2026,5,2,長水路,チーム,18,4×100mメドレーリレー,女子,240～279歳,249,6:55.92,,3,,1,森谷登志江,,セ・慶應日吉,51.36,,,,,,,,,6:14.42,5:18.90,5:18.90,1/7
556,80,2026,5,2,長水路,チーム,18,4×100mメドレーリレー,女子,240～279歳,249,6:55.92,,4,,1,福本麻美,,セ・慶應日吉,38.93,,,,,,,,,6:14.42,5:18.90,5:18.90,1/7
557,80,2026,5,2,長水路,チーム,18,4×100mメドレーリレー,女子,240～279歳,266,8:00.53,,1,,2,宮田ひとみ,,セ・阿佐谷,1:03.87,,,,,,,,,6:14.42,5:18.90,5:18.90,1/8
558,80,2026,5,2,長水路,チーム,18,4×100mメドレーリレー,女子,240～279歳,266,8:00.53,,2,,2,近藤みゆき,,セ・阿佐谷,1:01.98,,,,,,,,,6:14.42,5:18.90,5:18.90,1/8
559,80,2026,5,2,長水路,チーム,18,4×100mメドレーリレー,女子,240～279歳,266,8:00.53,,3,,2,大岡美良乃,,セ・阿佐谷,47.81,,,,,,,,,6:14.42,5:18.90,5:18.90,1/8
560,80,2026,5,2,長水路,チーム,18,4×100mメドレーリレー,女子,240～279歳,266,8:00.53,,4,,2,三嶋祐子,,セ・阿佐谷,52.86,,,,,,,,,6:14.42,5:18.90,5:18.90,1/8
561,80,2026,5,2,長水路,チーム,18,4×100mメドレーリレー,女子,200～239歳,200,6:13.52,,1,,1,櫻井春佳,,セ・大宮宮原,44.90,,,,,,,,,5:42.41,5:04.80,4:54.41,1/5
562,80,2026,5,2,長水路,チーム,18,4×100mメドレーリレー,女子,200～239歳,200,6:13.52,,2,,1,坂井慶子,,セ・大宮宮原,51.69,,,,,,,,,5:42.41,5:04.80,4:54.41,1/5
563,80,2026,5,2,長水路,チーム,18,4×100mメドレーリレー,女子,200～239歳,200,6:13.52,,3,,1,若林朋子,,セ・大宮宮原,37.49,,,,,,,,,5:42.41,5:04.80,4:54.41,1/5
564,80,2026,5,2,長水路,チーム,18,4×100mメドレーリレー,女子,200～239歳,200,6:13.52,,4,,1,西田三佐子,,セ・大宮宮原,40.64,,,,,,,,,5:42.41,5:04.80,4:54.41,1/5
565,80,2026,5,2,長水路,チーム,18,4×100mメドレーリレー,女子,200～239歳,221,6:29.19,,1,,2,棚網恵理,,セ・阿佐谷,47.45,,,,,,,,,5:42.41,5:04.80,4:54.41,1/4
566,80,2026,5,2,長水路,チーム,18,4×100mメドレーリレー,女子,200～239歳,221,6:29.19,,2,,2,石原なおみ,,セ・阿佐谷,55.44,,,,,,,,,5:42.41,5:04.80,4:54.41,1/4
567,80,2026,5,2,長水路,チーム,18,4×100mメドレーリレー,女子,200～239歳,221,6:29.19,,3,,2,西村麻美,,セ・阿佐谷,45.10,,,,,,,,,5:42.41,5:04.80,4:54.41,1/4
568,80,2026,5,2,長水路,チーム,18,4×100mメドレーリレー,女子,200～239歳,221,6:29.19,,4,,2,小野真佐子,,セ・阿佐谷,37.01,,,,,,,,,5:42.41,5:04.80,4:54.41,1/4
569,80,2026,5,2,長水路,チーム,18,4×100mメドレーリレー,女子,160～199歳,187,6:31.81,,1,,1,早田紀子,,セ・慶應日吉,1:00.33,,,,,,,,,5:17.33,4:42.46,4:36.25,1/6
570,80,2026,5,2,長水路,チーム,18,4×100mメドレーリレー,女子,160～199歳,187,6:31.81,,2,,1,RacaruGabriela,,セ・慶應日吉,50.44,,,,,,,,,5:17.33,4:42.46,4:36.25,1/6
571,80,2026,5,2,長水路,チーム,18,4×100mメドレーリレー,女子,160～199歳,187,6:31.81,,3,,1,崎村詩織,,セ・慶應日吉,38.80,,,,,,,,,5:17.33,4:42.46,4:36.25,1/6
572,80,2026,5,2,長水路,チーム,18,4×100mメドレーリレー,女子,160～199歳,187,6:31.81,,4,,1,小豆澤和代,,セ・慶應日吉,33.99,,,,,,,,,5:17.33,4:42.46,4:36.25,1/6
573,80,2026,5,2,長水路,チーム,18,4×100mメドレーリレー,女子,160～199歳,177,6:37.66,,1,,2,草野茜,,セ・二俣川,51.22,,,,,,,,,5:17.33,4:42.46,4:36.25,1/3
574,80,2026,5,2,長水路,チーム,18,4×100mメドレーリレー,女子,160～199歳,177,6:37.66,,2,,2,深堀陽子,,セ・二俣川,45.39,,,,,,,,,5:17.33,4:42.46,4:36.25,1/3
575,80,2026,5,2,長水路,チーム,18,4×100mメドレーリレー,女子,160～199歳,177,6:37.66,,3,,2,吉池奈々,,セ・二俣川,49.65,,,,,,,,,5:17.33,4:42.46,4:36.25,1/3
576,80,2026,5,2,長水路,チーム,18,4×100mメドレーリレー,女子,160～199歳,177,6:37.66,,4,,2,前田由希映,,セ・二俣川,43.56,,,,,,,,,5:17.33,4:42.46,4:36.25,1/3
577,80,2026,5,2,長水路,チーム,19,4×100mメドレーリレー,男子,240～279歳,243,5:43.43,,1,,1,宮川則仁,,セ・大宮宮原,44.20,,,,,,,,,4:48.79,4:45.02,4:32.15,1/9
578,80,2026,5,2,長水路,チーム,19,4×100mメドレーリレー,男子,240～279歳,243,5:43.43,,2,,1,松田賢治,,セ・大宮宮原,44.10,,,,,,,,,4:48.79,4:45.02,4:32.15,1/9
579,80,2026,5,2,長水路,チーム,19,4×100mメドレーリレー,男子,240～279歳,243,5:43.43,,3,,1,皆川雅登,,セ・大宮宮原,34.93,,,,,,,,,4:48.79,4:45.02,4:32.15,1/9
580,80,2026,5,2,長水路,チーム,19,4×100mメドレーリレー,男子,240～279歳,243,5:43.43,,4,,1,遠藤隆昭,,セ・大宮宮原,38.58,,,,,,,,,4:48.79,4:45.02,4:32.15,1/9
581,80,2026,5,2,長水路,チーム,19,4×100mメドレーリレー,男子,200～239歳,201,5:05.66,,1,,1,藤本豊和,,セ・長津田,42.78,,,,,,,,,4:43.82,4:13.53,4:13.53,1/3
582,80,2026,5,2,長水路,チーム,19,4×100mメドレーリレー,男子,200～239歳,201,5:05.66,,2,,1,祖川久茂,,セ・長津田,39.38,,,,,,,,,4:43.82,4:13.53,4:13.53,1/3
583,80,2026,5,2,長水路,チーム,19,4×100mメドレーリレー,男子,200～239歳,201,5:05.66,,3,,1,矢作歩,,セ・長津田,32.57,,,,,,,,,4:43.82,4:13.53,4:13.53,1/3
584,80,2026,5,2,長水路,チーム,19,4×100mメドレーリレー,男子,200～239歳,201,5:05.66,,4,,1,花井一也,,セ・長津田,30.46,,,,,,,,,4:43.82,4:13.53,4:13.53,1/3
585,80,2026,5,2,長水路,チーム,19,4×100mメドレーリレー,男子,200～239歳,210,5:25.30,,1,,2,吉村進,,セ・阿佐谷,45.91,,,,,,,,,4:43.82,4:13.53,4:13.53,1/8
586,80,2026,5,2,長水路,チーム,19,4×100mメドレーリレー,男子,200～239歳,210,5:25.30,,2,,2,米本大地,,セ・阿佐谷,32.78,,,,,,,,,4:43.82,4:13.53,4:13.53,1/8
587,80,2026,5,2,長水路,チーム,19,4×100mメドレーリレー,男子,200～239歳,210,5:25.30,,3,,2,東侑玖,,セ・阿佐谷,29.65,,,,,,,,,4:43.82,4:13.53,4:13.53,1/8
588,80,2026,5,2,長水路,チーム,19,4×100mメドレーリレー,男子,200～239歳,210,5:25.30,,4,,2,折居彰,,セ・阿佐谷,44.87,,,,,,,,,4:43.82,4:13.53,4:13.53,1/8
589,80,2026,5,2,長水路,チーム,19,4×100mメドレーリレー,男子,200～239歳,208,5:37.30,,1,,3,久保卓士,,セ・天王洲,45.09,,,,,,,,,4:43.82,4:13.53,4:13.53,1/2
590,80,2026,5,2,長水路,チーム,19,4×100mメドレーリレー,男子,200～239歳,208,5:37.30,,2,,3,宅間健介,,セ・天王洲,43.86,,,,,,,,,4:43.82,4:13.53,4:13.53,1/2
591,80,2026,5,2,長水路,チーム,19,4×100mメドレーリレー,男子,200～239歳,208,5:37.30,,3,,3,倉持公一,,セ・天王洲,32.79,,,,,,,,,4:43.82,4:13.53,4:13.53,1/2
592,80,2026,5,2,長水路,チーム,19,4×100mメドレーリレー,男子,200～239歳,208,5:37.30,,4,,3,千葉忠英,,セ・天王洲,37.88,,,,,,,,,4:43.82,4:13.53,4:13.53,1/2
593,80,2026,5,2,長水路,チーム,19,4×100mメドレーリレー,男子,120～159歳,132,4:23.35,,1,,1,松澤朋樹,,セ・武蔵小杉,31.07,,,,,,,,,4:06.23,3:47.54,3:47.54,1/6
594,80,2026,5,2,長水路,チーム,19,4×100mメドレーリレー,男子,120～159歳,132,4:23.35,,2,,1,西尾直人,,セ・武蔵小杉,35.14,,,,,,,,,4:06.23,3:47.54,3:47.54,1/6
595,80,2026,5,2,長水路,チーム,19,4×100mメドレーリレー,男子,120～159歳,132,4:23.35,,3,,1,津崎朝輝,,セ・武蔵小杉,29.69,,,,,,,,,4:06.23,3:47.54,3:47.54,1/6
596,80,2026,5,2,長水路,チーム,19,4×100mメドレーリレー,男子,120～159歳,132,4:23.35,,4,,1,荒井優,,セ・武蔵小杉,27.46,,,,,,,,,4:06.23,3:47.54,3:47.54,1/6
597,80,2026,5,2,長水路,チーム,19,4×100mメドレーリレー,男子,120～159歳,123,4:38.33,,1,,2,小野健,,セ・天王洲,35.89,,,,,,,,,4:06.23,3:47.54,3:47.54,1/4
598,80,2026,5,2,長水路,チーム,19,4×100mメドレーリレー,男子,120～159歳,123,4:38.33,,2,,2,加間英貴,,セ・天王洲,35.02,,,,,,,,,4:06.23,3:47.54,3:47.54,1/4
599,80,2026,5,2,長水路,チーム,19,4×100mメドレーリレー,男子,120～159歳,123,4:38.33,,3,,2,木渕大輝,,セ・天王洲,29.63,,,,,,,,,4:06.23,3:47.54,3:47.54,1/4
600,80,2026,5,2,長水路,チーム,19,4×100mメドレーリレー,男子,120～159歳,123,4:38.33,,4,,2,寺田遼太,,セ・天王洲,31.26,,,,,,,,,4:06.23,3:47.54,3:47.54,1/4
601,80,2026,5,2,長水路,チーム,19,4×100mメドレーリレー,男子,120～159歳,159,4:52.09,,1,,3,和田弘太郎,,セ・阿佐谷,38.58,,,,,,,,,4:06.23,3:47.54,3:47.54,1/7
602,80,2026,5,2,長水路,チーム,19,4×100mメドレーリレー,男子,120～159歳,159,4:52.09,,2,,3,椎本恭平,,セ・阿佐谷,35.99,,,,,,,,,4:06.23,3:47.54,3:47.54,1/7
603,80,2026,5,2,長水路,チーム,19,4×100mメドレーリレー,男子,120～159歳,159,4:52.09,,3,,3,津守陽介,,セ・阿佐谷,30.67,,,,,,,,,4:06.23,3:47.54,3:47.54,1/7
604,80,2026,5,2,長水路,チーム,19,4×100mメドレーリレー,男子,120～159歳,159,4:52.09,,4,,3,棚網宏之,,セ・阿佐谷,30.82,,,,,,,,,4:06.23,3:47.54,3:47.54,1/7
605,80,2026,5,2,長水路,チーム,19,4×100mメドレーリレー,男子,72～119歳,93,4:28.15,,1,,1,柿沼龍史,,セ・成城,36.39,,,,,,,,,3:59.80,3:46.80,3:46.80,1/5
606,80,2026,5,2,長水路,チーム,19,4×100mメドレーリレー,男子,72～119歳,93,4:28.15,,2,,1,山下純生,,セ・成城,35.13,,,,,,,,,3:59.80,3:46.80,3:46.80,1/5
607,80,2026,5,2,長水路,チーム,19,4×100mメドレーリレー,男子,72～119歳,93,4:28.15,,3,,1,服部碧,,セ・成城,26.40,,,,,,,,,3:59.80,3:46.80,3:46.80,1/5
608,80,2026,5,2,長水路,チーム,19,4×100mメドレーリレー,男子,72～119歳,93,4:28.15,,4,,1,黒田大介,,セ・成城,26.74,,,,,,,,,3:59.80,3:46.80,3:46.80,1/5
609,80,2026,5,2,長水路,チーム,24,4×50mフリーリレー,混合,320～359歳,321,3:25.85,,1,,1,松永勝,,セ・おおたか,47.00,,,,,,,,,3:07.41,2:33.91,2:33.44,1/9
610,80,2026,5,2,長水路,チーム,24,4×50mフリーリレー,混合,320～359歳,321,3:25.85,,2,,1,松永タズヨ,,セ・おおたか,53.52,,,,,,,,,3:07.41,2:33.91,2:33.44,1/9
611,80,2026,5,2,長水路,チーム,24,4×50mフリーリレー,混合,320～359歳,321,3:25.85,,3,,1,田中もみぢ,,セ・おおたか,53.66,,,,,,,,,3:07.41,2:33.91,2:33.44,1/9
612,80,2026,5,2,長水路,チーム,24,4×50mフリーリレー,混合,320～359歳,321,3:25.85,,4,,1,手塚満,,セ・おおたか,51.67,,,,,,,,,3:07.41,2:33.91,2:33.44,1/9
613,80,2026,5,2,長水路,チーム,24,4×50mフリーリレー,混合,320～359歳,324,3:39.84,,1,,2,小田稔,,セ・慶應日吉,53.34,,,,,,,,,3:07.41,2:33.91,2:33.44,1/1
614,80,2026,5,2,長水路,チーム,24,4×50mフリーリレー,混合,320～359歳,324,3:39.84,,2,,2,田野倉和子,,セ・慶應日吉,55.31,,,,,,,,,3:07.41,2:33.91,2:33.44,1/1
615,80,2026,5,2,長水路,チーム,24,4×50mフリーリレー,混合,320～359歳,324,3:39.84,,3,,2,岡本靖子,,セ・慶應日吉,1:00.90,,,,,,,,,3:07.41,2:33.91,2:33.44,1/1
616,80,2026,5,2,長水路,チーム,24,4×50mフリーリレー,混合,320～359歳,324,3:39.84,,4,,2,泉保央,,セ・慶應日吉,50.29,,,,,,,,,3:07.41,2:33.91,2:33.44,1/1
617,80,2026,5,2,長水路,チーム,24,4×50mフリーリレー,混合,280～319歳,281,2:23.68,,1,,1,冨松実,,セ・二俣川,32.04,,,,,,,,TRUE,2:24.46,2:11.09,2:01.22,2/5
618,80,2026,5,2,長水路,チーム,24,4×50mフリーリレー,混合,280～319歳,281,2:23.68,,2,,1,香川左近,,セ・二俣川,40.59,,,,,,,,TRUE,2:24.46,2:11.09,2:01.22,2/5
619,80,2026,5,2,長水路,チーム,24,4×50mフリーリレー,混合,280～319歳,281,2:23.68,,3,,1,近藤ひな子,,セ・二俣川,39.33,,,,,,,,TRUE,2:24.46,2:11.09,2:01.22,2/5
620,80,2026,5,2,長水路,チーム,24,4×50mフリーリレー,混合,280～319歳,281,2:23.68,,4,,1,永瀬秀子,,セ・二俣川,31.72,,,,,,,,TRUE,2:24.46,2:11.09,2:01.22,2/5
621,80,2026,5,2,長水路,チーム,24,4×50mフリーリレー,混合,280～319歳,282,2:31.24,,1,,2,前畑章子,,セ・慶應日吉,34.97,,,,,,,,,2:24.46,2:11.09,2:01.22,2/9
622,80,2026,5,2,長水路,チーム,24,4×50mフリーリレー,混合,280～319歳,282,2:31.24,,2,,2,越智義夫,,セ・慶應日吉,38.54,,,,,,,,,2:24.46,2:11.09,2:01.22,2/9
623,80,2026,5,2,長水路,チーム,24,4×50mフリーリレー,混合,280～319歳,282,2:31.24,,3,,2,渡部みさを,,セ・慶應日吉,43.63,,,,,,,,,2:24.46,2:11.09,2:01.22,2/9
624,80,2026,5,2,長水路,チーム,24,4×50mフリーリレー,混合,280～319歳,282,2:31.24,,4,,2,岩田寛,,セ・慶應日吉,34.10,,,,,,,,,2:24.46,2:11.09,2:01.22,2/9
625,80,2026,5,2,長水路,チーム,24,4×50mフリーリレー,混合,280～319歳,283,2:46.52,,1,,3,神尾尚人,,セ・市ヶ尾,33.10,,,,,,,,,2:24.46,2:11.09,2:01.22,1/3
626,80,2026,5,2,長水路,チーム,24,4×50mフリーリレー,混合,280～319歳,283,2:46.52,,2,,3,原昌代,,セ・市ヶ尾,43.88,,,,,,,,,2:24.46,2:11.09,2:01.22,1/3
627,80,2026,5,2,長水路,チーム,24,4×50mフリーリレー,混合,280～319歳,283,2:46.52,,3,,3,太刀岡早苗,,セ・市ヶ尾,45.92,,,,,,,,,2:24.46,2:11.09,2:01.22,1/3
628,80,2026,5,2,長水路,チーム,24,4×50mフリーリレー,混合,280～319歳,283,2:46.52,,4,,3,井上隆史,,セ・市ヶ尾,43.62,,,,,,,,,2:24.46,2:11.09,2:01.22,1/3
629,80,2026,5,2,長水路,チーム,24,4×50mフリーリレー,混合,280～319歳,282,2:53.56,,1,,4,吉村進,,セ・阿佐谷,37.54,,,,,,,,,2:24.46,2:11.09,2:01.22,1/8
630,80,2026,5,2,長水路,チーム,24,4×50mフリーリレー,混合,280～319歳,282,2:53.56,,2,,4,三嶋祐子,,セ・阿佐谷,49.83,,,,,,,,,2:24.46,2:11.09,2:01.22,1/8
631,80,2026,5,2,長水路,チーム,24,4×50mフリーリレー,混合,280～319歳,282,2:53.56,,3,,4,宮田ひとみ,,セ・阿佐谷,45.70,,,,,,,,,2:24.46,2:11.09,2:01.22,1/8
632,80,2026,5,2,長水路,チーム,24,4×50mフリーリレー,混合,280～319歳,282,2:53.56,,4,,4,折居彰,,セ・阿佐谷,40.49,,,,,,,,,2:24.46,2:11.09,2:01.22,1/8
633,80,2026,5,2,長水路,チーム,24,4×50mフリーリレー,混合,240～279歳,247,2:12.27,,1,,1,北川貴義,,セ・阿佐谷,28.18,,,,,,,,,2:01.69,1:55.76,1:52.20,3/7
634,80,2026,5,2,長水路,チーム,24,4×50mフリーリレー,混合,240～279歳,247,2:12.27,,2,,1,大岡美良乃,,セ・阿佐谷,38.85,,,,,,,,,2:01.69,1:55.76,1:52.20,3/7
635,80,2026,5,2,長水路,チーム,24,4×50mフリーリレー,混合,240～279歳,247,2:12.27,,3,,1,石原なおみ,,セ・阿佐谷,35.13,,,,,,,,,2:01.69,1:55.76,1:52.20,3/7
636,80,2026,5,2,長水路,チーム,24,4×50mフリーリレー,混合,240～279歳,247,2:12.27,,4,,1,吉原一彦,,セ・阿佐谷,30.11,,,,,,,,,2:01.69,1:55.76,1:52.20,3/7
637,80,2026,5,2,長水路,チーム,24,4×50mフリーリレー,混合,240～279歳,251,2:14.34,,1,,2,海辺信吉,,セ・おおたか,30.77,,,,,,,,,2:01.69,1:55.76,1:52.20,3/3
638,80,2026,5,2,長水路,チーム,24,4×50mフリーリレー,混合,240～279歳,251,2:14.34,,2,,2,會田修一,,セ・おおたか,31.52,,,,,,,,,2:01.69,1:55.76,1:52.20,3/3
639,80,2026,5,2,長水路,チーム,24,4×50mフリーリレー,混合,240～279歳,251,2:14.34,,3,,2,野崎由美子,,セ・おおたか,38.59,,,,,,,,,2:01.69,1:55.76,1:52.20,3/3
640,80,2026,5,2,長水路,チーム,24,4×50mフリーリレー,混合,240～279歳,251,2:14.34,,4,,2,柳有美子,,セ・おおたか,33.46,,,,,,,,,2:01.69,1:55.76,1:52.20,3/3
641,80,2026,5,2,長水路,チーム,24,4×50mフリーリレー,混合,240～279歳,243,2:25.11,,1,,3,鈴木和佳奈,,セ・桶川北本,33.81,,,,,,,,,2:01.69,1:55.76,1:52.20,2/6
642,80,2026,5,2,長水路,チーム,24,4×50mフリーリレー,混合,240～279歳,243,2:25.11,,2,,3,山中恵子,,セ・桶川北本,39.53,,,,,,,,,2:01.69,1:55.76,1:52.20,2/6
643,80,2026,5,2,長水路,チーム,24,4×50mフリーリレー,混合,240～279歳,243,2:25.11,,3,,3,佐藤信弘,,セ・桶川北本,36.44,,,,,,,,,2:01.69,1:55.76,1:52.20,2/6
644,80,2026,5,2,長水路,チーム,24,4×50mフリーリレー,混合,240～279歳,243,2:25.11,,4,,3,三﨑淳二,,セ・桶川北本,35.33,,,,,,,,,2:01.69,1:55.76,1:52.20,2/6
645,80,2026,5,2,長水路,チーム,24,4×50mフリーリレー,混合,240～279歳,244,2:28.38,,1,,4,池谷千尋,,セ・長津田,32.73,,,,,,,,,2:01.69,1:55.76,1:52.20,3/10
646,80,2026,5,2,長水路,チーム,24,4×50mフリーリレー,混合,240～279歳,244,2:28.38,,2,,4,久保とし子,,セ・長津田,47.65,,,,,,,,,2:01.69,1:55.76,1:52.20,3/10
647,80,2026,5,2,長水路,チーム,24,4×50mフリーリレー,混合,240～279歳,244,2:28.38,,3,,4,原磨理,,セ・長津田,36.51,,,,,,,,,2:01.69,1:55.76,1:52.20,3/10
648,80,2026,5,2,長水路,チーム,24,4×50mフリーリレー,混合,240～279歳,244,2:28.38,,4,,4,宮本昌雄,,セ・長津田,31.49,,,,,,,,,2:01.69,1:55.76,1:52.20,3/10
649,80,2026,5,2,長水路,チーム,24,4×50mフリーリレー,混合,240～279歳,242,2:34.99,,1,,5,菊池千二,,セ・市ヶ尾,30.10,,,,,,,,,2:01.69,1:55.76,1:52.20,1/6
650,80,2026,5,2,長水路,チーム,24,4×50mフリーリレー,混合,240～279歳,242,2:34.99,,2,,5,安澤イソ子,,セ・市ヶ尾,54.31,,,,,,,,,2:01.69,1:55.76,1:52.20,1/6
651,80,2026,5,2,長水路,チーム,24,4×50mフリーリレー,混合,240～279歳,242,2:34.99,,3,,5,北瀬あづさ,,セ・市ヶ尾,42.42,,,,,,,,,2:01.69,1:55.76,1:52.20,1/6
652,80,2026,5,2,長水路,チーム,24,4×50mフリーリレー,混合,240～279歳,242,2:34.99,,4,,5,木村考太,,セ・市ヶ尾,28.16,,,,,,,,,2:01.69,1:55.76,1:52.20,1/6
653,80,2026,5,2,長水路,チーム,24,4×50mフリーリレー,混合,240～279歳,248,2:35.45,,1,,6,高梨美樹,,セ・成城,39.81,,,,,,,,,2:01.69,1:55.76,1:52.20,2/1
654,80,2026,5,2,長水路,チーム,24,4×50mフリーリレー,混合,240～279歳,248,2:35.45,,2,,6,安部盛博,,セ・成城,40.12,,,,,,,,,2:01.69,1:55.76,1:52.20,2/1
655,80,2026,5,2,長水路,チーム,24,4×50mフリーリレー,混合,240～279歳,248,2:35.45,,3,,6,熊田悦子,,セ・成城,36.59,,,,,,,,,2:01.69,1:55.76,1:52.20,2/1
656,80,2026,5,2,長水路,チーム,24,4×50mフリーリレー,混合,240～279歳,248,2:35.45,,4,,6,後藤潤,,セ・成城,38.93,,,,,,,,,2:01.69,1:55.76,1:52.20,2/1
657,80,2026,5,2,長水路,チーム,24,4×50mフリーリレー,混合,240～279歳,255,2:44.09,,1,,7,長野守,,セ・慶應日吉,38.01,,,,,,,,,2:01.69,1:55.76,1:52.20,1/4
658,80,2026,5,2,長水路,チーム,24,4×50mフリーリレー,混合,240～279歳,255,2:44.09,,1,,7,猪野周九,,セ・慶應日吉,33.36,,,,,,,,,2:01.69,1:55.76,1:52.20,1/4
659,80,2026,5,2,長水路,チーム,24,4×50mフリーリレー,混合,240～279歳,255,2:44.09,,2,,7,山田智子,,セ・慶應日吉,41.75,,,,,,,,,2:01.69,1:55.76,1:52.20,1/4
660,80,2026,5,2,長水路,チーム,24,4×50mフリーリレー,混合,240～279歳,255,2:44.09,,2,,7,小島律子,,セ・慶應日吉,54.04,,,,,,,,,2:01.69,1:55.76,1:52.20,1/4
661,80,2026,5,2,長水路,チーム,24,4×50mフリーリレー,混合,240～279歳,255,2:44.09,,3,,7,中野朗子,,セ・慶應日吉,44.33,,,,,,,,,2:01.69,1:55.76,1:52.20,1/4
662,80,2026,5,2,長水路,チーム,24,4×50mフリーリレー,混合,240～279歳,255,2:44.09,,3,,7,堀内浩子(-----),,セ・慶應日吉,,,,,,,,,,2:01.69,1:55.76,1:52.20,1/4
663,80,2026,5,2,長水路,チーム,24,4×50mフリーリレー,混合,240～279歳,255,2:44.09,,4,,7,山本勝,,セ・慶應日吉,40.00,,,,,,,,,2:01.69,1:55.76,1:52.20,1/4
664,80,2026,5,2,長水路,チーム,24,4×50mフリーリレー,混合,240～279歳,255,2:44.09,,4,,7,温井芳浩(-----),,セ・慶應日吉,,,,,,,,,,2:01.69,1:55.76,1:52.20,1/4
665,80,2026,5,2,長水路,チーム,24,4×50mフリーリレー,混合,200～239歳,203,2:03.88,,1,,1,西野宮冬木,,セ・長津田,30.89,,,,,,,,,1:56.75,1:49.36,1:44.96,4/6
666,80,2026,5,2,長水路,チーム,24,4×50mフリーリレー,混合,200～239歳,203,2:03.88,,2,,1,宮林佑妃,,セ・長津田,34.26,,,,,,,,,1:56.75,1:49.36,1:44.96,4/6
667,80,2026,5,2,長水路,チーム,24,4×50mフリーリレー,混合,200～239歳,203,2:03.88,,3,,1,藤本豊和,,セ・長津田,28.95,,,,,,,,,1:56.75,1:49.36,1:44.96,4/6
668,80,2026,5,2,長水路,チーム,24,4×50mフリーリレー,混合,200～239歳,203,2:03.88,,4,,1,吉村華余,,セ・長津田,29.78,,,,,,,,,1:56.75,1:49.36,1:44.96,4/6
669,80,2026,5,2,長水路,チーム,24,4×50mフリーリレー,混合,200～239歳,202,2:06.53,,1,,2,池田志保,,セ・大宮宮原,30.41,,,,,,,,,1:56.75,1:49.36,1:44.96,4/10
670,80,2026,5,2,長水路,チーム,24,4×50mフリーリレー,混合,200～239歳,202,2:06.53,,2,,2,宮川則仁,,セ・大宮宮原,31.48,,,,,,,,,1:56.75,1:49.36,1:44.96,4/10
671,80,2026,5,2,長水路,チーム,24,4×50mフリーリレー,混合,200～239歳,202,2:06.53,,3,,2,若林朋子,,セ・大宮宮原,34.19,,,,,,,,,1:56.75,1:49.36,1:44.96,4/10
672,80,2026,5,2,長水路,チーム,24,4×50mフリーリレー,混合,200～239歳,202,2:06.53,,4,,2,清田真人,,セ・大宮宮原,30.45,,,,,,,,,1:56.75,1:49.36,1:44.96,4/10
673,80,2026,5,2,長水路,チーム,24,4×50mフリーリレー,混合,200～239歳,200,2:06.85,,1,,3,大村俊文,,セ・二俣川,26.22,,,,,,,,,1:56.75,1:49.36,1:44.96,4/7
674,80,2026,5,2,長水路,チーム,24,4×50mフリーリレー,混合,200～239歳,200,2:06.85,,2,,3,草野茜,,セ・二俣川,34.82,,,,,,,,,1:56.75,1:49.36,1:44.96,4/7
675,80,2026,5,2,長水路,チーム,24,4×50mフリーリレー,混合,200～239歳,200,2:06.85,,3,,3,吉池奈々,,セ・二俣川,36.95,,,,,,,,,1:56.75,1:49.36,1:44.96,4/7
676,80,2026,5,2,長水路,チーム,24,4×50mフリーリレー,混合,200～239歳,200,2:06.85,,4,,3,石上智啓,,セ・二俣川,28.86,,,,,,,,,1:56.75,1:49.36,1:44.96,4/7
677,80,2026,5,2,長水路,チーム,24,4×50mフリーリレー,混合,200～239歳,200,2:08.31,,1,,4,田村晋輔,,セ・市ヶ尾,28.59,,,,,,,,,1:56.75,1:49.36,1:44.96,3/4
678,80,2026,5,2,長水路,チーム,24,4×50mフリーリレー,混合,200～239歳,200,2:08.31,,2,,4,高橋麻子,,セ・市ヶ尾,33.74,,,,,,,,,1:56.75,1:49.36,1:44.96,3/4
679,80,2026,5,2,長水路,チーム,24,4×50mフリーリレー,混合,200～239歳,200,2:08.31,,3,,4,白須靖子,,セ・市ヶ尾,38.18,,,,,,,,,1:56.75,1:49.36,1:44.96,3/4
680,80,2026,5,2,長水路,チーム,24,4×50mフリーリレー,混合,200～239歳,200,2:08.31,,4,,4,山内悠,,セ・市ヶ尾,27.80,,,,,,,,,1:56.75,1:49.36,1:44.96,3/4
681,80,2026,5,2,長水路,チーム,24,4×50mフリーリレー,混合,200～239歳,204,2:13.47,,1,,5,加地隆史,,セ・葛西,30.21,,,,,,,,,1:56.75,1:49.36,1:44.96,3/6
682,80,2026,5,2,長水路,チーム,24,4×50mフリーリレー,混合,200～239歳,204,2:13.47,,2,,5,小林弘子,,セ・葛西,36.54,,,,,,,,,1:56.75,1:49.36,1:44.96,3/6
683,80,2026,5,2,長水路,チーム,24,4×50mフリーリレー,混合,200～239歳,204,2:13.47,,3,,5,溝井花代子,,セ・葛西,35.80,,,,,,,,,1:56.75,1:49.36,1:44.96,3/6
684,80,2026,5,2,長水路,チーム,24,4×50mフリーリレー,混合,200～239歳,204,2:13.47,,4,,5,原田真,,セ・葛西,30.92,,,,,,,,,1:56.75,1:49.36,1:44.96,3/6
685,80,2026,5,2,長水路,チーム,24,4×50mフリーリレー,混合,200～239歳,217,2:16.48,,1,,6,真栄田こずえ,,ザバス八景,33.56,,,,,,,,,1:56.75,1:49.36,1:44.96,3/2
686,80,2026,5,2,長水路,チーム,24,4×50mフリーリレー,混合,200～239歳,217,2:16.48,,2,,6,鶴岡美佐,,ザバス八景,36.06,,,,,,,,,1:56.75,1:49.36,1:44.96,3/2
687,80,2026,5,2,長水路,チーム,24,4×50mフリーリレー,混合,200～239歳,217,2:16.48,,3,,6,兼森伸児,,ザバス八景,33.80,,,,,,,,,1:56.75,1:49.36,1:44.96,3/2
688,80,2026,5,2,長水路,チーム,24,4×50mフリーリレー,混合,200～239歳,217,2:16.48,,4,,6,久保田信利,,ザバス八景,33.06,,,,,,,,,1:56.75,1:49.36,1:44.96,3/2
689,80,2026,5,2,長水路,チーム,24,4×50mフリーリレー,混合,200～239歳,217,2:19.54,,1,,7,藤田一寿,,セ・成城,31.54,,,,,,,,,1:56.75,1:49.36,1:44.96,3/5
690,80,2026,5,2,長水路,チーム,24,4×50mフリーリレー,混合,200～239歳,217,2:19.54,,2,,7,佐藤洋子,,セ・成城,35.88,,,,,,,,,1:56.75,1:49.36,1:44.96,3/5
691,80,2026,5,2,長水路,チーム,24,4×50mフリーリレー,混合,200～239歳,217,2:19.54,,3,,7,浦田昌和,,セ・成城,40.11,,,,,,,,,1:56.75,1:49.36,1:44.96,3/5
692,80,2026,5,2,長水路,チーム,24,4×50mフリーリレー,混合,200～239歳,217,2:19.54,,4,,7,佐々木彩,,セ・成城,32.01,,,,,,,,,1:56.75,1:49.36,1:44.96,3/5
693,80,2026,5,2,長水路,チーム,24,4×50mフリーリレー,混合,200～239歳,202,2:24.66,,1,,8,田中香苗,,セ・青砥,44.75,,,,,,,,,1:56.75,1:49.36,1:44.96,3/8
694,80,2026,5,2,長水路,チーム,24,4×50mフリーリレー,混合,200～239歳,202,2:24.66,,2,,8,清水芙由美,,セ・青砥,33.00,,,,,,,,,1:56.75,1:49.36,1:44.96,3/8
695,80,2026,5,2,長水路,チーム,24,4×50mフリーリレー,混合,200～239歳,202,2:24.66,,3,,8,中村浩司,,セ・青砥,37.74,,,,,,,,,1:56.75,1:49.36,1:44.96,3/8
696,80,2026,5,2,長水路,チーム,24,4×50mフリーリレー,混合,200～239歳,202,2:24.66,,4,,8,武本侑己,,セ・青砥,29.17,,,,,,,,,1:56.75,1:49.36,1:44.96,3/8
697,80,2026,5,2,長水路,チーム,24,4×50mフリーリレー,混合,200～239歳,220,2:25.14,,1,,9,高橋潤,,セ・成瀬,37.93,,,,,,,,,1:56.75,1:49.36,1:44.96,2/8
698,80,2026,5,2,長水路,チーム,24,4×50mフリーリレー,混合,200～239歳,220,2:25.14,,2,,9,久松葉子,,セ・成瀬,45.96,,,,,,,,,1:56.75,1:49.36,1:44.96,2/8
699,80,2026,5,2,長水路,チーム,24,4×50mフリーリレー,混合,200～239歳,220,2:25.14,,3,,9,兵頭和子,,セ・成瀬,34.39,,,,,,,,,1:56.75,1:49.36,1:44.96,2/8
700,80,2026,5,2,長水路,チーム,24,4×50mフリーリレー,混合,200～239歳,220,2:25.14,,4,,9,石井将太,,セ・成瀬,26.86,,,,,,,,,1:56.75,1:49.36,1:44.96,2/8
701,80,2026,5,2,長水路,チーム,24,4×50mフリーリレー,混合,200～239歳,218,2:26.02,,1,,10,二宮博,,セ・横浜,37.42,,,,,,,,,1:56.75,1:49.36,1:44.96,3/1
702,80,2026,5,2,長水路,チーム,24,4×50mフリーリレー,混合,200～239歳,218,2:26.02,,2,,10,山﨑京子,,セ・横浜,39.66,,,,,,,,,1:56.75,1:49.36,1:44.96,3/1
703,80,2026,5,2,長水路,チーム,24,4×50mフリーリレー,混合,200～239歳,218,2:26.02,,3,,10,毛利ゆかり,,セ・横浜,42.37,,,,,,,,,1:56.75,1:49.36,1:44.96,3/1
704,80,2026,5,2,長水路,チーム,24,4×50mフリーリレー,混合,200～239歳,218,2:26.02,,4,,10,藤井龍生,,セ・横浜,26.57,,,,,,,,,1:56.75,1:49.36,1:44.96,3/1
705,80,2026,5,2,長水路,チーム,24,4×50mフリーリレー,混合,200～239歳,202,2:28.99,,1,,11,松下達一,,セ・西新井,43.34,,,,,,,,,1:56.75,1:49.36,1:44.96,2/7
706,80,2026,5,2,長水路,チーム,24,4×50mフリーリレー,混合,200～239歳,202,2:28.99,,2,,11,丸山恵太,,セ・西新井,35.72,,,,,,,,,1:56.75,1:49.36,1:44.96,2/7
707,80,2026,5,2,長水路,チーム,24,4×50mフリーリレー,混合,200～239歳,202,2:28.99,,3,,11,渡辺真衣,,セ・西新井,36.53,,,,,,,,,1:56.75,1:49.36,1:44.96,2/7
708,80,2026,5,2,長水路,チーム,24,4×50mフリーリレー,混合,200～239歳,202,2:28.99,,4,,11,篠原萌,,セ・西新井,33.40,,,,,,,,,1:56.75,1:49.36,1:44.96,2/7
709,80,2026,5,2,長水路,チーム,24,4×50mフリーリレー,混合,200～239歳,209,2:30.49,,1,,12,廣本佳也,,セ・上池袋,34.03,,,,,,,,,1:56.75,1:49.36,1:44.96,2/4
710,80,2026,5,2,長水路,チーム,24,4×50mフリーリレー,混合,200～239歳,209,2:30.49,,2,,12,磯村麻衣子,,セ・上池袋,40.65,,,,,,,,,1:56.75,1:49.36,1:44.96,2/4
711,80,2026,5,2,長水路,チーム,24,4×50mフリーリレー,混合,200～239歳,209,2:30.49,,3,,12,貞廣瑠美子,,セ・上池袋,39.33,,,,,,,,,1:56.75,1:49.36,1:44.96,2/4
712,80,2026,5,2,長水路,チーム,24,4×50mフリーリレー,混合,200～239歳,209,2:30.49,,4,,12,柏木武,,セ・上池袋,36.48,,,,,,,,,1:56.75,1:49.36,1:44.96,2/4
713,80,2026,5,2,長水路,チーム,24,4×50mフリーリレー,混合,200～239歳,204,2:39.86,,1,,13,北原暁美,,セ・南青山,47.56,,,,,,,,,1:56.75,1:49.36,1:44.96,2/2
714,80,2026,5,2,長水路,チーム,24,4×50mフリーリレー,混合,200～239歳,204,2:39.86,,2,,13,國政玲,,セ・南青山,38.87,,,,,,,,,1:56.75,1:49.36,1:44.96,2/2
715,80,2026,5,2,長水路,チーム,24,4×50mフリーリレー,混合,200～239歳,204,2:39.86,,3,,13,安藤靖,,セ・南青山,40.70,,,,,,,,,1:56.75,1:49.36,1:44.96,2/2
716,80,2026,5,2,長水路,チーム,24,4×50mフリーリレー,混合,200～239歳,204,2:39.86,,4,,13,中嶋智史,,セ・南青山,32.73,,,,,,,,,1:56.75,1:49.36,1:44.96,2/2
717,80,2026,5,2,長水路,チーム,24,4×50mフリーリレー,混合,200～239歳,214,2:42.49,,1,,14,松本隆宏,,セ・阿佐谷,34.82,,,,,,,,,1:56.75,1:49.36,1:44.96,1/7
718,80,2026,5,2,長水路,チーム,24,4×50mフリーリレー,混合,200～239歳,214,2:42.49,,2,,14,大久保彩子,,セ・阿佐谷,43.20,,,,,,,,,1:56.75,1:49.36,1:44.96,1/7
719,80,2026,5,2,長水路,チーム,24,4×50mフリーリレー,混合,200～239歳,214,2:42.49,,3,,14,近藤みゆき,,セ・阿佐谷,49.29,,,,,,,,,1:56.75,1:49.36,1:44.96,1/7
720,80,2026,5,2,長水路,チーム,24,4×50mフリーリレー,混合,200～239歳,214,2:42.49,,4,,14,紺野忠大,,セ・阿佐谷,35.18,,,,,,,,,1:56.75,1:49.36,1:44.96,1/7
721,80,2026,5,2,長水路,チーム,24,4×50mフリーリレー,混合,160～199歳,164,1:53.07,,1,,1,図師拓千,,セ・市ヶ尾,27.35,,,,,,,,TRUE,1:54.40,1:44.31,1:42.27,5/8
722,80,2026,5,2,長水路,チーム,24,4×50mフリーリレー,混合,160～199歳,164,1:53.07,,2,,1,池田百合子,,セ・市ヶ尾,29.66,,,,,,,,TRUE,1:54.40,1:44.31,1:42.27,5/8
723,80,2026,5,2,長水路,チーム,24,4×50mフリーリレー,混合,160～199歳,164,1:53.07,,3,,1,宮下奏子,,セ・市ヶ尾,31.49,,,,,,,,TRUE,1:54.40,1:44.31,1:42.27,5/8
724,80,2026,5,2,長水路,チーム,24,4×50mフリーリレー,混合,160～199歳,164,1:53.07,,4,,1,田中諒也,,セ・市ヶ尾,24.57,,,,,,,,TRUE,1:54.40,1:44.31,1:42.27,5/8
725,80,2026,5,2,長水路,チーム,24,4×50mフリーリレー,混合,160～199歳,163,1:55.12,,1,,2,川北恵,,セ・長津田,29.49,,,,,,,,,1:54.40,1:44.31,1:42.27,5/3
726,80,2026,5,2,長水路,チーム,24,4×50mフリーリレー,混合,160～199歳,163,1:55.12,,2,,2,宍戸萌,,セ・長津田,29.72,,,,,,,,,1:54.40,1:44.31,1:42.27,5/3
727,80,2026,5,2,長水路,チーム,24,4×50mフリーリレー,混合,160～199歳,163,1:55.12,,3,,2,矢作歩,,セ・長津田,27.96,,,,,,,,,1:54.40,1:44.31,1:42.27,5/3
728,80,2026,5,2,長水路,チーム,24,4×50mフリーリレー,混合,160～199歳,163,1:55.12,,4,,2,花井一也,,セ・長津田,27.95,,,,,,,,,1:54.40,1:44.31,1:42.27,5/3
729,80,2026,5,2,長水路,チーム,24,4×50mフリーリレー,混合,160～199歳,169,1:59.11,,1,,3,大家萌実,,セ・用賀,32.82,,,,,,,,,1:54.40,1:44.31,1:42.27,5/1
730,80,2026,5,2,長水路,チーム,24,4×50mフリーリレー,混合,160～199歳,169,1:59.11,,2,,3,横尾しずか,,セ・用賀,35.32,,,,,,,,,1:54.40,1:44.31,1:42.27,5/1
731,80,2026,5,2,長水路,チーム,24,4×50mフリーリレー,混合,160～199歳,169,1:59.11,,3,,3,室坂拓真,,セ・用賀,26.07,,,,,,,,,1:54.40,1:44.31,1:42.27,5/1
732,80,2026,5,2,長水路,チーム,24,4×50mフリーリレー,混合,160～199歳,169,1:59.11,,4,,3,鈴木謙太朗,,セ・用賀,24.90,,,,,,,,,1:54.40,1:44.31,1:42.27,5/1
733,80,2026,5,2,長水路,チーム,24,4×50mフリーリレー,混合,160～199歳,168,2:01.83,,1,,4,前田崇行,,セ・二俣川,26.83,,,,,,,,,1:54.40,1:44.31,1:42.27,4/5
734,80,2026,5,2,長水路,チーム,24,4×50mフリーリレー,混合,160～199歳,168,2:01.83,,2,,4,深堀陽子,,セ・二俣川,32.59,,,,,,,,,1:54.40,1:44.31,1:42.27,4/5
735,80,2026,5,2,長水路,チーム,24,4×50mフリーリレー,混合,160～199歳,168,2:01.83,,3,,4,前田由希映,,セ・二俣川,37.20,,,,,,,,,1:54.40,1:44.31,1:42.27,4/5
736,80,2026,5,2,長水路,チーム,24,4×50mフリーリレー,混合,160～199歳,168,2:01.83,,4,,4,鶴谷学,,セ・二俣川,25.21,,,,,,,,,1:54.40,1:44.31,1:42.27,4/5
737,80,2026,5,2,長水路,チーム,24,4×50mフリーリレー,混合,160～199歳,165,2:03.45,,1,,5,秋山朝紀,,セ・大森,27.09,,,,,,,,,1:54.40,1:44.31,1:42.27,4/9
738,80,2026,5,2,長水路,チーム,24,4×50mフリーリレー,混合,160～199歳,165,2:03.45,,2,,5,海老原健太,,セ・大森,29.96,,,,,,,,,1:54.40,1:44.31,1:42.27,4/9
739,80,2026,5,2,長水路,チーム,24,4×50mフリーリレー,混合,160～199歳,165,2:03.45,,3,,5,大竹昌子,,セ・大森,35.25,,,,,,,,,1:54.40,1:44.31,1:42.27,4/9
740,80,2026,5,2,長水路,チーム,24,4×50mフリーリレー,混合,160～199歳,165,2:03.45,,4,,5,小林佳織,,セ・大森,31.15,,,,,,,,,1:54.40,1:44.31,1:42.27,4/9
741,80,2026,5,2,長水路,チーム,24,4×50mフリーリレー,混合,160～199歳,163,2:04.57,,1,,6,米本大地,,セ・阿佐谷,26.78,,,,,,,,,1:54.40,1:44.31,1:42.27,4/3
742,80,2026,5,2,長水路,チーム,24,4×50mフリーリレー,混合,160～199歳,163,2:04.57,,2,,6,棚網恵理,,セ・阿佐谷,36.23,,,,,,,,,1:54.40,1:44.31,1:42.27,4/3
743,80,2026,5,2,長水路,チーム,24,4×50mフリーリレー,混合,160～199歳,163,2:04.57,,3,,6,小野真佐子,,セ・阿佐谷,35.20,,,,,,,,,1:54.40,1:44.31,1:42.27,4/3
744,80,2026,5,2,長水路,チーム,24,4×50mフリーリレー,混合,160～199歳,163,2:04.57,,4,,6,東侑玖,,セ・阿佐谷,26.36,,,,,,,,,1:54.40,1:44.31,1:42.27,4/3
745,80,2026,5,2,長水路,チーム,24,4×50mフリーリレー,混合,160～199歳,188,2:05.39,,1,,7,西尾直人,,セ・武蔵小杉,29.20,,,,,,,,,1:54.40,1:44.31,1:42.27,4/8
746,80,2026,5,2,長水路,チーム,24,4×50mフリーリレー,混合,160～199歳,188,2:05.39,,2,,7,広瀬百合香,,セ・武蔵小杉,33.60,,,,,,,,,1:54.40,1:44.31,1:42.27,4/8
747,80,2026,5,2,長水路,チーム,24,4×50mフリーリレー,混合,160～199歳,188,2:05.39,,3,,7,海口綾乃,,セ・武蔵小杉,32.91,,,,,,,,,1:54.40,1:44.31,1:42.27,4/8
748,80,2026,5,2,長水路,チーム,24,4×50mフリーリレー,混合,160～199歳,188,2:05.39,,4,,7,中村良樹,,セ・武蔵小杉,29.68,,,,,,,,,1:54.40,1:44.31,1:42.27,4/8
749,80,2026,5,2,長水路,チーム,24,4×50mフリーリレー,混合,160～199歳,199,2:16.14,,1,,8,芳賀加代子,,セ・南青山,35.11,,,,,,,,,1:54.40,1:44.31,1:42.27,4/2
750,80,2026,5,2,長水路,チーム,24,4×50mフリーリレー,混合,160～199歳,199,2:16.14,,2,,8,皆川すみれ,,セ・南青山,35.03,,,,,,,,,1:54.40,1:44.31,1:42.27,4/2
751,80,2026,5,2,長水路,チーム,24,4×50mフリーリレー,混合,160～199歳,199,2:16.14,,3,,8,横浜健,,セ・南青山,34.42,,,,,,,,,1:54.40,1:44.31,1:42.27,4/2
752,80,2026,5,2,長水路,チーム,24,4×50mフリーリレー,混合,160～199歳,199,2:16.14,,4,,8,山賀勝之,,セ・南青山,31.58,,,,,,,,,1:54.40,1:44.31,1:42.27,4/2
753,80,2026,5,2,長水路,チーム,24,4×50mフリーリレー,混合,160～199歳,183,2:25.77,,1,,9,小川煌太,,セ・我孫子,29.75,,,,,,,,,1:54.40,1:44.31,1:42.27,1/5
754,80,2026,5,2,長水路,チーム,24,4×50mフリーリレー,混合,160～199歳,183,2:25.77,,2,,9,譲原恵子,,セ・我孫子,46.08,,,,,,,,,1:54.40,1:44.31,1:42.27,1/5
755,80,2026,5,2,長水路,チーム,24,4×50mフリーリレー,混合,160～199歳,183,2:25.77,,3,,9,角南美貴,,セ・我孫子,42.03,,,,,,,,,1:54.40,1:44.31,1:42.27,1/5
756,80,2026,5,2,長水路,チーム,24,4×50mフリーリレー,混合,160～199歳,183,2:25.77,,4,,9,江沢純也,,セ・我孫子,27.91,,,,,,,,,1:54.40,1:44.31,1:42.27,1/5
757,80,2026,5,2,長水路,チーム,24,4×50mフリーリレー,混合,160～199歳,184,2:27.61,,1,,10,池田美来,,セ・我孫子,33.12,,,,,,,,,1:54.40,1:44.31,1:42.27,2/10
758,80,2026,5,2,長水路,チーム,24,4×50mフリーリレー,混合,160～199歳,184,2:27.61,,2,,10,益子正人,,セ・我孫子,39.88,,,,,,,,,1:54.40,1:44.31,1:42.27,2/10
759,80,2026,5,2,長水路,チーム,24,4×50mフリーリレー,混合,160～199歳,184,2:27.61,,3,,10,日置睦,,セ・我孫子,48.01,,,,,,,,,1:54.40,1:44.31,1:42.27,2/10
760,80,2026,5,2,長水路,チーム,24,4×50mフリーリレー,混合,160～199歳,184,2:27.61,,4,,10,結城智弘,,セ・我孫子,26.60,,,,,,,,,1:54.40,1:44.31,1:42.27,2/10
761,80,2026,5,2,長水路,チーム,24,4×50mフリーリレー,混合,120～159歳,148,1:54.88,,1,,1,松澤朋樹,,セ・武蔵小杉,26.31,,,,,,,,,1:49.82,1:41.74,1:40.14,5/2
762,80,2026,5,2,長水路,チーム,24,4×50mフリーリレー,混合,120～159歳,148,1:54.88,,2,,1,栗山貴子,,セ・武蔵小杉,32.73,,,,,,,,,1:49.82,1:41.74,1:40.14,5/2
763,80,2026,5,2,長水路,チーム,24,4×50mフリーリレー,混合,120～159歳,148,1:54.88,,3,,1,田中美鈴,,セ・武蔵小杉,31.07,,,,,,,,,1:49.82,1:41.74,1:40.14,5/2
764,80,2026,5,2,長水路,チーム,24,4×50mフリーリレー,混合,120～159歳,148,1:54.88,,4,,1,荒井優,,セ・武蔵小杉,24.77,,,,,,,,,1:49.82,1:41.74,1:40.14,5/2
765,80,2026,5,2,長水路,チーム,24,4×50mフリーリレー,混合,120～159歳,122,1:56.70,,1,,2,石井了,,セ・おおたか,25.44,,,,,,,,,1:49.82,1:41.74,1:40.14,5/4
766,80,2026,5,2,長水路,チーム,24,4×50mフリーリレー,混合,120～159歳,122,1:56.70,,2,,2,都築クラウディオ佑亮,,セ・おおたか,26.50,,,,,,,,,1:49.82,1:41.74,1:40.14,5/4
767,80,2026,5,2,長水路,チーム,24,4×50mフリーリレー,混合,120～159歳,122,1:56.70,,3,,2,中村可奈子,,セ・おおたか,35.53,,,,,,,,,1:49.82,1:41.74,1:40.14,5/4
768,80,2026,5,2,長水路,チーム,24,4×50mフリーリレー,混合,120～159歳,122,1:56.70,,4,,2,高嶋ひなの,,セ・おおたか,29.23,,,,,,,,,1:49.82,1:41.74,1:40.14,5/4
769,80,2026,5,2,長水路,チーム,24,4×50mフリーリレー,混合,120～159歳,144,1:57.48,,1,,3,荒井啓汰,,セ・阿佐谷,27.42,,,,,,,,,1:49.82,1:41.74,1:40.14,5/7
770,80,2026,5,2,長水路,チーム,24,4×50mフリーリレー,混合,120～159歳,144,1:57.48,,2,,3,佐藤綾子,,セ・阿佐谷,34.66,,,,,,,,,1:49.82,1:41.74,1:40.14,5/7
771,80,2026,5,2,長水路,チーム,24,4×50mフリーリレー,混合,120～159歳,144,1:57.48,,3,,3,渡邉梨絵,,セ・阿佐谷,29.16,,,,,,,,,1:49.82,1:41.74,1:40.14,5/7
772,80,2026,5,2,長水路,チーム,24,4×50mフリーリレー,混合,120～159歳,144,1:57.48,,4,,3,津守陽介,,セ・阿佐谷,26.24,,,,,,,,,1:49.82,1:41.74,1:40.14,5/7
773,80,2026,5,2,長水路,チーム,24,4×50mフリーリレー,混合,120～159歳,158,1:58.89,,1,,4,今里昂哉,,セ・清瀬,26.67,,,,,,,,,1:49.82,1:41.74,1:40.14,4/4
774,80,2026,5,2,長水路,チーム,24,4×50mフリーリレー,混合,120～159歳,158,1:58.89,,2,,4,梶井美杏,,セ・清瀬,30.41,,,,,,,,,1:49.82,1:41.74,1:40.14,4/4
775,80,2026,5,2,長水路,チーム,24,4×50mフリーリレー,混合,120～159歳,158,1:58.89,,3,,4,大黒明日香,,セ・清瀬,32.28,,,,,,,,,1:49.82,1:41.74,1:40.14,4/4
776,80,2026,5,2,長水路,チーム,24,4×50mフリーリレー,混合,120～159歳,158,1:58.89,,4,,4,小倉秀和,,セ・清瀬,29.53,,,,,,,,,1:49.82,1:41.74,1:40.14,4/4
777,80,2026,5,2,長水路,チーム,24,4×50mフリーリレー,混合,120～159歳,154,2:04.69,,1,,5,今井裕介,,セ・南千住,29.71,,,,,,,,,1:49.82,1:41.74,1:40.14,4/1
778,80,2026,5,2,長水路,チーム,24,4×50mフリーリレー,混合,120～159歳,154,2:04.69,,2,,5,吉田のばら,,セ・南千住,30.36,,,,,,,,,1:49.82,1:41.74,1:40.14,4/1
779,80,2026,5,2,長水路,チーム,24,4×50mフリーリレー,混合,120～159歳,154,2:04.69,,3,,5,真如美優,,セ・南千住,31.88,,,,,,,,,1:49.82,1:41.74,1:40.14,4/1
780,80,2026,5,2,長水路,チーム,24,4×50mフリーリレー,混合,120～159歳,154,2:04.69,,4,,5,松井哲郎,,セ・南千住,32.74,,,,,,,,,1:49.82,1:41.74,1:40.14,4/1
781,80,2026,5,2,長水路,チーム,24,4×50mフリーリレー,混合,120～159歳,158,2:09.43,,1,,6,岡澤美咲,,セ・茂原,36.70,,,,,,,,,1:49.82,1:41.74,1:40.14,3/9
782,80,2026,5,2,長水路,チーム,24,4×50mフリーリレー,混合,120～159歳,158,2:09.43,,2,,6,山本和巳,,セ・茂原,36.52,,,,,,,,,1:49.82,1:41.74,1:40.14,3/9
783,80,2026,5,2,長水路,チーム,24,4×50mフリーリレー,混合,120～159歳,158,2:09.43,,3,,6,岡澤志織,,セ・茂原,30.57,,,,,,,,,1:49.82,1:41.74,1:40.14,3/9
784,80,2026,5,2,長水路,チーム,24,4×50mフリーリレー,混合,120～159歳,158,2:09.43,,4,,6,神戸優悠希,,セ・茂原,25.64,,,,,,,,,1:49.82,1:41.74,1:40.14,3/9
785,80,2026,5,2,長水路,チーム,24,4×50mフリーリレー,混合,120～159歳,150,2:15.64,,1,,7,高島典子,,セ・大森,36.80,,,,,,,,,1:49.82,1:41.74,1:40.14,2/3
786,80,2026,5,2,長水路,チーム,24,4×50mフリーリレー,混合,120～159歳,150,2:15.64,,2,,7,古賀量子,,セ・大森,38.74,,,,,,,,,1:49.82,1:41.74,1:40.14,2/3
787,80,2026,5,2,長水路,チーム,24,4×50mフリーリレー,混合,120～159歳,150,2:15.64,,3,,7,荻谷洋平,,セ・大森,30.07,,,,,,,,,1:49.82,1:41.74,1:40.14,2/3
788,80,2026,5,2,長水路,チーム,24,4×50mフリーリレー,混合,120～159歳,150,2:15.64,,4,,7,渡部慎也,,セ・大森,30.03,,,,,,,,,1:49.82,1:41.74,1:40.14,2/3
789,80,2026,5,2,長水路,チーム,24,4×50mフリーリレー,混合,72～119歳,118,1:51.74,,1,,1,北川麻美,,セ・武蔵小杉,28.98,,,,,,,,,1:45.10,1:41.21,1:38.19,5/5
790,80,2026,5,2,長水路,チーム,24,4×50mフリーリレー,混合,72～119歳,118,1:51.74,,2,,1,袴田舜,,セ・武蔵小杉,27.52,,,,,,,,,1:45.10,1:41.21,1:38.19,5/5
791,80,2026,5,2,長水路,チーム,24,4×50mフリーリレー,混合,72～119歳,118,1:51.74,,3,,1,岩城心美,,セ・武蔵小杉,28.77,,,,,,,,,1:45.10,1:41.21,1:38.19,5/5
792,80,2026,5,2,長水路,チーム,24,4×50mフリーリレー,混合,72～119歳,118,1:51.74,,4,,1,津崎朝輝,,セ・武蔵小杉,26.47,,,,,,,,,1:45.10,1:41.21,1:38.19,5/5
793,80,2026,5,2,長水路,チーム,24,4×50mフリーリレー,混合,72～119歳,99,1:53.61,,1,,2,服部碧,,セ・成城,24.95,,,,,,,,,1:45.10,1:41.21,1:38.19,5/6
794,80,2026,5,2,長水路,チーム,24,4×50mフリーリレー,混合,72～119歳,99,1:53.61,,2,,2,仲田笑美,,セ・成城,31.30,,,,,,,,,1:45.10,1:41.21,1:38.19,5/6
795,80,2026,5,2,長水路,チーム,24,4×50mフリーリレー,混合,72～119歳,99,1:53.61,,3,,2,丸玖瑠都,,セ・成城,31.51,,,,,,,,,1:45.10,1:41.21,1:38.19,5/6
796,80,2026,5,2,長水路,チーム,24,4×50mフリーリレー,混合,72～119歳,99,1:53.61,,4,,2,黒田大介,,セ・成城,25.85,,,,,,,,,1:45.10,1:41.21,1:38.19,5/6
797,80,2026,5,2,長水路,チーム,24,4×50mフリーリレー,混合,72～119歳,83,1:54.62,,1,,3,木村隼人,,セ・八王子,26.13,,,,,,,,,1:45.10,1:41.21,1:38.19,5/9
798,80,2026,5,2,長水路,チーム,24,4×50mフリーリレー,混合,72～119歳,83,1:54.62,,2,,3,小俣太一,,セ・八王子,27.13,,,,,,,,,1:45.10,1:41.21,1:38.19,5/9
799,80,2026,5,2,長水路,チーム,24,4×50mフリーリレー,混合,72～119歳,83,1:54.62,,3,,3,下平紗和,,セ・八王子,31.16,,,,,,,,,1:45.10,1:41.21,1:38.19,5/9
800,80,2026,5,2,長水路,チーム,24,4×50mフリーリレー,混合,72～119歳,83,1:54.62,,4,,3,松井優依,,セ・八王子,30.20,,,,,,,,,1:45.10,1:41.21,1:38.19,5/9
801,80,2026,5,2,長水路,チーム,24,4×50mフリーリレー,混合,72～119歳,117,1:56.51,,1,,4,成田昌記,,セ・二俣川,27.47,,,,,,,,,1:45.10,1:41.21,1:38.19,5/10
802,80,2026,5,2,長水路,チーム,24,4×50mフリーリレー,混合,72～119歳,117,1:56.51,,2,,4,遠藤桃,,セ・二俣川,29.64,,,,,,,,,1:45.10,1:41.21,1:38.19,5/10
803,80,2026,5,2,長水路,チーム,24,4×50mフリーリレー,混合,72～119歳,117,1:56.51,,3,,4,田嶋由佳,,セ・二俣川,32.91,,,,,,,,,1:45.10,1:41.21,1:38.19,5/10
804,80,2026,5,2,長水路,チーム,24,4×50mフリーリレー,混合,72～119歳,117,1:56.51,,4,,4,田中壮一郎,,セ・二俣川,26.49,,,,,,,,,1:45.10,1:41.21,1:38.19,5/10
