レース番号,競技性別,競技名,世界記録,日本記録,年齢区分,大会記録,順位,氏名,所属,水路,時間,飛込タイム,LAPタイム
No.1,,,,,,,1,森川タェ子,,,,・我孫子,1:08.41
No.1,,,,,,,2,熊谷一枝,,,,・天王洲,1:04.16
No.1,,,,,,,1,佐由利子,,,,・用賀,52.36
No.1,,,,,,,2,内田良子,,,,・用賀,53.55
No.1,,,,,,,3,安澤イソ子,,,,・市ヶ尾,55.93
No.1,,,,,,,1,柴崎徳子,,,,・柏,51.45
No.1,,,,,,,2,竹原君枝,,,,・慶應日吉,53.31
No.1,,,,,,,3,松木弘美,,,,・志木,56.41
No.1,,,,,,,4,馬場悦子,,,,・清瀬,57.03
No.1,,,,,,,1,菅野泰子,,,,・葛西,42.25
No.1,,,,,,,2,青木華世子,,,,・松戸,42.47
No.1,,,,,,,3,中平信子,,,,・成瀬,45.05
No.1,,,,,,,4,青砥美智子,,,,・葛西,50.02
No.1,,,,,,,5,岡村悦子,,,,・おおたか,49.77
No.1,,,,,,,6,菅和江,,,,・戸塚,53.73
No.1,,,,,,,7,太田拓江,,,,・戸塚,52.15
No.1,,,,,,,8,長野愛子,,,,・柏,55.35
No.1,,,,,,,9,菅井道子,,,,・戸塚,59.07
No.1,,,,,,,10,富博子,,,,・大森,54.94
No.1,,,,,,,1,森谷登志江,慶應日吉,6/10,3:14.53,0.90,42.42
No.1,,,,,,,2,山﨑京子,,,,・横浜,43.06
No.1,,,,,,,3,久松葉子,,,,・成瀬,48.54
No.1,,,,,,,4,森本美恵,,,,・松戸,50.03
No.1,,,,,,,5,五月女美幸,,,,・宇都宮,47.71
No.1,,,,,,,6,日和久美子,,,,・戸塚,52.12
No.1,,,,,,,7,久保とし子,,,,・長津田,50.90
No.1,,,,,,,8,下川喜美枝,,,,・南千住,53.75
No.1,,,,,,,9,三嶋祐子,阿佐谷,2/10,4:02.93,0.86,56.04
No.1,,,,,,,10,大西和子,,,,・天王洲,1:01.71
No.1,,,,,,,1,石井裕美,,,,・ときわ台,40.07
No.1,,,,,,,2,早津恵子,,,,・越谷,40.72
No.1,,,,,,,3,福原美奈 ・,,,,毛海岸,45.22
No.1,,,,,,,4,草森理子,,,,・成城,47.26
No.1,,,,,,,5,山中恵子,,,,・桶川北本,45.50
No.1,,,,,,,6,佐々木れい,,,,・志木,51.77
No.1,,,,,,,7,桐沢ひとみ,,,,・大森,51.97
No.1,,,,,,,1,八尋加苗,,,,・松戸,43.40
No.1,,,,,,,2,山口仁子,,,,・上池袋,47.02
No.1,,,,,,,3,小林のぞみ,,,,・越谷,44.76
No.1,,,,,,,4,棚橋悦子,,,,・自由が丘,47.13
No.1,,,,,,,5,森内裕子,,,,・天王洲,50.23
No.1,,,,,,,6,江由美子,,,,・袖ヶ浦,51.66
No.1,,,,,,,7,佐々木タ子,市ヶ尾,3/10,3:57.54,0.91,54.75
No.1,,,,,,,1,浅尾有香,,,,・大森,37.29
No.1,,,,,,,2,広瀬百合香,,,,・武蔵小杉,37.11
No.1,,,,,,,3,佐々木美佐,,,,・平塚,36.84
No.1,,,,,,,4,友田智哲,,,,・南青山,38.42
No.1,,,,,,,5,柳有美子,,,,・おおたか,42.31
No.1,,,,,,,6,高橋麻子,,,,・市ヶ尾,39.72
No.1,,,,,,,7,成島志子,,,,・F宇都宮,44.13
No.1,,,,,,,8,森信子,,,,・大森,49.91
No.1,,,,,,,1,吉村華余,,,,・長津田,34.01
No.1,,,,,,,2,日下幸子,ザバス川崎,8/10,2:35.38,0.98,35.79
No.1,,,,,,,3,四井美穂,,,,・天王洲,39.76
No.1,,,,,,,4,草野茜,,,,・二俣川,40.96
No.1,,,,,,,5,本井萃,,,,・横浜,36.34
No.1,,,,,,,6,吉池奈々,,,,・二俣川,40.15
No.1,,,,,,,7,細沼悦子,,,,・越谷,43.50
No.1,,,,,,,8,前田由希映,,,,・二俣川,43.48
No.1,,,,,,,9,宇田川美穂,,,,・天王洲,46.88
No.1,,,,,,,10,市川百合子,,,,・大宮宮原,49.15
No.1,,,,,,,11,赤坂恵美子,志木,4/10,3:46.24,0.97,50.03
No.1,,,,,,,12,髙島子,,,,・大森,50.74
No.1,,,,,,,1,小豆澤和代,,,,・慶應日吉,36.57
No.1,,,,,,,2,錦織佳奈子,,,,ザバス川崎,38.59
No.1,,,,,,,3,久保かおり,,,,・長津田,41.95
No.1,,,,,,,4,冨永結衣子,,,,・大森,43.98
No.1,,,,,,,5,井島孝子,,,,・天王洲,52.38
No.1,,,,,,,1,久保美由紀,長津田,5/10,3:25.52,0.94,46.00
No.1,,,,,,,1,松前優里奈,,,,・おおたか,33.88
No.1,,,,,,,2,風 捺央,,,,・市川,33.77
No.1,,,,,,,3,吉田のばら,,,,・南千住,34.78
No.1,,,,,,,4,中山萃,ザバス川崎,7/10,3:04.36,0.86,40.74
No.1,,,,,,,1,新後海優,,,,・トレッサ,32.24
No.1,,,,,,,2,川俣星,,,,・新都心,35.11
No.1,,,,,,,3,竹下菜々美,,,,・二俣川,33.61
No.1,,,,,,,1,岩城心美,,,,・武蔵小杉,31.70
No.2,,,,,,,1,今修二 ・,,,,谷,48.38
No.2,,,,,,,2,中田正二,,,,・成城,47.62
No.2,,,,,,,1,伴野保志,,,,・阿佐谷,1:03.00
No.2,,,,,,,1,若宮,,,,・成城,40.32
No.2,,,,,,,2,菱沼和男,葛西,3/10,3:21.70,0.85,47.07
No.2,,,,,,,3,飯沼明,,,,・長津田,47.47
No.2,,,,,,,4,折居早,,,,・阿佐谷,47.05
No.2,,,,,,,5,森下善夫,,,,・大宮宮原,48.41
No.2,,,,,,,1,仲宇佐隆一 ・,,,,浜,41.39
No.2,,,,,,,2,橋本政明,,,,・志木,45.74
No.2,,,,,,,1,菊池千二,,,,・市ヶ尾,31.93
No.2,,,,,,,2,早津英哉 ・,,,,谷,34.54
No.2,,,,,,,3,下家成人,,,,・二俣川,34.53
No.2,,,,,,,4,若島健二,,,,・二俣川,39.64
No.2,,,,,,,5,安 稔,,,,・市ヶ尾,38.57
No.2,,,,,,,6,山本和巳,,,,・茂原,45.86
No.2,,,,,,,1,矢部裕之,,,,・長津田,32.17
No.2,,,,,,,2,宮川則仁,,,,・大宮宮原,35.00
No.2,,,,,,,3,西野宮冬木,,,,・長津田,36.94
No.2,,,,,,,4,宮木幸彦,,,,・葛西,37.64
No.2,,,,,,,5,北村洋一,,,,・大森,36.76
No.2,,,,,,,6,本 丈博 ・,,,,毛海岸,38.88
No.2,,,,,,,7,吉峯幸郎,,,,・用賀,41.62
No.2,,,,,,,8,大塚秀幸,,,,・慶應日吉,45.59
No.2,,,,,,,9,萱沼憲司郎,,,,・茂原,46.72
No.2,,,,,,,10,佐藤流生,,,,・天王洲,47.98
No.2,,,,,,,1,関口義和,,,,・二俣川,34.15
No.2,,,,,,,2,山田耕一,,,,・清瀬,34.85
No.2,,,,,,,3,阿部友照,,,,・東十条,37.90
No.2,,,,,,,4,岡田育行 ・,,,,谷,39.87
No.2,,,,,,,5,志水,,,,・大宮宮原,42.42
No.2,,,,,,,6,中田雄也,,,,墨田区体育館,42.15
No.2,,,,,,,1,永瀬知之,,,,・二俣川,30.21
No.2,,,,,,,2,中込孝之,,,,ザバス川崎,31.35
No.2,,,,,,,3,花井一也,,,,・長津田,33.30
No.2,,,,,,,4,山内イ,市ヶ尾,6/10,2:29.29,0.83,34.40
No.2,,,,,,,5,西田幸弘,,,,・藤沢,36.24
No.2,,,,,,,6,齊藤仁,,,,・茂原,35.33
No.2,,,,,,,7,古屋俊一,,,,・ときわ台,35.60
No.2,,,,,,,1,鶴谷,,,,・二俣川,29.45
No.2,,,,,,,2,石井将太,,,,・成瀬,30.79
No.2,,,,,,,3,月田宗行,二俣川,7/10,2:23.07,0.75,31.69
No.2,,,,,,,4,小田島丈典,生,5/10,2:42.83,0.80,36.56
No.2,,,,,,,1,岩本和也,,,,・志木,30.95
No.2,,,,,,,2,角田渉,,,,・大森,40.38
No.2,,,,,,,1,小野健,,,,・天王洲,29.97
No.2,,,,,,,2,土屋大貴,,,,・平塚,31.01
No.2,,,,,,,3,成田昌記,,,,・二俣川,29.68
No.2,,,,,,,4,山田義明,,,,・おおたか,40.02
No.2,,,,,,,1,中島大賀,,,,・市川,28.63
No.2,,,,,,,2,神戸優イ希,,,,・茂原,29.39
No.2,,,,,,,3,柿沼龍史,,,,・成城,31.06
No.2,,,,,,,4,加納聖士,葛西,4/10,2:27.92,0.72,31.38
No.2,,,,,,,1,服部碧,,,,・成城,29.57
No.2,,,,,,,2,黒田大介,,,,・成城,28.83
No.2,,,,,,,3,都築クラウディオ佑亮 ・おおたか,,,,6/7,29.48
No.2,,,,,,,4,荒井優吾,,,,・成瀬,30.08
No.2,,,,,,,5,佐藤汰祐,,,,ザバス鶴見,30.73
No.3,,,,,,,1,天王洲,,,,330歳,50.47
No.3,,,,,,,1,鬼束洋子,,,,0.99,
No.3,,,,,,,2,川端淑子,,,,0.71,
No.3,,,,,,,3,熊谷一枝,,,,0.76,
No.3,,,,,,,4,平田美佐子,,,,0.53,
No.3,,,,,,,1,大森,,,,285歳,38.91
No.3,,,,,,,1,立石由美子,,,,0.69,
No.3,,,,,,,2,市野克子,,,,0.31,
No.3,,,,,,,3,室谷晴、,,,,0.81,
No.3,,,,,,,4,井上美佐子,,,,0.43,
No.3,,,,,,,2,天王洲,,,,281歳,49.83
No.3,,,,,,,1,小宀山美芽,,,,0.98,
No.3,,,,,,,2,梅田栄己子,,,,0.54,
No.3,,,,,,,3,後藤明美,,,,0.49,
No.3,,,,,,,4,浅野みどり,,,,0.40,
No.3,,,,,,,3,柏,,,,310歳,44.67
No.3,,,,,,,1,柴崎徳子,,,,0.98,
No.3,,,,,,,2,木澤杲子,,,,-----,
No.3,,,,,,,3,長野愛子,,,,-----,
No.3,,,,,,,4,浅浦礼子,,,,0.48,
No.3,,,,,,,4,用賀,,,,297歳,47.91
No.3,,,,,,,1,内田良子,,,,0.87,
No.3,,,,,,,2,舘野圭子,,,,0.38,
No.3,,,,,,,3,佐藤由利子,,,,0.23,
No.3,,,,,,,4,捶井泰子,,,,0.29,
No.3,,,,,,,5,戸塚,,,,283歳,47.43
No.3,,,,,,,1,日和久美子,,,,1.01,
No.3,,,,,,,2,太田拓、,,,,0.97,
No.3,,,,,,,3,福田代子,,,,0.47,
No.3,,,,,,,4,酒谷真砂子,,,,0.68,
No.3,,,,,,,6,慶應日吉,,,,281歳,57.29
No.3,,,,,,,1,池淵玲子,,,,0.81,
No.3,,,,,,,2,田野倉和子,,,,0.85,
No.3,,,,,,,3,戸倉陽子,,,,0.33,
No.3,,,,,,,4,中野朗子,,,,0.61,
No.3,,,,,,,7,天王洲,,,,299歳,55.66
No.3,,,,,,,1,長谷川子,,,,0.85,
No.3,,,,,,,2,川島か子,,,,-----,
No.3,,,,,,,3,寺西寿賀子,,,,-----,
No.3,,,,,,,4,柴田千代子,,,,-----,
No.3,,,,,,,1,二俣川,,,,262歳,36.64
No.3,,,,,,,1,武井麻知子,,,,0.78,
No.3,,,,,,,2,近藤な子,,,,0.37,
No.3,,,,,,,3,野島久枝,,,,0.56,
No.3,,,,,,,4,永瀬秀子,,,,0.23,
No.3,,,,,,,2,成城,,,,252歳,34.38
No.3,,,,,,,1,仲田久美子,,,,0.72,
No.3,,,,,,,2,草森理子,,,,0.24,
No.3,,,,,,,3,伊藤ゅかり,,,,0.42,
No.3,,,,,,,4,高梨美樹,,,,0.38,
No.3,,,,,,,3,おおたか,,,,247歳,35.91
No.3,,,,,,,1,五十嵐知佐,,,,0.83,
No.3,,,,,,,2,育村博子,,,,0.67,
No.3,,,,,,,3,倉林明子,,,,0.78,
No.3,,,,,,,4,野崎由美子,,,,0.60,
No.3,,,,,,,4,川崎,,,,240歳,38.12
No.3,,,,,,,1,中山,,,,0.85,
No.3,,,,,,,2,齊藤たか子,,,,0.62,
No.3,,,,,,,3,伊藤春美,,,,0.80,
No.3,,,,,,,4,川久保ちづる,,,,0.11,
No.3,,,,,,,5,おおたか,,,,253歳,36.83
No.3,,,,,,,1,大石里佳,,,,0.88,
No.3,,,,,,,2,高木保子,,,,0.70,
No.3,,,,,,,3,佐藤晶子,,,,0.57,
No.3,,,,,,,4,岡村院子,,,,0.96,
No.3,,,,,,,6,慶應日吉,,,,240歳,42.09
No.3,,,,,,,1,井手敦子,,,,0.97,
No.3,,,,,,,2,山田智子,,,,0.46,
No.3,,,,,,,3,原田由美子,,,,0.68,
No.3,,,,,,,4,福本麻美,,,,0.72,
No.3,,,,,,,7,南千住,,,,252歳,45.10
No.3,,,,,,,1,古宇田淳子,,,,0.83,
No.3,,,,,,,2,于亜芝,,,,0.59,
No.3,,,,,,,3,片桐万澄,,,,0.59,
No.3,,,,,,,4,町田麻里,,,,0.23,
No.3,,,,,,,8,大森,,,,258歳,49.82
No.3,,,,,,,1,佐々木政子,,,,0.95,
No.3,,,,,,,2,中島初美,,,,0.58,
No.3,,,,,,,3,富樫博子,,,,-----,
No.3,,,,,,,4,酒井貴代,,,,0.61,
No.3,,,,,,,9,流山,,,,264歳,50.52
No.3,,,,,,,1,三木純子,,,,0.79,
No.3,,,,,,,2,新井瑞枝,,,,0.62,
No.3,,,,,,,3,菊池佐千代,,,,0.54,
No.3,,,,,,,4,小笠原京子,,,,0.72,
No.3,,,,,,,1,慶應日吉,,,,200歳,36.89
No.3,,,,,,,1,井上,,,,0.77,
No.3,,,,,,,2,前畑子,,,,0.40,
No.3,,,,,,,3,森谷登、,,,,0.52,
No.3,,,,,,,4,上沢絵里奈,,,,0.27,
No.3,,,,,,,2,市川,,,,205歳,30.38
No.3,,,,,,,1,新井亜衣,,,,0.77,
No.3,,,,,,,2,小高麻衣子,,,,0.65,
No.3,,,,,,,3,高橋久美,,,,0.44,
No.3,,,,,,,4,石井菜穂美,,,,0.59,
No.3,,,,,,,3,八景,,,,227歳,33.65
No.3,,,,,,,1,真栄田ずえ,,,,0.78,
No.3,,,,,,,2,座日千鶴子,,,,0.57,
No.3,,,,,,,3,野村洋子,,,,0.42,
No.3,,,,,,,4,鶴岡美佐,,,,0.22,
No.3,,,,,,,4,二俣川,,,,230歳,36.52
No.3,,,,,,,1,川村佳代子,,,,0.92,
No.3,,,,,,,2,反谷恵,,,,0.46,
No.3,,,,,,,3,公川子,,,,0.67,
No.3,,,,,,,4,可部のみ,,,,0.87,
No.3,,,,,,,5,清瀬,,,,229歳,35.79
No.3,,,,,,,1,大橋ほづ美,,,,0.85,
No.3,,,,,,,2,小笠原暁子,,,,0.58,
No.3,,,,,,,3,レントフェルト慶子,,,,0.96,
No.3,,,,,,,4,大槻真由美,,,,0.53,
No.3,,,,,,,6,木,,,,230歳,44.87
No.3,,,,,,,1,赤坂恵美子,,,,0.87,
No.3,,,,,,,2,石塚孝子,,,,0.23,
No.3,,,,,,,3,佐々木れ,,,,-----,
No.3,,,,,,,4,高橋真美,,,,0.19,
No.3,,,,,,,7,横浜,,,,230歳,38.36
No.3,,,,,,,1,大野結実,,,,0.96,
No.3,,,,,,,2,植草美香子,,,,0.60,
No.3,,,,,,,3,佐藤桂子,,,,0.55,
No.3,,,,,,,4,山﨑京子,,,,0.62,
No.3,,,,,,,1,成城,,,,161歳,30.55
No.3,,,,,,,1,仲田笑美,,,,0.74,
No.3,,,,,,,2,佐藤洋子,,,,0.42,
No.3,,,,,,,3,岩田愛恵,,,,0.32,
No.3,,,,,,,4,中畑眸,,,,0.33,
No.3,,,,,,,2,葛西,,,,181歳,31.12
No.3,,,,,,,1,永田那子,,,,0.77,
No.3,,,,,,,2,羽山恵津子,,,,0.40,
No.3,,,,,,,3,溝井花代子,,,,0.39,
No.3,,,,,,,4,大椛詩織,,,,0.21,
No.3,,,,,,,3,市ヶ尾,,,,194歳,30.65
No.3,,,,,,,1,池田百合子,,,,0.69,
No.3,,,,,,,2,高橋麻子,,,,0.17,
No.3,,,,,,,3,白須靖子,,,,0.17,
No.3,,,,,,,4,宀下奏子,,,,0.42,
No.3,,,,,,,4,二俣川,,,,169歳,36.15
No.3,,,,,,,1,吉池奈々,,,,0.69,
No.3,,,,,,,2,前田由希映,,,,0.37,
No.3,,,,,,,3,草野茜,,,,0.25,
No.3,,,,,,,4,竹下菜々美,,,,0.32,
No.3,,,,,,,5,天王洲,,,,173歳,35.41
No.3,,,,,,,1,萩原ゅりか,,,,0.91,
No.3,,,,,,,2,中辷澄美,,,,0.65,
No.3,,,,,,,3,宇田川美穂,,,,0.41,
No.3,,,,,,,4,四井美穂,,,,0.41,
No.3,,,,,,,6,南青山,,,,163歳,40.52
No.3,,,,,,,1,國政玲,,,,0.79,
No.3,,,,,,,2,北原暁美,,,,0.47,
No.3,,,,,,,3,芳賀代子,,,,0.32,
No.3,,,,,,,4,竹山睦月,,,,0.44,33.29
No.3,,,,,,,1,佐々木美佐,,,,0.78,
No.3,,,,,,,2,比留川美緒,,,,0.37,
No.3,,,,,,,3,木田,,,,景子,
No.3,,,,,,,4,足立,,,,知実,
No.3,,,,,,,1,長津田,,,,141歳,31.28
No.3,,,,,,,1,吉村華余,,,,0.77,
No.3,,,,,,,2,小澤有未,,,,0.33,
No.3,,,,,,,3,森谷麻貴,,,,0.28,
No.3,,,,,,,4,川北恵,,,,0.43,
No.3,,,,,,,1,蒲田,,,,114歳,30.43
No.3,,,,,,,1,宀澤緋花留,,,,0.69,
No.3,,,,,,,2,池田良子,,,,0.41,
No.3,,,,,,,3,青木奈那美,,,,0.41,
No.3,,,,,,,4,早川舞,,,,0.17,
No.4,,,,,,,1,成城,,,,284歳,31.07
No.4,,,,,,,1,羽田浩一,,,,0.68,
No.4,,,,,,,2,木津誠,,,,0.72,
No.4,,,,,,,3,若宀強,,,,0.52,
No.4,,,,,,,4,中田正二,,,,0.51,
No.4,,,,,,,1,二俣川,,,,241歳,31.89
No.4,,,,,,,1,冨松実,,,,0.73,
No.4,,,,,,,2,若島健二,,,,0.55,
No.4,,,,,,,3,永瀬知之,,,,0.37,
No.4,,,,,,,4,下成人,,,,0.26,
No.4,,,,,,,2,市ヶ尾,,,,250歳,30.03
No.4,,,,,,,1,菊池千二,,,,0.75,
No.4,,,,,,,2,神尾尚人,,,,0.36,
No.4,,,,,,,3,大滝恭伸,,,,0.70,
No.4,,,,,,,4,新井良育,,,,0.24,
No.4,,,,,,,3,用賀,,,,240歳,35.34
No.4,,,,,,,1,吉峯幸郎,,,,0.85,
No.4,,,,,,,2,佐藤正,,,,0.16,
No.4,,,,,,,3,飯田正攵,,,,0.39,
No.4,,,,,,,4,和田浩一,,,,0.22,
No.4,,,,,,,4,長津田,,,,241歳,34.87
No.4,,,,,,,1,金子謙一,,,,0.80,
No.4,,,,,,,2,西森文史郎,,,,0.41,
No.4,,,,,,,3,池谷千尋,,,,0.34,
No.4,,,,,,,4,西野宀冬木,,,,0.35,
No.4,,,,,,,5,阿佐谷,,,,248歳,36.19
No.4,,,,,,,1,吉村進,,,,0.77,
No.4,,,,,,,2,折居彰,,,,0.93,
No.4,,,,,,,3,大川明徳,,,,0.66,
No.4,,,,,,,4,紺野忠大,,,,0.49,
No.4,,,,,,,6,慶應日吉,,,,248歳,40.46
No.4,,,,,,,1,山本勝,,,,0.84,
No.4,,,,,,,2,長野守,,,,0.81,
No.4,,,,,,,3,岩田寛,,,,0.54,
No.4,,,,,,,4,久保田裕一,,,,0.50,
No.4,,,,,,,1,二俣川,,,,201歳,30.17
No.4,,,,,,,1,堀川広祐,,,,0.68,
No.4,,,,,,,2,関口義和,,,,0.22,
No.4,,,,,,,3,石上智啓,,,,0.15,
No.4,,,,,,,4,大村俊文,,,,0.03,
No.4,,,,,,,2,葛西,,,,203歳,30.91
No.4,,,,,,,1,宀木幸彦,,,,0.77,
No.4,,,,,,,2,原田真,,,,0.42,
No.4,,,,,,,3,弭 政隆,,,,0.36,
No.4,,,,,,,4,青木圭祐,,,,0.33,
No.4,,,,,,,3,おおたか,,,,236歳,33.03
No.4,,,,,,,1,會田修一,,,,0.91,
No.4,,,,,,,2,海辺信吉,,,,0.59,
No.4,,,,,,,3,小山邦彦,,,,0.69,
No.4,,,,,,,4,前田光輝,,,,0.42,
No.4,,,,,,,4,慶應日吉,,,,211歳,32.45
No.4,,,,,,,1,田中遼太,,,,0.72,
No.4,,,,,,,2,穴田啓樹,,,,0.59,
No.4,,,,,,,3,大塚秀幸,,,,0.66,
No.4,,,,,,,4,門倉孝行,,,,0.62,
No.4,,,,,,,5,長津田,,,,203歳,30.25
No.4,,,,,,,1,竹下翔,,,,0.65,
No.4,,,,,,,2,祖川久茂,,,,0.31,
No.4,,,,,,,3,宀本昌雄,,,,0.11,
No.4,,,,,,,4,飯沼明,,,,0.53,
No.4,,,,,,,6,天王洲,,,,200歳,28.72
No.4,,,,,,,1,寺田遼太,,,,0.90,
No.4,,,,,,,2,佐藤流生,,,,0.76,
No.4,,,,,,,3,日暮正明,,,,0.40,
No.4,,,,,,,4,千葉忠英,,,,0.64,
No.4,,,,,,,7,茂原,,,,223歳,38.14
No.4,,,,,,,1,萱沼憲司郎,,,,0.92,
No.4,,,,,,,2,山本和巳,,,,0.59,
No.4,,,,,,,3,梅村潔,,,,0.43,
No.4,,,,,,,4,神戸憂悠希,,,,0.33,
No.4,,,,,,,8,大森,,,,238歳,46.13
No.4,,,,,,,1,御手康美,,,,1.13,
No.4,,,,,,,2,海老原健太,,,,0.61,
No.4,,,,,,,3,町田克浩,,,,0.30,
No.4,,,,,,,4,瀧川一興,,,,0.67,
No.4,,,,,,,9,南青山,,,,231歳,41.79
No.4,,,,,,,1,安藤靖,,,,0.83,
No.4,,,,,,,2,安藤月邦,,,,0.66,
No.4,,,,,,,3,浜健,,,,0.35,
No.4,,,,,,,4,中嶋智史,,,,0.54,
No.4,,,,,,,1,二俣川,,,,167歳,24.68
No.4,,,,,,,1,前田康輔,,,,0.72,
No.4,,,,,,,2,前田崇行,,,,0.26,
No.4,,,,,,,3,鶴谷学,,,,0.23,
No.4,,,,,,,4,寺田貴洋,,,,0.11,
No.4,,,,,,,2,市ヶ尾,,,,167歳,25.97
No.4,,,,,,,1,池田正輝,,,,0.67,
No.4,,,,,,,2,山内悠,,,,0.20,
No.4,,,,,,,3,木村考太,,,,0.24,
No.4,,,,,,,4,田中諒也,,,,0.62,
No.4,,,,,,,3,天王洲,,,,162歳,26.47
No.4,,,,,,,1,小野健,,,,0.64,
No.4,,,,,,,2,星友也,,,,0.46,
No.4,,,,,,,3,久保卓士,,,,0.61,
No.4,,,,,,,4,倉持公一,,,,0.40,
No.4,,,,,,,4,柏,,,,173歳,25.99
No.4,,,,,,,1,廣川大起,,,,0.58,
No.4,,,,,,,2,長田裕史,,,,0.31,
No.4,,,,,,,3,磯貝知弘,,,,0.41,
No.4,,,,,,,4,上野太紀夫,,,,0.26,
No.4,,,,,,,5,清瀬,,,,163歳,27.26
No.4,,,,,,,1,西沢歩,,,,0.67,
No.4,,,,,,,2,塚本拓也,,,,0.40,
No.4,,,,,,,3,松本考弘,,,,0.68,
No.4,,,,,,,4,大木義之,,,,0.45,
No.4,,,,,,,6,成城,,,,181歳,27.54
No.4,,,,,,,1,石井龍,,,,0.71,
No.4,,,,,,,2,浦田昌和,,,,0.42,
No.4,,,,,,,3,柿沼龍史,,,,0.28,
No.4,,,,,,,4,村上守,,,,0.33,
No.4,,,,,,,7,阿佐谷,,,,171歳,27.73
No.4,,,,,,,1,北川貴義,,,,0.69,
No.4,,,,,,,2,松本隆宏,,,,0.62,
No.4,,,,,,,3,若杉佳宏,,,,0.25,
No.4,,,,,,,4,和田亮,,,,0.64,
No.4,,,,,,,8,大森,,,,174歳,30.69
No.4,,,,,,,1,渡部直也,,,,0.81,
No.4,,,,,,,2,宇佐美学,,,,0.61,
No.4,,,,,,,3,成田攵隆,,,,0.53,
No.4,,,,,,,4,野村攵生,,,,0.42,
No.4,,,,,,,9,川,,,,172歳,31.17
No.4,,,,,,,1,大橋克也,,,,0.78,
No.4,,,,,,,2,土井満,,,,0.75,
No.4,,,,,,,3,加藤直梧,,,,0.60,
No.4,,,,,,,4,高瀬信雄,,,,0.47,
No.4,,,,,,,1,川島由伸,,,,,
No.4,,,,,,,2,阿部宏之助,,,,,
No.4,,,,,,,3,木村秀光,,,,,
No.4,,,,,,,4,吉田拓磨,,,,,
No.4,,,,,,,1,おおたか,,,,131歳,26.86
No.4,,,,,,,1,都築クラィオ佑亮,,,,0.75,
No.4,,,,,,,2,古川貴,,,,0.46,
No.4,,,,,,,3,大作善,,,,0.24,
No.4,,,,,,,4,石井,,,,0.39,
No.4,,,,,,,2,阿佐谷,,,,140歳,26.15
No.4,,,,,,,1,和田弘太郎,,,,0.70,
No.4,,,,,,,2,津守陽介,,,,0.19,
No.4,,,,,,,3,棚網宏之,,,,0.30,
No.4,,,,,,,4,荒井啓汰,,,,0.40,
No.4,,,,,,,3,葛西,,,,121歳,27.16
No.4,,,,,,,1,前島悠也,,,,0.67,
No.4,,,,,,,2,泉翔太,,,,0.40,
No.4,,,,,,,3,石井孟,,,,0.28,
No.4,,,,,,,4,矢野匠,,,,0.41,
No.4,,,,,,,4,慶應日吉,,,,153歳,24.78
No.4,,,,,,,1,菅原啓,,,,0.62,
No.4,,,,,,,2,河野悟,,,,0.36,
No.4,,,,,,,3,金井気,,,,0.22,
No.4,,,,,,,4,福田雄太,,,,0.21,
No.4,,,,,,,1,成城,,,,91歳,24.84
No.4,,,,,,,1,板場貴大,,,,0.90,
No.4,,,,,,,2,宀田遼太,,,,0.40,
No.4,,,,,,,3,黒田大介,,,,0.07,
No.4,,,,,,,4,服部碧,,,,0.31,
No.4,,,,,,,2,二俣川,,,,106歳,26.35
No.4,,,,,,,1,田中啓二月,,,,0.63,
No.4,,,,,,,2,和田佳明,,,,0.65,
No.4,,,,,,,3,成田昌一,,,,0.35,
No.4,,,,,,,4,田中一郎,,,,0.43,
No.4,,,,,,,3,天王洲,,,,109歳,26.63
No.4,,,,,,,1,木渕大輝,,,,0.67,
No.4,,,,,,,2,中村,,,,0.32,
No.4,,,,,,,3,加 英貴,,,,0.58,
No.4,,,,,,,4,鈴木裕介,,,,0.47,
No.5,,,,,,,1,天王洲,,,,281歳,50.08
No.5,,,,,,,1,小宮山美芽,,,,0.82,
No.5,,,,,,,2,梅田栄己子,,,,0.61,
No.5,,,,,,,3,後藤明美,,,,0.63,
No.5,,,,,,,4,浅野みどり,,,,0.45,
No.5,,,,,,,1,二俣川,,,,244歳,40.21
No.5,,,,,,,1,松川律子,,,,0.81,
No.5,,,,,,,2,盛田規子,,,,0.52,
No.5,,,,,,,3,野島久枝,,,,0.58,
No.5,,,,,,,4,永瀬秀子,,,,0.41,
No.5,,,,,,,2,慶應日吉,,,,250歳,43.52
No.5,,,,,,,1,森谷登志,,,,0.90,
No.5,,,,,,,2,鈴木夏,,,,0.91,
No.5,,,,,,,3,高見沢ゅみ子,,,,0.58,
No.5,,,,,,,4,田村明美,,,,0.66,
No.5,,,,,,,3,南千住,,,,254歳,33.85
No.5,,,,,,,1,杉本浩美,,,,0.77,
No.5,,,,,,,2,石崎節代,,,,0.61,
No.5,,,,,,,3,古宇田」子,,,,0.67,
No.5,,,,,,,4,下川美枝,,,,0.83,
No.5,,,,,,,1,松戸,,,,236歳,42.66
No.5,,,,,,,1,及川,,,,0.87,
No.5,,,,,,,2,青木子,,,,0.07,
No.5,,,,,,,3,八尋,,,,0.50,
No.5,,,,,,,4,高橋,,,,0.17,
No.5,,,,,,,2,大宮宮原,,,,217歳,38.09
No.5,,,,,,,1,花木尚美,,,,0.79,
No.5,,,,,,,2,坂井慶子,,,,0.57,
No.5,,,,,,,3,市川百合子,,,,,
No.5,,,,,,,4,若林朋子,,,,0.66,
No.5,,,,,,,3,阿佐谷,,,,204歳,39.06
No.5,,,,,,,1,棚網恵理,,,,0.84,
No.5,,,,,,,2,三嶋祐子,,,,0.89,
No.5,,,,,,,3,大久呆彩子,,,,0.66,
No.5,,,,,,,4,宮百合恵,,,,0.69,
No.5,,,,,,,4,大森,,,,207歳,43.60
No.5,,,,,,,1,髙島典子,,,,0.84,
No.5,,,,,,,2,森信子,,,,0.52,
No.5,,,,,,,3,桐沢ひとみ,,,,,
No.5,,,,,,,4,冨永結衣子,,,,0.39,
No.5,,,,,,,1,二俣川,,,,169歳,31.92
No.5,,,,,,,1,竹下菜々美,,,,0.69,
No.5,,,,,,,2,草野茜,,,,0.43,
No.5,,,,,,,3,吉池奈々,,,,0.54,
No.5,,,,,,,4,前田由希映,,,,0.48,
No.5,,,,,,,2,慶應日吉,,,,172歳,33.97
No.5,,,,,,,1,宮本八重,,,,0.70,
No.5,,,,,,,2,RacaruGabriela,,,,0.66,
No.5,,,,,,,3,福本麻美,,,,0.48,
No.5,,,,,,,4,小豆澤和代,,,,0.69,
No.5,,,,,,,3,天王洲,,,,168歳,39.34
No.5,,,,,,,1,萩原ゅりか,,,,0.94,
No.5,,,,,,,2,井島孝子,,,,0.72,
No.5,,,,,,,3,中辷澄美,,,,0.64,
No.5,,,,,,,4,四井美穂,,,,,
No.5,,,,,,,4,長津田,,,,190歳,49.25
No.5,,,,,,,1,久呆とし子,,,,1.04,
No.5,,,,,,,2,久呆かおり,,,,0.27,
No.5,,,,,,,3,久呆美由幻,,,,0.20,
No.5,,,,,,,4,宮林佑.,,,,0.89,
No.5,,,,,,,1,長津田,,,,129歳,32.83
No.5,,,,,,,1,吉村余,,,,0.78,
No.5,,,,,,,2,川北恵,,,,0.48,
No.5,,,,,,,3,森谷麻貴,,,,0.18,
No.5,,,,,,,4,高橋良,,,,0.29,
No.5,,,,,,,2,成城,,,,141歳,32.47
No.5,,,,,,,1,仲田美,,,,0.73,
No.5,,,,,,,2,丸都,,,,0.43,
No.5,,,,,,,3,中畑眸,,,,0.41,
No.5,,,,,,,4,佐々木彩,,,,0.19,
No.6,,,,,,,1,長津田,,,,212歳,30.16
No.6,,,,,,,1,花井一也,,,,0.63,
No.6,,,,,,,2,藤本和,,,,0.28,
No.6,,,,,,,3,星野隆,,,,0.50,
No.6,,,,,,,4,矢部裕之,,,,0.54,
No.6,,,,,,,2,市ヶ尾,,,,209歳,27.99
No.6,,,,,,,1,田窪達,,,,0.65,
No.6,,,,,,,2,安 稔,,,,0.61,
No.6,,,,,,,3,山内悠,,,,0.28,
No.6,,,,,,,4,吉岡人,,,,0.45,
No.6,,,,,,,3,二俣川,,,,208歳,31.37
No.6,,,,,,,1,堀川広祐,,,,0.66,
No.6,,,,,,,2,下家成人,,,,0.31,
No.6,,,,,,,3,関ロ義和,,,,0.35,
No.6,,,,,,,4,草野剛史,,,,0.37,
No.6,,,,,,,4,天王洲,,,,200歳,31.42
No.6,,,,,,,1,寺田遼太,,,,0.85,
No.6,,,,,,,2,千葉忠英,,,,0.52,
No.6,,,,,,,3,日暮正明,,,,0.71,
No.6,,,,,,,4,佐藤流生,,,,0.70,
No.6,,,,,,,1,二俣川,,,,167歳,27.78
No.6,,,,,,,1,前田行,,,,0.70,
No.6,,,,,,,2,知見彦,,,,0.26,
No.6,,,,,,,3,鶴谷学,,,,0.36,
No.6,,,,,,,4,前田輔,,,,0.34,
No.6,,,,,,,2,天王洲,,,,162歳,27.34
No.6,,,,,,,1,小野健,,,,0.65,
No.6,,,,,,,2,倉持公一,,,,0.38,
No.6,,,,,,,3,久保卓士,,,,0.61,
No.6,,,,,,,4,星友也,,,,0.32,
No.6,,,,,,,3,成城,,,,173歳,29.62
No.6,,,,,,,1,石井龍,,,,0.70,
No.6,,,,,,,2,村上守,,,,0.50,
No.6,,,,,,,3,宀田遼太,,,,0.34,
No.6,,,,,,,4,羽田一,,,,0.45,
No.6,,,,,,,4,大宀宀原,,,,174歳,32.51
No.6,,,,,,,1,皆川雅登,,,,0.74,
No.6,,,,,,,2,宀川則仁,,,,0.47,
No.6,,,,,,,3,川瀬健次,,,,0.32,
No.6,,,,,,,4,岡内昭伍,,,,0.39,
No.6,,,,,,,5,阿佐谷,,,,189歳,37.10
No.6,,,,,,,1,紺野忠大,,,,0.74,
No.6,,,,,,,2,若杉佳宏,,,,0.38,
No.6,,,,,,,3,大川明徳,,,,0.48,
No.6,,,,,,,4,松本隆宏,,,,0.71,
No.6,,,,,,,1,阿佐谷,,,,152歳,27.83
No.6,,,,,,,1,和田弘太郎,,,,0.66,
No.6,,,,,,,2,津守陽介,,,,0.38,
No.6,,,,,,,3,和田,,,,0.79,
No.6,,,,,,,4,棚網宏之,,,,0.44,
No.6,,,,,,,1,成城,,,,88歳,27.23
No.6,,,,,,,1,服部碧,,,,0.66,
No.6,,,,,,,2,黒田大介,,,,0.18,
No.6,,,,,,,3,柿召龍史,,,,0.40,
No.6,,,,,,,4,板場貴大,,,,0.45,
No.6,,,,,,,2,葛西,,,,96歳,29.42
No.6,,,,,,,1,嶋田翔太,,,,0.60,
No.6,,,,,,,2,織戸友宏,,,,0.51,
No.6,,,,,,,3,矢野匠,,,,0.56,
No.6,,,,,,,4,加納聖士,,,,0.34,
No.6,,,,,,,3,天王洲,,,,109歳,28.55
No.6,,,,,,,1,木渕大輝,,,,0.66,
No.6,,,,,,,2,中村,,,,0.33,
No.6,,,,,,,3,加 英貴,,,,0.57,
No.6,,,,,,,4,鈴木裕介,,,,0.40,
No.7,,,,,,,1,長谷部征子,,,,・八王子,1:04.80
No.7,,,,,,,1,大山恵子,,,,・葛西,47.90
No.7,,,,,,,1,菅野泰子,,,,・葛西,46.84
No.7,,,,,,,2,瀧下節子,,,,・志木,57.67
No.7,,,,,,,3,水谷裕子,,,,・西新井,1:09.24
No.7,,,,,,,4,木村恵子 ・,,,,谷,1:03.35
No.7,,,,,,,5,松木真知子,,,,・ときわ台,1:13.17
No.7,,,,,,,1,森谷登志江,,,,・慶應日吉,53.43
No.7,,,,,,,2,井手敦子,,,,・慶應日吉,53.95
No.7,,,,,,,3,育村博子,,,,・おおたか,1:00.88
No.7,,,,,,,4,久松葉子,,,,・成瀬,1:09.18
No.7,,,,,,,5,太田初美 ・,,,,谷,59.30
No.7,,,,,,,1,若林朋子,,,,・大宮宮原,36.25
No.7,,,,,,,2,田中貴子,,,,・清瀬,41.63
No.7,,,,,,,3,野島久枝,,,,・二俣川,47.61
No.7,,,,,,,4,高松早智子,,,,・南宇都宮,50.09
No.7,,,,,,,5,盛田真規子,,,,・二俣川,58.91
No.7,,,,,,,1,川村代子,,,,・二俣川,44.68
No.7,,,,,,,2,角南美貴,,,,・我孫子,51.05
No.7,,,,,,,3,山口仁子,,,,・上池袋,1:07.07
No.7,,,,,,,1,池田百合子,,,,・市ヶ尾,33.69
No.7,,,,,,,2,広瀬百合香,,,,・武蔵小杉,38.21
No.7,,,,,,,3,大島江理子,,,,・大森,43.44
No.7,,,,,,,4,白須靖子,,,,・市ヶ尾,50.20
No.7,,,,,,,5,比留川美緒,,,,・平塚,45.69
No.7,,,,,,,1,佐桂子 ・,,,,浜,47.15
No.7,,,,,,,1,中村可奈子,,,,・おおたか,39.12
No.7,,,,,,,2,山田紗子 ・,,,,谷,43.13
No.7,,,,,,,1,宮下奏子,,,,・市ヶ尾,35.92
No.7,,,,,,,2,川北恵,,,,・長津田,36.00
No.7,,,,,,,1,松前里奈,,,,・おおたか,35.09
No.7,,,,,,,2,遠桃 ・,,,,谷,33.59
No.7,,,,,,,3,仲田笑美,,,,・成城,35.26
No.7,,,,,,,4,長谷ちひろ,茂原,5/10,3:31.37,0.79,42.02
No.7,,,,,,,5,井上唯,慶應日吉,3/10,3:33.11,0.81,41.69
No.7,,,,,,,1,竹下菜々美,,,,・二俣川,34.36
No.7,,,,,,,2,嶋田菜々子,,,,・おおたか,35.43
No.7,,,,,,,3,石井理桜子,,,,・市川,36.16
No.7,,,,,,,4,足立知実,,,,・平塚,43.49
No.7,,,,,,,5,森谷麻貴,長津田,4/10,3:31.06,0.75,42.27
No.7,,,,,,,1,竹山睦月,,,,・南青山,33.04
No.7,,,,,,,2,星野真美,,,,・志木,39.17
No.8,,,,,,,1,木津,,,,・成城,44.88
No.8,,,,,,,2,安藤次郎 ・,,,,山,42.29
No.8,,,,,,,3,白井清嗣,,,,・大宮宮原,1:01.15
No.8,,,,,,,4,伴野保志,,,,・阿佐谷,1:09.71
No.8,,,,,,,1,吉原一彦,,,,・阿佐谷,35.22
No.8,,,,,,,2,菱沼和男,,,,・葛西,57.97
No.8,,,,,,,3,臼井全人,,,,・大宮宮原,1:00.83
No.8,,,,,,,1,和田浩一,,,,・用賀,36.01
No.8,,,,,,,2,大塚克,,,,・市川,42.29
No.8,,,,,,,1,渡部佳彦,,,,・市川,33.22
No.8,,,,,,,2,小倉和彦,,,,・清瀬,32.78
No.8,,,,,,,3,神尾尚人,,,,・市ヶ尾,40.54
No.8,,,,,,,4,兼森伸兒,,,,ザバス八景,41.98
No.8,,,,,,,5,若島健二,,,,・二俣川,45.65
No.8,,,,,,,6,小池輝明,,,,・武蔵小杉,45.87
No.8,,,,,,,7,小島淳,,,,・柏,47.44
No.8,,,,,,,8,横山恵一 ・,,,,谷,45.60
No.8,,,,,,,9,二宮博,,,,・横浜,44.04
No.8,,,,,,,1,小倉秀和,,,,・清瀬,33.09
No.8,,,,,,,2,柄澤英也,,,,・用賀,36.19
No.8,,,,,,,3,北村洋一,,,,・大森,38.18
No.8,,,,,,,4,町田克浩,,,,・大森,36.60
No.8,,,,,,,5,飯田正敏,,,,・用賀,36.99
No.8,,,,,,,6,成島毅,F宇都宮,4/10,3:06.85,0.79,38.26
No.8,,,,,,,7,高田義久,八王子,3/10,3:29.52,0.67,42.25
No.8,,,,,,,8,福田剛紀,,,,G-SPA,43.29
No.8,,,,,,,9,大木義之,,,,・清瀬,51.41
No.8,,,,,,,1,田窪,,,,・市ヶ尾,29.95
No.8,,,,,,,2,大村俊文,二俣川,5/10,2:36.95,0.75,30.58
No.8,,,,,,,3,土井清孝,,,,ザバス鶴見,33.02
No.8,,,,,,,4,羽田浩一,,,,・成城,33.27
No.8,,,,,,,5,小秀幸,,,,・八王子,33.73
No.8,,,,,,,6,磯貝知弘,,,,・柏,34.47
No.8,,,,,,,7,平田博之,,,,・ときわ台,37.16
No.8,,,,,,,8,祖川久茂,,,,・長津田,36.54
No.8,,,,,,,9,阿部友照,,,,・東十条,36.93
No.8,,,,,,,10,大沢祐輔,,,,・福生,40.56
No.8,,,,,,,11,大川明徳,,,,・阿佐谷,41.39
No.8,,,,,,,12,小山邦彦,,,,・おおたか,42.58
No.8,,,,,,,1,知見邦彦,二俣川,7/10,2:34.79,0.71,33.33
No.8,,,,,,,2,大作善祥,おおたか,6/10,2:45.41,0.83,34.64
No.8,,,,,,,3,皆川雅登,,,,・大宮宮原,36.39
No.8,,,,,,,4,吉岡範人,,,,・市ヶ尾,36.30
No.8,,,,,,,5,齊藤仁,,,,・茂原,37.22
No.8,,,,,,,6,浅野ワ引,,,,・新都心,40.46
No.8,,,,,,,1,棚網宏之,,,,・阿佐谷,32.54
No.8,,,,,,,2,図師拓千,,,,・市ヶ尾,32.85
No.8,,,,,,,3,浅岡,,,,・用賀,36.63
No.8,,,,,,,1,立石裕太郎,,,,・二俣川,31.10
No.8,,,,,,,2,古川貝-,,,,・おおたか,30.82
No.8,,,,,,,3,津守陽引,,,,・阿佐谷,30.60
No.8,,,,,,,4,長田裕史,,,,・柏,32.52
No.8,,,,,,,5,木村考太,,,,・市ヶ尾,33.73
No.8,,,,,,,1,今里昂哉,,,,・清瀬,29.31
No.8,,,,,,,2,小野健,,,,・天王洲,28.72
No.8,,,,,,,3,前島悠也,,,,・葛西,30.64
No.8,,,,,,,4,成田昌記,,,,・二俣川,30.22
No.8,,,,,,,1,矢野匠,,,,・葛西,34.68
No.8,,,,,,,2,西田仁,,,,ザバス藤が丘,37.08
No.8,,,,,,,1,三角一汰,,,,・新都心,28.91
No.8,,,,,,,2,重高良彦,,,,・育見台,30.54
No.8,,,,,,,3,山下智也,,,,・S湘南台,31.50
No.9,,,,,,,1,熊谷一枝,,,,・天王洲,58.93
No.9,,,,,,,2,平田美佐子,,,,・天王洲,1:03.65
No.9,,,,,,,1,安澤イソ子,,,,・市ヶ尾,54.93
No.9,,,,,,,2,舘野圭子,,,,・用賀,1:03.30
No.9,,,,,,,3,久美紀枝,,,,・流山,58.14
No.9,,,,,,,4,武藤治子,,,,・二俣川,57.02
No.9,,,,,,,1,宇田川礼子,,,,・我孫子,48.22
No.9,,,,,,,2,竹原君枝,慶應日吉,5/10,1:48.94,1.07,52.31
No.9,,,,,,,3,若林多恵子,,,,・谷津,53.21
No.9,,,,,,,4,浅野美恵子,,,,・蒲田,49.70
No.9,,,,,,,5,馬場悦子,,,,・清瀬,54.93
No.9,,,,,,,6,松永タズョ,おおたか,3/10,1:56.88,1.32,51.77
No.9,,,,,,,7,原田早苗,,,,・南千住,59.27
No.9,,,,,,,1,原田岳美,,,,・藤沢,41.31
No.9,,,,,,,2,中平信子,,,,・成瀬,42.56
No.9,,,,,,,3,近藤ひな子,,,,・二俣川,42.08
No.9,,,,,,,4,後藤明美,,,,・天王洲,48.36
No.9,,,,,,,5,相澤史子,,,,・松戸,47.45
No.9,,,,,,,6,戸倉陽子,,,,・慶應日吉,54.70
No.9,,,,,,,7,富樫博子,,,,・大森,53.64
No.9,,,,,,,8,中島初美,,,,・大森,54.99
No.9,,,,,,,9,于亜芝,,,,・南千住,56.79
No.9,,,,,,,10,長谷川節子,,,,・天王洲,59.93
No.9,,,,,,,1,野村洋子,,,,ザバス八景,40.20
No.9,,,,,,,2,山﨑京子,,,,・横浜,42.42
No.9,,,,,,,3,川久ちづる,ザバス川崎,7/10,1:35.34,0.96,43.62
No.9,,,,,,,4,井上美佐子,,,,・大森,43.65
No.9,,,,,,,5,石河久美子,溝ノロ,6/10,1:38.74,0.75,45.04
No.9,,,,,,,6,臼井希代子,,,,・大宮宮原,47.74
No.9,,,,,,,7,古宇田淳子,,,,・南千住,47.43
No.9,,,,,,,8,石崎節代,,,,・南千住,46.33
No.9,,,,,,,9,岡田美恵子,,,,・溝ノロ,48.80
No.9,,,,,,,10,杉山規子,,,,・川越,48.52
No.9,,,,,,,11,掘ロ実枝子,,,,・トレッサ,50.01
No.9,,,,,,,12,松浦敏子,,,,・我孫子,48.45
No.9,,,,,,,13,鶴﨑緑,,,,・トレッサ,49.44
No.9,,,,,,,14,宮原美穂,,,,・福生,57.07
No.9,,,,,,,1,永瀬秀子,,,,・二俣川,35.48
No.9,,,,,,,2,早津恵子,,,,・越谷,39.26
No.9,,,,,,,3,伊藤みどり,,,,・育.ロ,40.79
No.9,,,,,,,4,大槻真由美,,,,・清瀬,40.62
No.9,,,,,,,5,高橋久美,,,,・市川,41.76
No.9,,,,,,,6,福原美奈 ・,,,,毛海岸,43.43
No.9,,,,,,,7,野崎由美子,,,,・おおたか,43.84
No.9,,,,,,,8,高松早智子,,,,・南宇都宮,42.94
No.9,,,,,,,9,伊藤ゆかり,,,,・成城,44.35
No.9,,,,,,,10,加藤雅弓,,,,・新都心,45.47
No.9,,,,,,,11,山中恵子,,,,・桶川北本,46.95
No.9,,,,,,,12,山本登美子,,,,・桶川北本,49.16
No.9,,,,,,,13,佐々木れい,,,,・志木,50.41
No.9,,,,,,,14,佐々木政子,,,,・大森,53.53
No.9,,,,,,,15,飯田美奈子,,,,・西新井,1:00.62
No.9,,,,,,,1,前畑章子,,,,・慶應日吉,36.56
No.9,,,,,,,2,石井紀美子,,,,・s湘南ロ,37.06
No.9,,,,,,,3,二ノ宮美佳,,,,・越谷,45.02
No.9,,,,,,,4,鈴木夏実,,,,・慶應日吉,44.18
No.9,,,,,,,5,佐藤直子,,,,・我孫子,47.85
No.9,,,,,,,6,森内裕子,,,,・天王洲,48.24
No.9,,,,,,,7,及川董,,,,・松戸,46.96
No.9,,,,,,,8,冨樫真樹子,,,,・用賀,46.77
No.9,,,,,,,9,佐々木タ子,,,,・市ヶ尾,52.29
No.9,,,,,,,10,日置睦,,,,・我孫子,54.38
No.9,,,,,,,1,友田智哲,南青山,9/10,1:16.21,0.78,35.26
No.9,,,,,,,2,大石里佳,,,,・おおたか,38.78
No.9,,,,,,,3,成島志雅子,,,,・F宇都宮,40.72
No.9,,,,,,,4,酒井貴代,,,,・大森,41.19
No.9,,,,,,,5,小林和江,,,,・福生,42.84
No.9,,,,,,,6,北瀬あづさ,,,,・市ヶ尾,45.33
No.9,,,,,,,7,津田千鶴,,,,・育.ロ,48.28
No.9,,,,,,,1,佐々木彩,,,,・成城,33.47
No.9,,,,,,,2,四井美穂,,,,・天王洲,36.86
No.9,,,,,,,3,芳賀加代子,,,,・南青山,37.97
No.9,,,,,,,4,小室桃子,,,,・八王子,38.85
No.9,,,,,,,5,細沼悦子,,,,・越谷,40.72
No.9,,,,,,,6,福本麻美,,,,・慶應日吉,39.33
No.9,,,,,,,7,市川百合子,,,,・大宮宮原,43.73
No.9,,,,,,,8,赤坂恵美子,志木,4/10,1:44.36,0.88,48.30
No.9,,,,,,,1,上沢絵里奈,,,,・慶應日吉,33.07
No.9,,,,,,,2,小豆澤和代,慶應日吉,10/10,1:12.33,0.90,33.87
No.9,,,,,,,3,錦織佳奈子,,,,ザバス川崎,36.55
No.9,,,,,,,4,井島孝子,,,,・天王洲,45.76
No.9,,,,,,,1,風 捺央,,,,・市川,31.84
No.9,,,,,,,2,豊島葉子,,,,・袖ヶ浦,31.50
No.9,,,,,,,3,吉田のばら,,,,・南千住,32.36
No.9,,,,,,,4,中山翠,,,,ザバス川崎,39.39
No.9,,,,,,,1,小林志穂,,,,・葛西,32.25
No.9,,,,,,,2,ューボーノード菜月 ・柏,,,,8/9,31.06
No.9,,,,,,,3,横溝万波,,,,・成瀬,31.12
No.9,,,,,,,4,丸玖瑠都,,,,・成城,32.20
No.9,,,,,,,5,真如美優,,,,・南千住,33.50
No.9,,,,,,,6,木田景子,,,,・平塚,33.29
No.9,,,,,,,1,岩城心美,,,,・武蔵小杉,30.20
No.9,,,,,,,2,森山稜子,,,,・新都心,35.63
No.10,,,,,,,1,井上隆史,,,,・市ヶ尾,45.75
No.10,,,,,,,1,中田正二,,,,・成城,43.01
No.10,,,,,,,1,服部陽一,,,,・成瀬,43.32
No.10,,,,,,,2,大内洋,,,,・葛西,47.91
No.10,,,,,,,1,亀田一麿,,,,・東戸塚,34.13
No.10,,,,,,,2,若宮,成城,5/10,1:24.02,0.75,38.40
No.10,,,,,,,3,香川左近,,,,・二俣川,41.31
No.10,,,,,,,4,岸田孝,,,,・南青山,45.96
No.10,,,,,,,5,松下達一,,,,・西新井,48.29
No.10,,,,,,,1,海辺信吉,,,,・おおたか,33.56
No.10,,,,,,,2,岩田,,,,・慶應日吉,37.08
No.10,,,,,,,3,竹内新,中,4/10,1:24.19,0.95,41.18
No.10,,,,,,,4,佐藤信弘,,,,・桶川北本,41.54
No.10,,,,,,,5,二宮次郎,,,,・南宇都宮,39.16
No.10,,,,,,,6,鈴木義夫 ・,,,,谷,43.50
No.10,,,,,,,1,早津英哉 ・,,,,谷,32.27
No.10,,,,,,,2,中村勝,,,,・南千住,31.82
No.10,,,,,,,3,山賀勝之,,,,・南青山,33.85
No.10,,,,,,,4,池谷千尋,,,,・長津田,36.45
No.10,,,,,,,5,二宮,,,,・トレッサ,36.57
No.10,,,,,,,6,藤井宏哉,,,,・松戸,39.49
No.10,,,,,,,7,横山一 ・,,,,谷,39.71
No.10,,,,,,,8,小島,,,,・柏,40.54
No.10,,,,,,,9,山本和巳,,,,・茂原,42.32
No.10,,,,,,,10,二宮博,,,,・横浜,39.47
No.10,,,,,,,11,黒川一,,,,・市ヶ尾,44.16
No.10,,,,,,,12,半澤繁,,,,・清瀬,46.64
No.10,,,,,,,1,弭 政隆,,,,・葛西,33.44
No.10,,,,,,,2,本丈博,毛海岸,6/10,1:14.68,0.81,35.62
No.10,,,,,,,3,加藤寿起,,,,・袖ヶ浦,36.95
No.10,,,,,,,4,吉峯幸郎,,,,・用賀,37.00
No.10,,,,,,,5,温井芳浩,,,,・谷津,38.49
No.10,,,,,,,6,安藤朋邦,南青山,3/10,1:22.44,0.85,39.06
No.10,,,,,,,7,大木義之,,,,・清瀬,41.92
No.10,,,,,,,1,田窪達,,,,・市ヶ尾,27.92
No.10,,,,,,,2,畠山雅和,,,,・袖ヶ浦,27.94
No.10,,,,,,,3,土井清孝,,,,ザバス鶴見,31.58
No.10,,,,,,,4,藤本豊和,,,,・長津田,32.67
No.10,,,,,,,5,山田耕一,,,,・清瀬,32.58
No.10,,,,,,,6,藤井清和,,,,・武蔵小杉,33.84
No.10,,,,,,,7,足立晃,,,,・新川崎,32.02
No.10,,,,,,,8,平田博之,,,,・ときわ台,34.45
No.10,,,,,,,9,佐久 毅慶,,,,・新都心,36.21
No.10,,,,,,,10,倉本貴司,,,,・東十条,35.23
No.10,,,,,,,11,月田光輝,,,,・おおたか,32.29
No.10,,,,,,,12,本 智浩,,,,・志木,36.54
No.10,,,,,,,13,小山邦彦,,,,・おおたか,41.63
No.10,,,,,,,1,野村峰生,,,,・大森,28.55
No.10,,,,,,,2,北川貴義,,,,・阿佐谷,29.23
No.10,,,,,,,3,中込孝之,,,,ザバス川崎,29.87
No.10,,,,,,,4,山内イ,,,,・市ヶ尾,30.12
No.10,,,,,,,5,西田幸弘,,,,・藤沢,31.99
No.10,,,,,,,6,小島直政,,,,・久喜,35.17
No.10,,,,,,,1,川瀬次,,,,・大宮宮原,29.35
No.10,,,,,,,1,岩本和也,,,,・志木,28.72
No.10,,,,,,,2,吉川重行,,,,・桶川北本,29.46
No.10,,,,,,,3,和田,,,,・阿佐谷,32.18
No.10,,,,,,,4,増田,,,,・平塚,34.85
No.10,,,,,,,1,石井孟,,,,・葛西,28.01
No.10,,,,,,,2,伊藤孝優,,,,・八王子,30.01
No.10,,,,,,,3,渡部慎也,,,,・大森,31.76
No.10,,,,,,,4,寺田遼太,,,,・天王洲,30.84
No.10,,,,,,,5,山田義明,,,,・おおたか,39.04
No.10,,,,,,,1,田中壮一郎,,,,・二俣川,27.92
No.10,,,,,,,2,木渕大輝,,,,・天王洲,28.77
No.10,,,,,,,3,柿沼龍史,,,,・成城,28.22
No.10,,,,,,,4,泉翔太,,,,・葛西,29.86
No.10,,,,,,,5,村上裕哉,南千住,8/10,1:01.81,0.74,28.16
No.10,,,,,,,6,星友也,,,,・天王洲,29.24
No.10,,,,,,,7,武本侑己,,,,・青砥,29.42
No.10,,,,,,,8,西田壮仁,ザバス藤が丘,7/10,1:07.95,0.71,32.33
No.10,,,,,,,1,菅原啓,,,,・慶應日吉,26.83
No.10,,,,,,,2,村田拓斗,,,,・長津田,26.06
No.10,,,,,,,3,織戸友宏,,,,・葛西,27.17
No.10,,,,,,,4,藤井龍生,横浜,9/10,1:00.13,0.62,28.33
No.10,,,,,,,5,佐藤汰祐,,,,ザバス鶴見,29.59
No.10,,,,,,,6,金子智哉,,,,・清瀬,29.78
No.11,,,,,,,1,葛西,,,,290歳,49.73
No.11,,,,,,,1,"松,恵子",,,,0.72,
No.11,,,,,,,2,菅野泰子,,,,0.43,
No.11,,,,,,,3,大山恵子,,,,0.45,
No.11,,,,,,,4,青砥美智子,,,,0.32,
No.11,,,,,,,2,慶應日吉,,,,280歳,54.53
No.11,,,,,,,1,山田智子,,,,0.78,
No.11,,,,,,,2,渡部みさを,,,,0.31,
No.11,,,,,,,3,井手敦子,,,,0.78,
No.11,,,,,,,4,竹原君枝,,,,0.70,
No.11,,,,,,,3,南千住,,,,288歳,52.37
No.11,,,,,,,1,石崎節代,,,,0.71,
No.11,,,,,,,2,匕形実,,,,0.64,
No.11,,,,,,,3,下川美枝,,,,0.90,
No.11,,,,,,,4,井節子,,,,0.32,
No.11,,,,,,,4,市ヶ尾,,,,291歳,50.61
No.11,,,,,,,1,嶋田陽子,,,,0.89,
No.11,,,,,,,2,荒深なみ,,,,0.72,
No.11,,,,,,,3,原昌代,,,,0.48,
No.11,,,,,,,4,安澤イソ子,,,,0.84,
No.11,,,,,,,1,樋ロ孝子,,,,,
No.11,,,,,,,2,渡邉登美子,,,,,
No.11,,,,,,,3,近藤みゅき,,,,,
No.11,,,,,,,4,三嶋祐子,,,,,45.12
No.11,,,,,,,1,石田良子,,,,0.55,
No.11,,,,,,,2,太田初美,,,,0.26,
No.11,,,,,,,3,"木,恵子",,,,0.32,
No.11,,,,,,,4,坂本,,,,光子,
No.11,,,,,,,1,二俣川,,,,252歳,50.33
No.11,,,,,,,1,盛田真規子,,,,0.82,
No.11,,,,,,,2,野島久枝,,,,0.57,
No.11,,,,,,,3,武井麻知子,,,,0.51,
No.11,,,,,,,4,永瀬秀子,,,,0.27,
No.11,,,,,,,2,松戸,,,,241歳,44.62
No.11,,,,,,,1,及川,,,,0.70,
No.11,,,,,,,2,渡邊ひろみ,,,,0.36,
No.11,,,,,,,3,高橋,,,,0.20,
No.11,,,,,,,4,相澤子,,,,0.33,
No.11,,,,,,,3,志木,,,,253歳,49.85
No.11,,,,,,,1,石塚孝子,,,,0.85,
No.11,,,,,,,2,瀧下節子,,,,0.82,
No.11,,,,,,,3,高橋真美,,,,0.59,
No.11,,,,,,,4,佐々木れ,,,,0.59,
No.11,,,,,,,4,成城,,,,272歳,47.59
No.11,,,,,,,1,桶谷智子,,,,0.69,
No.11,,,,,,,2,栗林眞知子,,,,0.44,
No.11,,,,,,,3,伊藤ゅかり,,,,0.39,
No.11,,,,,,,4,草森理子,,,,0.24,
No.11,,,,,,,5,阿佐谷,,,,247歳,54.84
No.11,,,,,,,1,五十嵐ー澄,,,,0.81,
No.11,,,,,,,2,三枚堂かよ子,,,,0.45,
No.11,,,,,,,3,大原圭美,,,,0.66,
No.11,,,,,,,4,大久保彡子,,,,0.64,43.75
No.11,,,,,,,1,鈴木由ー里,,,,0.67,
No.11,,,,,,,2,櫻田,,,,琴,
No.11,,,,,,,3,浅野みどり,,,,,
No.11,,,,,,,4,梅田栄己子,,,,,
No.11,,,,,,,1,慶應日吉,,,,203歳,48.02
No.11,,,,,,,1,中野子,,,,0.82,
No.11,,,,,,,2,前畑子,,,,0.39,
No.11,,,,,,,3,宀本重,,,,0.53,
No.11,,,,,,,4,上沢絵里奈,,,,0.37,
No.11,,,,,,,2,成城,,,,228歳,39.50
No.11,,,,,,,1,仲田久美子,,,,0.61,
No.11,,,,,,,2,佐藤子,,,,0.35,
No.11,,,,,,,3,佐々木彡,,,,0.42,
No.11,,,,,,,4,高梨美樹,,,,0.63,
No.11,,,,,,,3,南千住,,,,204歳,47.68
No.11,,,,,,,1,山本由起子,,,,0.82,
No.11,,,,,,,2,田原文月,,,,0.46,
No.11,,,,,,,3,吉田ばら,,,,0.48,
No.11,,,,,,,4,杉本浩美,,,,0.32,
No.11,,,,,,,4,圭瀬,,,,227歳,40.23
No.11,,,,,,,1,大橋づ美,,,,0.71,
No.11,,,,,,,2,佐藤美絵子,,,,0.67,
No.11,,,,,,,3,田中貴子,,,,0.32,
No.11,,,,,,,4,小倉直美,,,,0.72,
No.11,,,,,,,1,市ヶ尾,,,,194歳,34.13
No.11,,,,,,,1,池田百合子,,,,0.57,
No.11,,,,,,,2,白須靖子,,,,0.47,
No.11,,,,,,,3,宀下奏子,,,,0.74,
No.11,,,,,,,4,高橋麻子,,,,0.22,
No.11,,,,,,,2,桶川.本,,,,186歳,36.21
No.11,,,,,,,1,梅澤ノ子,,,,0.73,
No.11,,,,,,,2,",岡貴子",,,,0.57,
No.11,,,,,,,3,",岡亠奈",,,,0.49,
No.11,,,,,,,4,鈴木ー奈,,,,0.36,
No.11,,,,,,,3,天王洲,,,,173歳,42.64
No.11,,,,,,,1,宇田川美穂,,,,0.72,
No.11,,,,,,,2,中辷澄美,,,,0.73,
No.11,,,,,,,3,萩原ゅりか,,,,0.39,
No.11,,,,,,,4,四井美穂,,,,0.32,
No.11,,,,,,,4,二俣川,,,,169歳,43.98
No.11,,,,,,,1,草野茜,,,,0.70,
No.11,,,,,,,2,竹下菜々美,,,,0.33,
No.11,,,,,,,3,吉池奈々,,,,0.50,
No.11,,,,,,,4,前田由希映,,,,0.57,
No.11,,,,,,,5,長津田,,,,171歳,45.21
No.11,,,,,,,1,原磨理,,,,0.72,
No.11,,,,,,,2,久保美由紀,,,,0.47,
No.11,,,,,,,3,森谷麻貴,,,,0.47,
No.11,,,,,,,4,宀林佑妃,,,,0.93,
No.11,,,,,,,1,葛西,,,,140歳,36.26
No.11,,,,,,,1,永田那子,,,,0.55,
No.11,,,,,,,2,小林志穂,,,,0.53,
No.11,,,,,,,3,青木梨緒,,,,0.18,
No.11,,,,,,,4,大椛詩織,,,,0.49,
No.11,,,,,,,2,長津田,,,,132歳,34.66
No.11,,,,,,,1,小澤有未,,,,0.66,
No.11,,,,,,,2,高橋良,,,,0.42,
No.11,,,,,,,3,"吉,余",,,,0.45,
No.11,,,,,,,4,川.恵,,,,0.41,
No.11,,,,,,,3,おおたか,,,,156歳,35.72
No.11,,,,,,,1,嶋田菜々子,,,,0.62,
No.11,,,,,,,2,"中,可奈子",,,,0.69,
No.11,,,,,,,3,松前優里奈,,,,0.34,
No.11,,,,,,,4,柳有美子,,,,0.65,
No.11,,,,,,,4,成城,,,,133歳,39.37
No.11,,,,,,,1,中畑眸,,,,0.64,
No.11,,,,,,,2,丸玖瑠都,,,,0.31,
No.11,,,,,,,3,仲田笑美,,,,0.41,
No.11,,,,,,,4,岩田愛恵,,,,0.35,
No.11,,,,,,,5,南青山,,,,124歳,39.47
No.11,,,,,,,1,友田智哲,,,,0.66,
No.11,,,,,,,2,竹山睦月,,,,0.48,
No.11,,,,,,,3,皆川すみれ,,,,0.60,
No.11,,,,,,,4,二宀若葉,,,,0.24,
No.11,,,,,,,6,茂原,,,,130歳,32.13
No.11,,,,,,,1,岡澤志織,,,,0.60,
No.11,,,,,,,2,松本ー奈,,,,0.65,
No.11,,,,,,,3,長谷ちひろ,,,,0.51,
No.11,,,,,,,4,岡澤美咲,,,,0.48,
No.12,,,,,,,1,成城,,,,282歳,44.79
No.12,,,,,,,1,吉田亮,,,,0.86,
No.12,,,,,,,2,石井龍,,,,0.72,
No.12,,,,,,,3,木津誠,,,,0.58,
No.12,,,,,,,4,若宀強,,,,0.34,
No.12,,,,,,,2,阿佐谷,,,,290歳,59.99
No.12,,,,,,,1,伴野保志,,,,1.02,
No.12,,,,,,,2,吉村進,,,,0.27,
No.12,,,,,,,3,吉原一彦,,,,0.48,
No.12,,,,,,,4,折居彰,,,,0.85,
No.12,,,,,,,1,二俣川,,,,241歳,35.24
No.12,,,,,,,1,下家成人,,,,0.66,
No.12,,,,,,,2,若島健二,,,,0.45,
No.12,,,,,,,3,永瀬知之,,,,0.28,
No.12,,,,,,,4,冨松実,,,,0.17,
No.12,,,,,,,2,おおたか,,,,242歳,38.56
No.12,,,,,,,1,會田修一,,,,0.85,
No.12,,,,,,,2,大作〕,,,,0.43,
No.12,,,,,,,3,海辺信吉,,,,0.53,
No.12,,,,,,,4,五十洋,,,,0.42,
No.12,,,,,,,3,長津田,,,,241歳,44.91
No.12,,,,,,,1,西森文史郎,,,,0.62,
No.12,,,,,,,2,池谷千尋,,,,0.28,
No.12,,,,,,,3,金子謙一,,,,0.34,
No.12,,,,,,,4,西野宀冬木,,,,0.19,
No.12,,,,,,,4,葛西,,,,257歳,38.98
No.12,,,,,,,1,宀木幸彦,,,,0.75,
No.12,,,,,,,2,赤坂吉昭,,,,0.76,
No.12,,,,,,,3,原田真,,,,0.51,
No.12,,,,,,,4,大内洋,,,,0.68,
No.12,,,,,,,1,市ヶ尾,,,,203歳,31.33
No.12,,,,,,,1,田窪達,,,,0.64,
No.12,,,,,,,2,廣松イ一,,,,0.25,
No.12,,,,,,,3,田中一也,,,,0.57,
No.12,,,,,,,4,神尾尚人,,,,0.32,
No.12,,,,,,,2,清瀬,,,,200歳,35.73
No.12,,,,,,,1,山田耕一,,,,0.63,
No.12,,,,,,,2,小倉和彦,,,,0.41,
No.12,,,,,,,3,塚本拓也,,,,0.46,
No.12,,,,,,,4,小倉秀和,,,,0.47,
No.12,,,,,,,3,二俣川,,,,201歳,34.65
No.12,,,,,,,1,大村俊文,,,,0.75,
No.12,,,,,,,2,関ロ義和,,,,0.29,
No.12,,,,,,,3,堀川広祐,,,,0.31,
No.12,,,,,,,4,石上智啓,,,,0.31,
No.12,,,,,,,4,長津田,,,,212歳,39.60
No.12,,,,,,,1,藤本和,,,,0.74,
No.12,,,,,,,2,星野隆,,,,0.37,
No.12,,,,,,,3,矢部谷之,,,,0.54,
No.12,,,,,,,4,花井一也,,,,0.15,
No.12,,,,,,,5,川崎,,,,204歳,35.97
No.12,,,,,,,1,杉原之,,,,0.62,
No.12,,,,,,,2,大橋也,,,,0.29,
No.12,,,,,,,3,中込之,,,,0.51,
No.12,,,,,,,4,高瀬信雄,,,,0.04,
No.12,,,,,,,6,八王子,,,,207歳,35.49
No.12,,,,,,,1,小室秀幸,,,,0.83,
No.12,,,,,,,2,高田義久,,,,0.28,
No.12,,,,,,,3,鈴木直哉,,,,0.13,
No.12,,,,,,,4,添田邦彦,,,,0.32,
No.12,,,,,,,7,柏,,,,212歳,37.35
No.12,,,,,,,1,磯貝知弘,,,,0.84,
No.12,,,,,,,2,長田谷史,,,,0.29,
No.12,,,,,,,3,上野太己夫,,,,0.22,
No.12,,,,,,,4,小島淳,,,,0.39,
No.12,,,,,,,8,流山,,,,206歳,28.80
No.12,,,,,,,1,設樂航希,,,,0.55,
No.12,,,,,,,2,佐々木茂倫,,,,0.24,
No.12,,,,,,,3,田中基幹,,,,0.61,
No.12,,,,,,,4,大倉健志,,,,0.48,
No.12,,,,,,,9,阿佐谷,,,,202歳,39.54
No.12,,,,,,,1,若杉佳宏,,,,0.73,
No.12,,,,,,,2,紺野忠大,,,,0.52,
No.12,,,,,,,3,大川明徳,,,,0.54,
No.12,,,,,,,4,北川貴義,,,,0.24,
No.12,,,,,,,10,成城,,,,202歳,36.21
No.12,,,,,,,1,村上守,,,,0.71,
No.12,,,,,,,2,藤田一,,,,0.54,
No.12,,,,,,,3,羽田浩一,,,,0.63,
No.12,,,,,,,4,浦田昌和,,,,0.50,
No.12,,,,,,,1,二俣川,,,,160歳,30.47
No.12,,,,,,,1,寺田貴洋,,,,0.60,
No.12,,,,,,,2,石谷太郎,,,,0.29,
No.12,,,,,,,3,前田康、,,,,0.29,
No.12,,,,,,,4,前田崇/,,,,0.38,
No.12,,,,,,,2,天王洲,,,,160歳,29.29
No.12,,,,,,,1,中村,,,,0.57,
No.12,,,,,,,2,加 英貴,,,,0.29,
No.12,,,,,,,3,倉持公一,,,,0.58,
No.12,,,,,,,4,久保卓,,,,0.53,
No.12,,,,,,,3,慶應日吉,,,,191歳,31.78
No.12,,,,,,,1,福田雄太,,,,0.55,
No.12,,,,,,,2,勝吉進一,,,,0.51,
No.12,,,,,,,3,河野悟,,,,0.52,
No.12,,,,,,,4,松崎敏明,,,,0.64,
No.12,,,,,,,4,大森,,,,169歳,37.54
No.12,,,,,,,1,北村洋一,,,,0.72,
No.12,,,,,,,2,海老原健太,,,,0.63,
No.12,,,,,,,3,度部慎也,,,,0.48,
No.12,,,,,,,4,野村峰生,,,,0.37,
No.12,,,,,,,5,松戸,,,,179歳,34.98
No.12,,,,,,,1,鈴木敏志,,,,0.71,
No.12,,,,,,,2,伊藤水晶,,,,0.35,
No.12,,,,,,,3,庄司和明,,,,0.33,
No.12,,,,,,,4,藤井宏哉,,,,0.74,31.85
No.12,,,,,,,1,村田拓斗,,,,0.58,
No.12,,,,,,,2,祖川久茂,,,,0.25,
No.12,,,,,,,3,飯沼明,,,,0.53,
No.12,,,,,,,4,竹下,,,,羽,
No.12,,,,,,,1,阿佐谷,,,,140歳,31.92
No.12,,,,,,,1,棚網宏之,,,,0.61,
No.12,,,,,,,2,津守陽介,,,,0.46,
No.12,,,,,,,3,荒井啓汰,,,,0.55,
No.12,,,,,,,4,和田弘太郎,,,,0.01,
No.12,,,,,,,2,用賀,,,,150歳,35.56
No.12,,,,,,,1,柄澤英也,,,,0.69,
No.12,,,,,,,2,浅岡遼,,,,0.16,
No.12,,,,,,,3,室坂拓真,,,,0.12,
No.12,,,,,,,4,亀井智貴,,,,0.43,
No.12,,,,,,,1,葛西,,,,115歳,32.48
No.12,,,,,,,1,石井孟,,,,0.61,
No.12,,,,,,,2,前島攵也,,,,0.41,
No.12,,,,,,,3,泉羽太,,,,0.49,
No.12,,,,,,,4,嶋田羽太,,,,0.17,
No.12,,,,,,,2,二俣川,,,,118歳,32.06
No.12,,,,,,,1,田中啓二朗,,,,0.60,
No.12,,,,,,,2,知見邦彦,,,,0.42,
No.12,,,,,,,3,田中壮一郎,,,,0.56,
No.12,,,,,,,4,和田佳明,,,,0.57,
No.12,,,,,,,3,天王洲,,,,115歳,33.26
No.12,,,,,,,1,星友也,,,,0.67,
No.12,,,,,,,2,鈴木谷介,,,,0.52,
No.12,,,,,,,3,木渕大輝,,,,0.35,
No.12,,,,,,,4,寺田遼太,,,,0.46,29.78
No.12,,,,,,,1,服部碧,,,,0.61,
No.12,,,,,,,2,黒田,,,,大介,
No.12,,,,,,,3,宀田,,,,遼太,
No.12,,,,,,,4,板場,,,,貴大,
No.13,,,,,,,1,田中もみぢ,,,,・おおたか,
No.13,,,,,,,2,須山順子,,,,・松戸,
No.13,,,,,,,3,森川タェ子,,,,・我孫子,
No.13,,,,,,,1,中村敬子 ・,,,,中,
No.13,,,,,,,2,田神洋子,,,,・トレッサ,
No.13,,,,,,,3,舘野圭子,,,,・用賀,
No.13,,,,,,,4,内田良子,,,,・用賀,
No.13,,,,,,,5,浜野操子,,,,・流山,
No.13,,,,,,,6,岡本靖子,,,,・慶應日吉,
No.13,,,,,,,7,中田和子,,,,・越谷,
No.13,,,,,,,8,小野洋子,,,,・我孫子,
No.13,,,,,,,9,相澤和子,,,,・久喜,
No.13,,,,,,,10,加藤直子,横浜,1/10,1:27.95,0.94,
No.13,,,,,,,11,西村咲喜子,,,,・志木,
No.13,,,,,,,1,川口栄子,,,,・松戸,
No.13,,,,,,,2,古美鈴,,,,・上池袋,
No.13,,,,,,,2,室谷晴江,,,,・大森,
No.13,,,,,,,4,吉田三枝子,,,,墨田区体育館,
No.13,,,,,,,5,樋口孝子,,,,・阿佐谷,
No.13,,,,,,,6,原田早苗,,,,・南千住,
No.13,,,,,,,7,栗林眞知子,,,,・成城,
No.13,,,,,,,8,岡田啓子,,,,・桶川北本,
No.13,,,,,,,9,川島かよ子,,,,・天王洲,
No.13,,,,,,,10,坂本光子,,,,・越谷,
No.13,,,,,,,11,岩塚美恵子,,,,・越谷,
No.13,,,,,,,12,松木弘美,,,,・志木,
No.13,,,,,,,13,石川和子,,,,・我孫子,
No.13,,,,,,,14,栗原羊子,,,,・流山,
No.13,,,,,,,15,石村眞理子,,,,・新川崎,
No.13,,,,,,,1,山本由起子,,,,・南千住,
No.13,,,,,,,2,松村恵子,,,,・葛西,
No.13,,,,,,,3,市野克子,,,,・大森,
No.13,,,,,,,4,石塚孝子,,,,・志木,
No.13,,,,,,,5,水谷裕子,,,,・西新井,
No.13,,,,,,,6,相澤史子,,,,・松戸,
No.13,,,,,,,7,梅田栄己子,,,,・天王洲,
No.13,,,,,,,8,儀保都志子,,,,・成瀬,
No.13,,,,,,,9,平山啓子,,,,・南青山,
No.13,,,,,,,10,高木保子,おおたか,6/105,8.56,0.82,
No.13,,,,,,,11,大久保祐美子,,,,・おおたか,
No.13,,,,,,,12,渡辺米子クリーンスパ7/1059.10,,,,0.83,
No.13,,,,,,,13,岡村悦子,,,,・おおたか,
No.13,,,,,,,14,鬼束洋子,,,,・天王洲,
No.13,,,,,,,15,畠山眞由美,,,,・柏,
No.13,,,,,,,16,池淵玲子,,,,・慶應日吉,
No.13,,,,,,,17,若松はる子,,,,・松戸,
No.13,,,,,,,18,長谷川節子,,,,・天王洲,
No.13,,,,,,,19,池田真木子,,,,・阿佐谷,
No.13,,,,,,,20,于亜芝,,,,・南千住,
No.13,,,,,,,21,寺西寿賀子,,,,・天王洲,
No.13,,,,,,,1,石田良子,,,,・越谷,
No.13,,,,,,,2,田邊和歌子,,,,・横浜,
No.13,,,,,,,3,桶谷智子,,,,・成城,
No.13,,,,,,,4,掘口実枝子,,,,・トレッサ,
No.13,,,,,,,5,森本美恵,,,,・松戸,
No.13,,,,,,,6,嶋田陽子,,,,・市ヶ尾,
No.13,,,,,,,7,片桐万澄,,,,・南千住,
No.13,,,,,,,8,倉林明子,,,,・おおたか,
No.13,,,,,,,9,岡田美恵子,,,,・溝ノ口,
No.13,,,,,,,10,櫻田琴,,,,・天王洲,
No.13,,,,,,,11,石崎節代,,,,・南千住,
No.13,,,,,,,12,酒谷真砂子,戸塚,8/105,3.81,0.74,
No.13,,,,,,,13,小笠原京子,,,,・流山,
No.13,,,,,,,14,光畑千栄子,,,,・成瀬,
No.13,,,,,,,15,原昌代,市ヶ尾,10/105,5.28,0.76,
No.13,,,,,,,16,掃部子,,,,曽谷・,
No.13,,,,,,,17,松本知世子,,,,・福島,
No.13,,,,,,,18,秦和加子,,,,・新川崎,
No.13,,,,,,,19,原田由美子,,,,・慶應日吉,
No.13,,,,,,,20,臼井希代子,,,,・大宮宮原,
No.13,,,,,,,21,須田菜奈子,,,,・桶川北本,
No.13,,,,,,,22,仲澤子,,,,・柏,
No.13,,,,,,,1,田中貴子,,,,・清瀬,
No.13,,,,,,,2,武井麻知子,,,,・二俣川,
No.13,,,,,,,3,石井菜穂美,市川,15/104,5.08,0.76,
No.13,,,,,,,4,原磨理,,,,・長津田,
No.13,,,,,,,5,吉川千晶,,,,G-SPA,
No.13,,,,,,,6,佐藤明美,,,,・館山,
No.13,,,,,,,7,伊藤ゆかり,,,,・成城,
No.13,,,,,,,8,高見沢ゆみ子,,,,・慶應日吉,
No.13,,,,,,,9,座千子,ザバス八景,13/104,7.80,0.59,
No.13,,,,,,,10,中野朗子,,,,・慶應日吉,
No.13,,,,,,,11,板谷仁恵,,,,・二俣川,
No.13,,,,,,,12,神保清美,,,,・自由が丘,
No.13,,,,,,,13,田村明美,,,,・慶應日吉,
No.13,,,,,,,14,大槻真由美,,,,・清瀬,
No.13,,,,,,,15,小笠原暁子,,,,・清瀬,
No.13,,,,,,,16,野崎由美子,,,,・おおたか,
No.13,,,,,,,17,吉野ひとみ,,,,・松戸,
No.13,,,,,,,18,小池理恵子,,,,・阿佐谷,
No.13,,,,,,,19,太刀岡早苗,,,,・市ヶ尾,
No.13,,,,,,,20,五十嵐佳澄,,,,・阿佐谷,
No.13,,,,,,,21,加藤雅弓,,,,・新都心,
No.13,,,,,,,22,三木純子,,,,・流山,
No.13,,,,,,,23,菊池佐千代,,,,・流山,
No.13,,,,,,,24,前川尚美,,,,・F東戸塚,
No.13,,,,,,,1,仲田久美子,,,,・成城,
No.13,,,,,,,2,鈴木和佳奈,,,,・桶川北本,
No.13,,,,,,,3,川村佳代子,二俣川,16/104,1.75,0.60,
No.13,,,,,,,4,八尋加苗,,,,・松戸,
No.13,,,,,,,5,武部友美子,,,,・東戸塚,
No.13,,,,,,,6,佐藤洋子,,,,・成城,
No.13,,,,,,,7,森川佳余子,,,,クリーンスパ,
No.13,,,,,,,8,小林のぞみ,,,,・越谷,
No.13,,,,,,,9,捶井子,,,,・用賀,
No.13,,,,,,,10,松川律子,,,,・二俣川,
No.13,,,,,,,11,大野結実,,,,・横浜,
No.13,,,,,,,12,レントフェノト慶子,,,,・清瀬,
No.13,,,,,,,13,山田智子,,,,・慶應日吉,
No.13,,,,,,,14,阿部のぞみ,,,,・二俣川,
No.13,,,,,,,15,雨宮裕子,,,,・大宮宮原,
No.13,,,,,,,16,古平正美,,,,・清瀬,
No.13,,,,,,,17,日置睦,,,,・我孫子,
No.13,,,,,,,18,植草美香子,,,,・横浜,
No.13,,,,,,,1,浅尾有香,,,,・大森,
No.13,,,,,,,2,梅澤売子,,,,・桶川北本,
No.13,,,,,,,3,木村美佐子,,,,・南宇都宮,
No.13,,,,,,,4,棚網恵理,,,,・阿佐谷,
No.13,,,,,,,5,大橋ほづ美,,,,・清瀬,
No.13,,,,,,,6,杉本浩美,,,,・南千住,
No.13,,,,,,,7,河原和世,,,,・戸塚,
No.13,,,,,,,8,吉岡智子,,,,・新都心,
No.13,,,,,,,9,高橋麻子,,,,・市ヶ尾,
No.13,,,,,,,10,鈴木由佳里,,,,・天王洲,
No.13,,,,,,,11,北瀬あづさ,,,,・市ヶ尾,
No.13,,,,,,,12,小林和江,,,,・福生,
No.13,,,,,,,13,磯村麻衣子,上池袋,5/105,1.88,1.47,
No.13,,,,,,,14,糸川永利子,,,,・用賀,
No.13,,,,,,,15,村岡貴子,,,,・桶川北本,
No.13,,,,,,,16,小川史枝,,,,・越谷LT,
No.13,,,,,,,17,久保洋子,流山,3/10,1:15.81,0.68,
No.13,,,,,,,1,坂本桃枝,,,,G-SPA,
No.13,,,,,,,2,遠藤真理,,,,・袖ヶ浦,
No.13,,,,,,,3,宇田川美穂,,,,・天王洲,
No.13,,,,,,,4,草野茜,,,,・二俣川,
No.13,,,,,,,5,兵頭和子,,,,・成瀬,
No.13,,,,,,,6,小高麻衣子,,,,・市川,
No.13,,,,,,,7,貞廣瑠美子,,,,・上池袋,
No.13,,,,,,,8,吉田瑠夏,,,,曽谷・,
No.13,,,,,,,9,宮林佑妃,長津田,11/105,4.62,0.71,
No.13,,,,,,,10,下山雅子,茂原,12/105,4.94,0.70,
No.13,,,,,,,1,永田加那子,,,,・葛西,
No.13,,,,,,,2,宮本八重,,,,・慶應日吉,
No.13,,,,,,,3,大竹昌子,,,,・大森,
No.13,,,,,,,4,岩田愛恵,成城,14/104,6.42,0.58,
No.13,,,,,,,1,中畑,,,,・成城,
No.13,,,,,,,2,萩原ゆりか,,,,・天王洲,
No.13,,,,,,,3,李鎬善,,,,・目黒,
No.13,,,,,,,4,國政玲,南青山,9/105,5.72,0.66,
No.13,,,,,,,1,小澤有未,長津田,17/103,4.77,0.69,
No.13,,,,,,,2,仲田笑美,,,,・成城,
No.13,,,,,,,3,角田優佳里,,,,・青砥,
No.13,,,,,,,1,岡澤志織,,,,・茂原,
No.13,,,,,,,2,宮百合恵,,,,・阿佐谷,
No.13,,,,,,,3,山下紗英,,,,・S湘南,
No.13,,,,,,,1,宮澤緋花留,,,,・蒲田,
No.13,,,,,,,2,松本彩花,,,,・二俣川,
No.13,,,,,,,3,星野真美,,,,・志木,
No.13,,,,,,,4,皆川すみれ,,,,・南青山,
No.14,,,,,,,1,石川守也,,,,・市川,
No.14,,,,,,,2,丸本芳郎,,,,ザバス鶴見,
No.14,,,,,,,1,吉田売,,,,・成城,
No.14,,,,,,,2,田中信夫,,,,・越谷,
No.14,,,,,,,3,大内洋,,,,・葛西,
No.14,,,,,,,4,松永勝,,,,・おおた,
No.14,,,,,,,5,神伸幸,,,,・南青山,
No.14,,,,,,,6,岡本孝夫,,,,・新川崎,
No.14,,,,,,,1,坂倉雅巳,,,,・F東戸塚,
No.14,,,,,,,2,鈴木幹男,,,,・我孫子,
No.14,,,,,,,3,吉村進,,,,・阿佐谷,
No.14,,,,,,,4,臼井全人,,,,・大宮宮原,
No.14,,,,,,,5,渡邊光洋,,,,・福島,
No.14,,,,,,,6,常山臣二,,,,曽谷・,
No.14,,,,,,,7,古川臣一郎,,,,ザバス川崎,
No.14,,,,,,,8,幡場達明,,,,・大宮宮原,
No.14,,,,,,,9,安髙祐三,,,,・越谷,
No.14,,,,,,,10,宮﨑清,,,,・越谷LT,
No.14,,,,,,,1,會田修一,,,,・おおた,
No.14,,,,,,,2,冨松実,,,,・二俣川,
No.14,,,,,,,3,五十嵐洋,,,,・おおた,
No.14,,,,,,,4,西森文史郎,長津田,4/104,5.73,0.67,
No.14,,,,,,,5,岡部浩次,,,,・上池袋,
No.14,,,,,,,6,石井玲二,,,,・川越,
No.14,,,,,,,1,下家成人,,,,・二俣川,
No.14,,,,,,,2,村木満,,,,・トレッサ,
No.14,,,,,,,3,松下尚之,,,,・流山,
No.14,,,,,,,4,浦田昌和,,,,・成城,
No.14,,,,,,,1,岡本邦守 ・川越 /1035.8れ*特賞(申)*,,,,0.60,
No.14,,,,,,,2,小倉秀和,,,,・清瀬,
No.14,,,,,,,3,中津全士,,,,・s湘南台,
No.14,,,,,,,4,宮川則仁,大宮宮原,5/103,9.00,0.76,
No.14,,,,,,,5,久卓士,,,,・天王洲,
No.14,,,,,,,6,佐々木栄一,,,,G-sPA,
No.14,,,,,,,7,杉原祥之,,,,ザバス川崎,
No.14,,,,,,,1,畠山雅和,,,,・袖ヶ浦,
No.14,,,,,,,2,河野 ・慶應日吉7/103れ.47,,,,0.65,
No.14,,,,,,,3,内藤充,,,,・新川崎,
No.14,,,,,,,4,渡辺則貴,,,,・戸塚,
No.14,,,,,,,5,松本考弘,,,,・清瀬,
No.14,,,,,,,6,青木正昭,,,,・福生,
No.14,,,,,,,1,寺田貴洋,,,,・二俣川,
No.14,,,,,,,2,皆川雅登,,,,・大宮宮原,
No.14,,,,,,,3,若杉佳宏,,,,・阿佐谷,
No.14,,,,,,,4,浅野売介,,,,・新都心,
No.14,,,,,,,1,棚網宏之,,,,・阿佐谷,
No.14,,,,,,,2,川瀬次,,,,・大宮宮原,
No.14,,,,,,,3,鈴木敏志,,,,・松戸,
No.14,,,,,,,4,小田島丈典,,,,・福生,
No.14,,,,,,,1,福田雄太,,,,・慶應日吉,
No.14,,,,,,,2,木村考太,,,,・市ヶ尾,
No.14,,,,,,,3,佐々木悠介,,,,・福島,
No.14,,,,,,,4,角田渉 ・大森3/1051.れれ,,,,0.73,
No.14,,,,,,,1,石川和樹,,,,・谷津,
No.14,,,,,,,2,塚本也,,,,・清瀬,
No.14,,,,,,,3,土屋大貴,,,,・平塚,
No.14,,,,,,,4,石井孟,,,,・葛西,
No.14,,,,,,,1,中村,,,,・天王洲,
No.14,,,,,,,2,廣川大起,,,,・柏,
No.14,,,,,,,3,荒井啓汰,,,,・阿佐谷,
No.14,,,,,,,4,矢野匠,,,,・葛西,
No.14,,,,,,,1,田中啓二朗,,,,・二俣川,
No.15,,,,,,,1,鈴木静江,,,,クリーンスノ,
No.15,,,,,,,1,木澤杲子,柏,16/104,7.13,1.17,
No.15,,,,,,,2,平井節子,,,,・南千住,
No.15,,,,,,,3,田中もみぢ,,,,・おおたか,
No.15,,,,,,,4,須山順子,,,,・松戸,
No.15,,,,,,,1,八田清子,,,,・松戸,
No.15,,,,,,,2,中村敬子,府中,11/104,7.91,1.31,
No.15,,,,,,,3,武藤治子,,,,・二俣川,
No.15,,,,,,,4,田神洋子,,,,・トレッサ,
No.15,,,,,,,5,小野洋子,,,,・我孫子,
No.15,,,,,,,6,中田和子,,,,・越谷,
No.15,,,,,,,7,倉元恵子,,,,・宀山,
No.15,,,,,,,8,相澤和子,,,,・久喜,
No.15,,,,,,,9,浜野操子,,,,・流山,
No.15,,,,,,,10,加藤直子,,,,・横浜,
No.15,,,,,,,1,渡部みさを,,,,・慶應日吉,
No.15,,,,,,,2,樋口孝子,,,,・阿佐谷,
No.15,,,,,,,3,浅野美恵子,,,,・蒲田,
No.15,,,,,,,4,川口栄子,,,,・松戸,
No.15,,,,,,,5,古美鈴,,,,・上池,
No.15,,,,,,,6,若林多恵子,谷津,10/104,8.82,0.81,
No.15,,,,,,,7,坂本光子,,,,・越谷,
No.15,,,,,,,8,吉見一江,,,,・二俣川,
No.15,,,,,,,9,松永タズョ,,,,・おおたか,
No.15,,,,,,,10,小島律子,,,,・谷津,
No.15,,,,,,,11,諸橋暁子,,,,曽谷・,
No.15,,,,,,,11,吉田三枝子墨田区体,,,,宀,
No.15,,,,,,,13,柴田千代子,,,,・天王洲,
No.15,,,,,,,14,岡田啓子,,,,・桶川北本,
No.15,,,,,,,15,田野倉和子,,,,・慶應日吉,
No.15,,,,,,,16,大山伴恵,,,,・トレッサ,
No.15,,,,,,,17,安部澄子,,,,・我孫子,
No.15,,,,,,,18,石村眞理子,,,,・新川崎,
No.15,,,,,,,19,岩塚美恵子,,,,・越谷,
No.15,,,,,,,20,石川和子,,,,・我孫子,
No.15,,,,,,,21,染谷敏子,,,,・天王洲,
No.15,,,,,,,1,青木華世子,,,,・松戸,
No.15,,,,,,,2,原田岳美,,,,・藤沢,
No.15,,,,,,,3,ダン典子,,,,・自由が丘,
No.15,,,,,,,4,舛尾妃呂子 ・,,,,毛海岸,
No.15,,,,,,,5,後藤明美,,,,・天王洲,
No.15,,,,,,,6,山本由起子,,,,・南千住,
No.15,,,,,,,7,浅浦礼子,,,,・柏,
No.15,,,,,,,8,梅田栄己子,,,,・天王洲,
No.15,,,,,,,9,松村恵子,,,,・葛西,
No.15,,,,,,,10,齊藤たか子,,,,ザバス川崎,
No.15,,,,,,,11,石塚孝子,,,,・志木,
No.15,,,,,,,12,大久保祐美子,,,,・おおたか,
No.15,,,,,,,13,高梨佳代子,,,,ザバス八景,
No.15,,,,,,,14,小笠原三春,,,,・八王子,
No.15,,,,,,,15,池田則子,,,,・松戸,
No.15,,,,,,,16,戸倉陽子,,,,・慶應日吉,
No.15,,,,,,,17,山崎美南子,,,,・南青山,
No.15,,,,,,,18,若松はる子,,,,・松戸,
No.15,,,,,,,19,渡辺米子クリーンスノ7/1052.22,,,,0.99,
No.15,,,,,,,20,新井枝,,,,・流山,
No.15,,,,,,,21,藤井道子,,,,・我孫子,
No.15,,,,,,,22,池淵玲子,,,,・慶應日吉,
No.15,,,,,,,23,池田真木子,,,,・阿佐谷,
No.15,,,,,,,1,野村洋子,,,,ザバス八景,
No.15,,,,,,,2,安藤薫,,,,・西新井,
No.15,,,,,,,3,高梨美樹,,,,・成城,
No.15,,,,,,,4,石田良子,越谷,17/103,8.90,0.78,
No.15,,,,,,,5,立石由美子,,,,・大森,
No.15,,,,,,,6,川久保ちづる,,,,ザバス川崎,
No.15,,,,,,,7,米澤美智子,,,,・成瀬,
No.15,,,,,,,8,井上美佐子,,,,・大森,
No.15,,,,,,,9,浅田晴子,,,,・八王子,
No.15,,,,,,,10,山梨静枝,,,,・我孫子,
No.15,,,,,,,11,渋谷照代,,,,・我孫子,
No.15,,,,,,,12,石河久美子,,,,・溝ノ口,
No.15,,,,,,,13,三枚堂かよ子,,,,・阿佐谷,
No.15,,,,,,,14,米林清子,,,,・越谷,
No.15,,,,,,,15,佐々木和恵,,,,・松戸,
No.15,,,,,,,16,久保とし子,,,,・長津田,
No.15,,,,,,,17,古宇田淳子,,,,・南千住,
No.15,,,,,,,18,光畑千栄子,,,,・成瀬,
No.15,,,,,,,19,伊藤春美,,,,ザバス川崎,
No.15,,,,,,,20,小笠原京子,,,,・流山,
No.15,,,,,,,21,松浦敏子,,,,・我孫子,
No.15,,,,,,,22,秦和加子,,,,・新川崎,
No.15,,,,,,,23,三嶋祐子,,,,・阿佐谷,
No.15,,,,,,,24,豊田典子,,,,・下北沢,
No.15,,,,,,,25,須田菜奈子,,,,・桶川北本,
No.15,,,,,,,26,仲澤子,,,,・柏,
No.15,,,,,,,27,鶴﨑緑,,,,・トレッサ,
No.15,,,,,,,28,益田加津子,,,,・自由が丘,
No.15,,,,,,,29,油井みどり,,,,・新浦安,
No.15,,,,,,,30,宮原美穂,,,,・福生,
No.15,,,,,,,31,松田則子,,,,・成瀬,
No.15,,,,,,,32,小高和子,,,,・桶川北本,
No.15,,,,,,,1,永瀬秀子,,,,・二俣川,
No.15,,,,,,,2,羽山恵津子,,,,・葛西,
No.15,,,,,,,3,石井裕美,,,,・ときわ台,
No.15,,,,,,,4,高柳祐子,,,,・成城,
No.15,,,,,,,5,佐藤明美,,,,・宀山,
No.15,,,,,,,6,伊藤みどり,,,,・育見台,
No.15,,,,,,,7,原磨理,,,,・長津田,
No.15,,,,,,,8,吉川千晶,,,,G-sPA,
No.15,,,,,,,9,山本庸子,八王子,20/103,9.47,1.12,
No.15,,,,,,,10,高橋久美,,,,・市川,
No.15,,,,,,,11,田村明美,,,,・慶應日吉,
No.15,,,,,,,12,佐藤美絵子,,,,・清瀬,
No.15,,,,,,,13,大原清美,,,,・阿佐谷,
No.15,,,,,,,14,神保清美,,,,・自由が丘,
No.15,,,,,,,15,渡邊ひろみ,,,,・松戸,
No.15,,,,,,,16,高見沢ゆみ子,,,,・慶應日吉,
No.15,,,,,,,17,酒井寿美恵,,,,クリーンスノ,
No.15,,,,,,,18,山本登美子,,,,・桶川北本,
No.15,,,,,,,19,渡邊典子,,,,・福島,
No.15,,,,,,,20,田中香苗,,,,・青砥,
No.15,,,,,,,21,三石久美,,,,・成瀬,
No.15,,,,,,,22,船津香,,,,・自由が丘,
No.15,,,,,,,23,中野朗子,,,,・慶應日吉,
No.15,,,,,,,24,平松栄里子,府中,14/104,8.09,1.07,
No.15,,,,,,,25,桐沢ひとみ,,,,・大森,
No.15,,,,,,,26,佐々木政子,,,,・大森,
No.15,,,,,,,27,五十嵐佳澄,阿佐谷,6/105,0.08,0.90,
No.15,,,,,,,28,三木純子,流山,9/105,0.19,0.85,
No.15,,,,,,,29,大芦薫,,,,・清瀬,
No.15,,,,,,,30,平澤馨,,,,・府中,
No.15,,,,,,,31,菊池佐千代,流山,5/105,8.31,0.99,
No.15,,,,,,,32,前川尚美 ・,,,,東戸塚,
No.15,,,,,,,1,石井紀美子,,,,・s湘南台,
No.15,,,,,,,2,鶴岡美佐,,,,ザバス八景,
No.15,,,,,,,3,大野結実,,,,・横浜,
No.15,,,,,,,4,武部友美子,,,,・東戸塚,
No.15,,,,,,,5,及川薫,,,,・松戸,
No.15,,,,,,,6,阿部のぞみ,,,,・二俣川,
No.15,,,,,,,6,レントフェノト慶子,,,,・清瀬,
No.15,,,,,,,8,坂井慶子,,,,・大宮宮原,
No.15,,,,,,,9,棚橋悦子,,,,・自由が丘,
No.15,,,,,,,10,捶井子,,,,・用賀,
No.15,,,,,,,11,佐藤直子,,,,・我孫子,
No.15,,,,,,,12,二ノ宮美佳,,,,・越谷,
No.15,,,,,,,13,山田智子,,,,・慶應日吉,
No.15,,,,,,,14,池田直子,,,,・大森,
No.15,,,,,,,15,鈴木夏実,,,,・慶應日吉,
No.15,,,,,,,16,田上麻紀,,,,・久喜,
No.15,,,,,,,17,岩朋実,,,,・川越,
No.15,,,,,,,18,雨宮裕子,,,,・大宮宮原,
No.15,,,,,,,19,堀内浩子,,,,・谷津,
No.15,,,,,,,20,佐藤淳子,,,,・久喜,
No.15,,,,,,,21,鈴木喜代子,,,,・茂原,
No.15,,,,,,,22,古平正美,,,,・清瀬,
No.15,,,,,,,23,植草美香子,,,,・横浜,
No.15,,,,,,,1,杉本浩美,,,,・南千住,
No.15,,,,,,,2,木村美佐子,,,,・南宇都宮,
No.15,,,,,,,3,花木尚美,,,,・大宮宮原,
No.15,,,,,,,4,池田智子,,,,・目黒,
No.15,,,,,,,5,高橋,,,,・松戸,
No.15,,,,,,,6,棚網恵理,,,,・阿佐谷,
No.15,,,,,,,7,佐伯康子,,,,ザバス川崎,
No.15,,,,,,,8,五十嵐知佐,,,,・おおたか,
No.15,,,,,,,9,大石里佳,,,,・おおたか,
No.15,,,,,,,10,引本亜紀子,,,,・用賀,
No.15,,,,,,,11,酒井貴代,大森,19/103,8.60,0.81,
No.15,,,,,,,12,河原和世,,,,・戸塚,
No.15,,,,,,,13,田原文月,南千住,18/104,0.42,0.80,
No.15,,,,,,,14,中村奈穂美,,,,・越谷,
No.15,,,,,,,15,小山香津子,,,,・藤沢,
No.15,,,,,,,16,佐藤晶子,,,,・おおたか,
No.15,,,,,,,17,糸川永利子,,,,・用賀,
No.15,,,,,,,18,北原暁美,南青山,3/104,3.09,0.83,
No.15,,,,,,,19,兼子敬子,,,,・南千住,
No.15,,,,,,,20,森信子,,,,・大森,
No.15,,,,,,,21,久保洋子,流山,4/10,1:13.72,0.91,
No.15,,,,,,,1,日下幸子,,,,ザバス川崎,
No.15,,,,,,,2,佐々木彩,,,,・成城,
No.15,,,,,,,3,坂本桃枝,,,,G-sPA,
No.15,,,,,,,4,櫻井理恵子,,,,・袖ケ浦,
No.15,,,,,,,5,小室桃子,,,,・八王子,
No.15,,,,,,,6,大黒明日香,,,,・清瀬,
No.15,,,,,,,7,サカモト亮子,,,,・自由が丘,
No.15,,,,,,,8,兵頭和子,,,,・成瀬,
No.15,,,,,,,9,高橋真美,,,,・志木,
No.15,,,,,,,10,溝井花代子,葛西,21/103,5.76,0.74,
No.15,,,,,,,11,福本麻美,,,,・慶應日吉,
No.15,,,,,,,12,芳賀加代子,,,,・南青山,
No.15,,,,,,,13,吉池奈々,,,,・二俣川,
No.15,,,,,,,14,佐藤桂子,,,,・横浜,
No.15,,,,,,,15,宮林妃,,,,・長津田,
No.15,,,,,,,16,町田麻里,,,,・南千住,
No.15,,,,,,,17,小高麻衣子,,,,・市川,
No.15,,,,,,,18,成重夏紀,,,,・藤沢,
No.15,,,,,,,19,吉田絵美,用賀,8/104,5.90,0.89,
No.15,,,,,,,20,下山子,,,,・茂原,
No.15,,,,,,,21,斉藤子,,,,・目黒,
No.15,,,,,,,1,宮本八重,,,,・慶應日吉,
No.15,,,,,,,2,永田加那子,,,,・葛西,
No.15,,,,,,,3,上沢絵里奈,,,,・慶應日吉,
No.15,,,,,,,4,関川晶子,,,,・下北沢,
No.15,,,,,,,5,池田良子,,,,・蒲田,
No.15,,,,,,,6,真栄田こずえ,,,,ザバス八景,
No.15,,,,,,,7,山田未紗子,,,,・越谷,
No.15,,,,,,,8,大竹昌子,,,,・大森,
No.15,,,,,,,9,中辻澄美,,,,・天王洲,
No.15,,,,,,,10,谷美希子,,,,・府中,
No.15,,,,,,,1,青木梨緒,,,,・葛西,
No.15,,,,,,,2,川北恵,,,,・長津田,
No.15,,,,,,,3,新井亜衣,,,,・市川,
No.15,,,,,,,4,中畑,,,,・成城,
No.15,,,,,,,5,李鎬善,,,,・目黒,
No.15,,,,,,,6,RacaruGabriela,,,,・慶應日吉,
No.15,,,,,,,7,松本佳奈,茂原,13/103,9.85,0.96,
No.15,,,,,,,8,國政玲,,,,・南青山,
No.15,,,,,,,1,豊島葉子,,,,・袖ケ浦,
No.15,,,,,,,2,早川舞,蒲田,26/103,0.16,0.72,
No.15,,,,,,,3,宍戸萌,,,,・長津田,
No.15,,,,,,,4,小澤有未,,,,・長津田,
No.15,,,,,,,5,長谷ちひろ,茂原,23/103,4.87,0.81,
No.15,,,,,,,6,片桐由里恵,,,,・s湘南台,
No.15,,,,,,,7,岡澤美咲,,,,・茂原,
No.15,,,,,,,1,ニューボーノード菜月,柏,22/102,9.34,0.72,
No.15,,,,,,,2,横溝万波,,,,・成瀬,
No.15,,,,,,,3,新後海優,,,,・トレッサ,
No.15,,,,,,,4,川俣星,,,,・新都心,
No.15,,,,,,,5,木田景子,,,,・平塚,
No.15,,,,,,,6,松澤春菜,,,,・大宮宮原,
No.15,,,,,,,7,山下紗英,,,,・s湘南台,
No.15,,,,,,,8,足立知実,,,,・平塚,
No.15,,,,,,,9,村岡礼奈,,,,・桶川北本,
No.15,,,,,,,10,宮百合恵,,,,・阿佐谷,
No.15,,,,,,,11,柏木涼,,,,・越谷LT,
No.15,,,,,,,1,梶井美杏,,,,・清瀬,
No.15,,,,,,,2,高橋紗良,,,,・長津田,
No.15,,,,,,,3,宮澤緋花留,,,,・蒲田,
No.15,,,,,,,4,栃元春乃,,,,・西東京,
No.15,,,,,,,5,青木奈那美,,,,・蒲田,
No.15,,,,,,,6,櫻井春佳,,,,・大宮宮原,
No.15,,,,,,,7,西澤瑛倫,越谷,25/103,2.36,0.69,
No.15,,,,,,,8,松本彩花,,,,・二俣川,
No.15,,,,,,,9,森山稜子,新都心,24/103,4.02,0.73,
No.16,,,,,,,1,椎野正敏,,,,・越谷,
No.16,,,,,,,1,井上隆史,,,,・市ヶ尾,
No.16,,,,,,,2,丸野公敏,,,,・南千住,
No.16,,,,,,,1,石川守也,,,,・市川,
No.16,,,,,,,2,中村欣正,,,,・流山,
No.16,,,,,,,3,池端孝一,成瀬,4/104,3.05,0.81,
No.16,,,,,,,4,井口穣,,,,・東戸塚,
No.16,,,,,,,5,小田稔,,,,・慶應日吉,
No.16,,,,,,,6,増山晶一,,,,・下北沢,
No.16,,,,,,,7,丸本芳郎,,,,ザバス鶴見,
No.16,,,,,,,1,吉田亮,,,,・成城,
No.16,,,,,,,2,嶋﨑昭夫,,,,・西東京,
No.16,,,,,,,3,高附直樹,,,,・清瀬,
No.16,,,,,,,4,田中信夫,越谷,3/104,5.58,1.20,
No.16,,,,,,,5,御手洗康美,,,,・大森,
No.16,,,,,,,6,松永勝,,,,・おおたか,
No.16,,,,,,,7,手塚満,,,,・おおたか,
No.16,,,,,,,8,泉保央,,,,・慶應日吉,
No.16,,,,,,,9,縫田駿一,,,,・おおたか,
No.16,,,,,,,10,岡本孝夫,,,,・新川崎,
No.16,,,,,,,1,亀田一麿,東戸塚,12/103,4.15,0.81,
No.16,,,,,,,2,瀧川一興,,,,・大森,
No.16,,,,,,,3,鈴木幹男,,,,・我孫子,
No.16,,,,,,,4,大倉健志,,,,・流山,
No.16,,,,,,,5,渡邊光洋,,,,・福島,
No.16,,,,,,,6,中村雄一,,,,G-SPA,
No.16,,,,,,,7,折居彰,,,,・阿佐谷,
No.16,,,,,,,8,梅村潔,,,,・茂原,
No.16,,,,,,,9,内藤謙一,,,,・松戸,
No.16,,,,,,,10,常山賢二,,,,曽谷・,
No.16,,,,,,,11,岸田孝,,,,・南青山,
No.16,,,,,,,12,松下達一,,,,・西新井,
No.16,,,,,,,13,宮﨑清,,,,・越谷LT,
No.16,,,,,,,14,若山聖亮,,,,G-SPA,
No.16,,,,,,,15,大久保美伸,,,,・松戸,
No.16,,,,,,,16,髙橋修一,,,,・我孫子,
No.16,,,,,,,17,永島聡,,,,・戸塚,
No.16,,,,,,,1,冨松実,,,,・二俣川,
No.16,,,,,,,2,岩田寛,,,,・慶應日吉,
No.16,,,,,,,3,大塚克,,,,・市川,
No.16,,,,,,,4,松田賢治,,,,・大宮宮原,
No.16,,,,,,,5,横浜健,,,,・南青山,
No.16,,,,,,,6,山英克,,,,・我孫子,
No.16,,,,,,,7,佐藤信弘,,,,・桶川北本,
No.16,,,,,,,8,二宮次郎,,,,・南宇都宮,
No.16,,,,,,,9,仲宇佐隆一,,,,・横浜,
No.16,,,,,,,10,阿部宏之助,,,,・上池袋,
No.16,,,,,,,11,長野守,慶應日吉,8/103,9.15,0.79,
No.16,,,,,,,12,山中一男,,,,・阿佐谷,
No.16,,,,,,,13,渡辺好造,,,,・成瀬,
No.16,,,,,,,14,西森文史郎,,,,・長津田,
No.16,,,,,,,15,橋本政明,,,,・志木,
No.16,,,,,,,16,赤坂吉昭,,,,・葛西,
No.16,,,,,,,17,鈴木義夫,,,,・越谷,
No.16,,,,,,,18,藤原雄一郎,,,,・大森,
No.16,,,,,,,19,岡部浩次,,,,・上池袋,
No.16,,,,,,,1,中村勝,,,,・南千住,
No.16,,,,,,,2,上野太紀夫,,,,・柏,
No.16,,,,,,,3,山賀勝之,,,,・南青山,
No.16,,,,,,,4,金子勝,,,,・岩槻,
No.16,,,,,,,5,宇田川祐一,,,,・大宮宮原,
No.16,,,,,,,6,中村幸弘,,,,・越谷,
No.16,,,,,,,7,神尾尚人,,,,・市ヶ尾,
No.16,,,,,,,8,田中基幹,,,,・流山,
No.16,,,,,,,9,藤井宏哉,,,,・松戸,
No.16,,,,,,,10,安 稔,,,,・市ヶ尾,
No.16,,,,,,,11,小泉康延,,,,・亀有,
No.16,,,,,,,12,小松崎浩,,,,・府中,
No.16,,,,,,,13,二宮淳,,,,・トレッサ,
No.16,,,,,,,14,渡辺一,,,,・市ヶ尾,
No.16,,,,,,,15,山本勝,,,,・慶應日吉,
No.16,,,,,,,16,安部盛博,,,,・成城,
No.16,,,,,,,17,安藤靖,,,,・南青山,
No.16,,,,,,,18,浅井速人,,,,・葛西,
No.16,,,,,,,19,半澤繁,,,,・清瀬,
No.16,,,,,,,1,弭 政隆,,,,・葛西,
No.16,,,,,,,2,杉原祥之,,,,ザバス川崎,
No.16,,,,,,,3,門倉孝行,,,,・慶應日吉,
No.16,,,,,,,4,西野宮冬木,,,,・長津田,
No.16,,,,,,,5,浅田康朗,,,,・大森,
No.16,,,,,,,6,兵藤雄,,,,・目黒,
No.16,,,,,,,7,青木健二,,,,・蒲田,
No.16,,,,,,,8,木村秀光,,,,・上池袋,
No.16,,,,,,,9,新井良育,,,,・市ヶ尾,
No.16,,,,,,,10,成島毅,,,,・F宇都宮,
No.16,,,,,,,11,山田隆弘,,,,・市川,
No.16,,,,,,,12,佐藤正章,,,,・用賀,
No.16,,,,,,,13,加藤寿起,,,,・袖ケ浦,
No.16,,,,,,,14,金子謙一,,,,・長津田,
No.16,,,,,,,15,穴田啓樹,,,,・慶應日吉,
No.16,,,,,,,16,猪野周九,,,,・谷津,
No.16,,,,,,,17,久保田信利,ザバス八景,6/103,5.10,0.89,
No.16,,,,,,,18,中島茂,,,,・高崎,
No.16,,,,,,,19,齋藤和典,,,,・新川崎,
No.16,,,,,,,20,日暮正明,,,,・天王洲,
No.16,,,,,,,21,北村勇,,,,・育見ロ,
No.16,,,,,,,22,萱沼憲司郎,,,,・茂原,
No.16,,,,,,,23,福田義晴,市川,7/104,0.13,0.92,
No.16,,,,,,,24,須川真彦,,,,・S湘南ロ,
No.16,,,,,,,1,池田正輝,,,,・市ヶ尾,
No.16,,,,,,,2,大村俊文,,,,・二俣川,
No.16,,,,,,,3,石井龍,,,,・成城,
No.16,,,,,,,4,石上智啓,,,,・二俣川,
No.16,,,,,,,5,佐々木茂倫,,,,・流山,
No.16,,,,,,,6,甫坂修男,,,,・市川,
No.16,,,,,,,7,添田邦彦,,,,・八王子,
No.16,,,,,,,8,阿部賢裕,,,,・育見ロ,
No.16,,,,,,,9,松崎敏明,,,,・慶應日吉,
No.16,,,,,,,10,磯貝知弘,,,,・柏,
No.16,,,,,,,11,足立晃,,,,・新川崎,
No.16,,,,,,,12,内藤充,,,,・新川崎,
No.16,,,,,,,13,渡辺則貴,,,,・戸塚,
No.16,,,,,,,14,佐野剛生,,,,・溝ノ口,
No.16,,,,,,,15,前田光輝,,,,・おおたか,
No.16,,,,,,,16,原田真,,,,・葛西,
No.16,,,,,,,17,松本考弘,,,,・清瀬,
No.16,,,,,,,18,千葉忠英,,,,・天王洲,
No.16,,,,,,,19,岡田育行,,,,・越谷,
No.16,,,,,,,20,佐久 毅慶,,,,・新都心,
No.16,,,,,,,21,倉本貴司,,,,・東十条,
No.16,,,,,,,22,宮本昌雄,,,,・長津田,
No.16,,,,,,,23,庄司和明,,,,・松戸,
No.16,,,,,,,24,本 智浩,,,,・志木,
No.16,,,,,,,25,大川明徳,阿佐谷,9/103,7.10,0.99,
No.16,,,,,,,26,中田雄也,,,,墨田区体育館,
No.16,,,,,,,27,東條博,,,,・阿佐谷,
No.16,,,,,,,28,稲田潤一,,,,・上池袋,
No.16,,,,,,,29,松林徹,,,,・越谷,
No.16,,,,,,,30,落合理,武蔵小杉,5/104,0.87,0.73,
No.16,,,,,,,31,北野善則,,,,・新都心,
No.16,,,,,,,1,野村峰生,,,,・大森,
No.16,,,,,,,2,寺田貴洋,二俣川,21/102,7.95,0.70,
No.16,,,,,,,3,北川貴義,,,,・阿佐谷,
No.16,,,,,,,4,倉持公一,,,,・天王洲,
No.16,,,,,,,5,宅 健介,,,,・天王洲,
No.16,,,,,,,6,堀川広祐,二俣川,17/102,9.22,0.67,
No.16,,,,,,,7,今崎長穂,,,,・自由が丘,
No.16,,,,,,,8,加地隆史,,,,・葛西,
No.16,,,,,,,9,花輪博之,,,,・越谷,
No.16,,,,,,,10,駒形秀一,,,,・我孫子,
No.16,,,,,,,11,若杉佳宏,,,,・阿佐谷,
No.16,,,,,,,12,藤田一寿,,,,・成城,
No.16,,,,,,,13,草野剛史,,,,・二俣川,
No.16,,,,,,,14,高瀬信雄,ザバス川崎,14/103,2.51,0.76,
No.16,,,,,,,15,中嶋智史,,,,・南青山,
No.16,,,,,,,16,成田敏隆,,,,・大森,
No.16,,,,,,,17,小島直政,久喜,10/103,3.69,0.83,
No.16,,,,,,,18,上村匠,,,,・下北沢,
No.16,,,,,,,19,鈴木直哉,,,,・八王子,
No.16,,,,,,,1,前田宗行,,,,・二俣川,
No.16,,,,,,,2,吉田拓磨,,,,・上池袋,
No.16,,,,,,,3,石井将太,,,,・成瀬,
No.16,,,,,,,4,鈴木敏志,,,,・松戸,
No.16,,,,,,,5,小林弘典,,,,ザバス川崎,
No.16,,,,,,,6,村上守,,,,・成城,
No.16,,,,,,,7,田中遼太,,,,・慶應日吉,
No.16,,,,,,,1,青木圭祐,,,,・葛西,
No.16,,,,,,,2,金井元気,,,,・慶應日吉,
No.16,,,,,,,3,雲藤貴光,,,,・天王洲,
No.16,,,,,,,4,福田雄太,,,,・慶應日吉,
No.16,,,,,,,5,和田亮,,,,・阿佐谷,
No.16,,,,,,,6,佐々木悠介,,,,・福島,
No.16,,,,,,,1,石川和樹,,,,・谷津,
No.16,,,,,,,2,江沢純也,,,,・我孫子,
No.16,,,,,,,3,寺田遼太,天王洲,18/102,9.52,0.88,
No.16,,,,,,,4,渡部慎也,大森,15/103,0.84,0.71,
No.16,,,,,,,5,大野淳哉,,,,・上池袋,
No.16,,,,,,,1,川島由伸,,,,・上池袋,
No.16,,,,,,,2,板場貴大,,,,・成城,
No.16,,,,,,,3,中島大賀,,,,・市川,
No.16,,,,,,,4,神戸優悠希,,,,・茂原,
No.16,,,,,,,5,宮田遼太,,,,・成城,
No.16,,,,,,,6,星友也,,,,・天王洲,
No.16,,,,,,,7,室坂拓真,,,,・用賀,
No.16,,,,,,,8,村上裕哉,,,,・南千住,
No.16,,,,,,,9,和田佳明,,,,・二俣川,
No.16,,,,,,,10,竹下翔,,,,・長津田,
No.16,,,,,,,11,長谷川輝,,,,・平塚,
No.16,,,,,,,12,亀井智貴,,,,・用賀,
No.16,,,,,,,1,設樂航希,,,,・流山,
No.16,,,,,,,2,村田拓斗,,,,・長津田,
No.16,,,,,,,3,織戸友宏,,,,・葛西,
No.16,,,,,,,4,重高良彦,,,,・育見ロ,
No.16,,,,,,,5,田中啓二朗,,,,・二俣川,
No.16,,,,,,,6,三角一汰,新都心,19/102,6.92,0.62,
No.16,,,,,,,7,藤井大智,F東戸塚,16/102,7.03,0.60,
No.16,,,,,,,8,伊藤水晶,,,,・松戸,
No.16,,,,,,,9,佐々木明日真,,,,・市川,
No.16,,,,,,,10,西沢歩,,,,・清瀬,
No.16,,,,,,,11,南里輝,,,,・蒲田,
No.16,,,,,,,12,金子智哉,,,,・清瀬,
No.16,,,,,,,13,藤井龍生,横浜,20/102,7.88,0.63,
No.16,,,,,,,14,安永竜之佑,東戸塚,13/102,9.70,0.60,
No.16,,,,,,,15,加藤慎梧,ザバス川崎,11/103,1.75,1.03,
No.16,,,,,,,16,佐々木駿,,,,・流山,
No.17,,,,,,,1,二俣川,,,,321歳,1:04.55
No.17,,,,,,,1,吉見一江,,,,1.00,
No.17,,,,,,,2,浅田眞守,,,,,
No.17,,,,,,,3,香川近,,,,0.57,
No.17,,,,,,,4,武藤治子,,,,,
No.17,,,,,,,1,成城,,,,296歳,45.96
No.17,,,,,,,1,吉田亮,,,,0.80,
No.17,,,,,,,2,栗林眞知子,,,,0.31,
No.17,,,,,,,3,木津誠,,,,0.24,
No.17,,,,,,,4,伊藤ゅかり,,,,0.30,
No.17,,,,,,,2,慶應日吉,,,,300歳,1:01.74
No.17,,,,,,,1,池淵子,,,,0.70,
No.17,,,,,,,2,泉保,,,,,
No.17,,,,,,,3,森谷登士江,,,,0.26,
No.17,,,,,,,4,小田,,,,,
No.17,,,,,,,3,阿佐谷,,,,289歳,1:00.79
No.17,,,,,,,1,伴野保士,,,,0.99,
No.17,,,,,,,2,吉村進,,,,0.10,
No.17,,,,,,,3,渡邉登美子,,,,0.98,
No.17,,,,,,,4,三嶋祐子,,,,0.18,
No.17,,,,,,,1,二俣川,,,,241歳,39.22
No.17,,,,,,,1,冨松実,,,,0.71,
No.17,,,,,,,2,知見彦,,,,0.37,
No.17,,,,,,,3,武井麻知子,,,,0.30,
No.17,,,,,,,4,永瀬秀子,,,,0.31,
No.17,,,,,,,2,八景,,,,240歳,48.71
No.17,,,,,,,1,鶴岡美佐,,,,0.63,
No.17,,,,,,,2,兼森伸兒,,,,0.51,
No.17,,,,,,,3,野村洋子,,,,0.31,
No.17,,,,,,,4,久保田利,,,,0.35,
No.17,,,,,,,3,横浜,,,,248歳,46.73
No.17,,,,,,,1,田邊和可子,,,,0.70,
No.17,,,,,,,2,仲宇佐隆一,,,,0.69,
No.17,,,,,,,3,二宀博,,,,0.47,
No.17,,,,,,,4,佐藤子,,,,0.34,
No.17,,,,,,,4,長津田,,,,241歳,44.76
No.17,,,,,,,1,西森文史郎,,,,0.65,
No.17,,,,,,,2,池谷千尋,,,,0.50,
No.17,,,,,,,3,宀林佑妃,,,,0.93,
No.17,,,,,,,4,久保とし子,,,,0.70,
No.17,,,,,,,1,二俣川,,,,214歳,42.20
No.17,,,,,,,1,川村佳代子,,,,0.63,
No.17,,,,,,,2,鶴谷学,,,,0.25,
No.17,,,,,,,3,大村俊文,,,,0.31,
No.17,,,,,,,4,板谷仁恵,,,,0.67,
No.17,,,,,,,2,市ヶ尾,,,,203歳,42.46
No.17,,,,,,,1,高橋麻子,,,,0.73,
No.17,,,,,,,2,廣松伸一,,,,0.45,
No.17,,,,,,,3,図師拓千,,,,0.36,
No.17,,,,,,,4,白須青子,,,,0.21,
No.17,,,,,,,3,大森,,,,210歳,38.25
No.17,,,,,,,1,町田克浩,,,,0.83,
No.17,,,,,,,2,大竹昌子,,,,0.54,
No.17,,,,,,,3,浅田康朗,,,,0.31,
No.17,,,,,,,4,浅尾有香,,,,0.47,
No.17,,,,,,,4,長津田,,,,203歳,45.13
No.17,,,,,,,1,原磨理,,,,0.67,
No.17,,,,,,,2,祖川久茂,,,,0.37,
No.17,,,,,,,3,花井一也,,,,0.28,
No.17,,,,,,,4,久保かおり,,,,0.50,
No.17,,,,,,,5,越谷,,,,210歳,48.15
No.17,,,,,,,1,小林のぞみ,,,,0.63,
No.17,,,,,,,2,中村幸弘,,,,0.65,
No.17,,,,,,,3,花輪博之,,,,0.66,
No.17,,,,,,,4,山田未紗子,,,,0.45,
No.17,,,,,,,6,用賀,,,,203歳,51.47
No.17,,,,,,,1,糸川永利子,,,,0.79,
No.17,,,,,,,2,和田浩一,,,,0.44,
No.17,,,,,,,3,室坂拓真,,,,0.28,
No.17,,,,,,,4,冨樫真討子,,,,0.36,
No.17,,,,,,,7,松戸,,,,226歳,35.38
No.17,,,,,,,1,鈴木敏士,,,,0.70,
No.17,,,,,,,2,藤井宏,,,,0.67,
No.17,,,,,,,3,高橋,,,,0.41,
No.17,,,,,,,4,青木華世子,,,,0.21,
No.17,,,,,,,8,新都心,,,,215歳,43.66
No.17,,,,,,,1,吉岡智子,,,,0.78,
No.17,,,,,,,2,浅野亮介,,,,0.74,
No.17,,,,,,,3,佐久日毅慶,,,,0.48,
No.17,,,,,,,4,加藤雅弓,,,,0.36,
No.17,,,,,,,9,阿佐谷,,,,231歳,39.08
No.17,,,,,,,1,若/佳宏,,,,0.72,
No.17,,,,,,,2,三かよ子,,,,0.46,
No.17,,,,,,,3,大川明徳,,,,0.83,
No.17,,,,,,,4,大原美,,,,0.67,
No.17,,,,,,,10,慶應日吉,,,,225歳,47.83
No.17,,,,,,,1,中野朗子,,,,0.80,
No.17,,,,,,,2,久保田裕一,,,,0.62,
No.17,,,,,,,3,大塚秀幸,,,,0.70,
No.17,,,,,,,4,鈴木夏実,,,,0.92,38.90
No.17,,,,,,,1,宀川則仁,,,,0.79,
No.17,,,,,,,2,川瀬,,,,健次,
No.17,,,,,,,3,若林,,,,朋子,
No.17,,,,,,,4,花木,,,,尚美,
No.17,,,,,,,1,長津田,,,,183歳,34.88
No.17,,,,,,,1,小澤有未,,,,0.65,
No.17,,,,,,,2,星野隆,,,,0.68,
No.17,,,,,,,3,吉村華余,,,,0.47,
No.17,,,,,,,4,藤本豊和,,,,0.36,
No.17,,,,,,,2,おおたか,,,,163歳,35.72
No.17,,,,,,,1,嶋田菜々子,,,,0.59,
No.17,,,,,,,2,中村奈子,,,,0.56,
No.17,,,,,,,3,川貴章,,,,0.35,
No.17,,,,,,,4,前田光輝,,,,0.41,
No.17,,,,,,,3,慶應日吉,,,,177歳,38.26
No.17,,,,,,,1,宀本八重,,,,0.66,
No.17,,,,,,,2,金井元気,,,,0.24,
No.17,,,,,,,3,門倉孝行,,,,0.57,
No.17,,,,,,,4,小豆澤和代,,,,0.65,
No.17,,,,,,,4,阿佐谷,,,,166歳,40.95
No.17,,,,,,,1,棚網恵理,,,,0.65,
No.17,,,,,,,2,北川貴義,,,,0.42,
No.17,,,,,,,3,和田亮,,,,0.82,
No.17,,,,,,,4,宀百合恵,,,,0.36,
No.17,,,,,,,5,二俣川,,,,176歳,31.48
No.17,,,,,,,1,寺田貴洋,,,,0.84,
No.17,,,,,,,2,立石裕太郎,,,,0.41,
No.17,,,,,,,3,吉池奈々,,,,0.49,
No.17,,,,,,,4,草野茜,,,,0.37,
No.17,,,,,,,6,成城,,,,179歳,35.88
No.17,,,,,,,1,村上守,,,,0.78,
No.17,,,,,,,2,岩田恵,,,,0.41,
No.17,,,,,,,3,佐々木彩,,,,0.40,
No.17,,,,,,,4,藤田一寿,,,,0.45,
No.17,,,,,,,7,川,,,,197歳,36.40
No.17,,,,,,,1,/原祥之,,,,0.69,
No.17,,,,,,,2,中込孝之,,,,0.72,
No.17,,,,,,,3,錦織佳奈子,,,,0.53,
No.17,,,,,,,4,土井直子,,,,0.41,
No.17,,,,,,,8,川,,,,176歳,32.18
No.17,,,,,,,1,河野大和,,,,0.71,
No.17,,,,,,,2,佐伯康子,,,,0.47,
No.17,,,,,,,3,土井満,,,,0.69,
No.17,,,,,,,4,中山翠,,,,0.43,
No.17,,,,,,,9,大森,,,,189歳,47.84
No.17,,,,,,,1,大島江理子,,,,0.72,
No.17,,,,,,,2,宇佐美学,,,,0.73,
No.17,,,,,,,3,冨永衣子,,,,0.48,
No.17,,,,,,,4,成田敏隆,,,,0.61,
No.17,,,,,,,10,我孫子,,,,199歳,1:05.02
No.17,,,,,,,1,日置睦,,,,0.74,
No.17,,,,,,,2,駒形秀一,,,,0.33,
No.17,,,,,,,3,江沢純也,,,,0.32,
No.17,,,,,,,4,角南美貴,,,,0.50,
No.17,,,,,,,1,角田優佳里,,,,,
No.17,,,,,,,2,田中香苗,,,,,
No.17,,,,,,,3,武本侑己,,,,,
No.17,,,,,,,4,中村浩司,,,,,37.22
No.17,,,,,,,1,永田加那子,,,,0.53,
No.17,,,,,,,2,原田真,,,,0.46,
No.17,,,,,,,3,矢野匠,,,,0.42,
No.17,,,,,,,4,溝井花代子,,,,,
No.17,,,,,,,1,おおたか,,,,133歳,35.34
No.17,,,,,,,1,松前優里奈,,,,0.65,
No.17,,,,,,,2,石井了,,,,0.23,
No.17,,,,,,,3,都築クラウィオ佑亮,,,,0.44,
No.17,,,,,,,4,柳有美子,,,,0.69,
No.17,,,,,,,2,南千住,,,,158歳,35.76
No.17,,,,,,,1,吉田のら,,,,0.64,
No.17,,,,,,,2,宀川航,,,,0.23,
No.17,,,,,,,3,真如美優,,,,0.34,
No.17,,,,,,,4,中村勝,,,,0.33,
No.17,,,,,,,3,平塚,,,,150歳,38.48
No.17,,,,,,,1,佐々木美佐,,,,0.63,
No.17,,,,,,,2,増田究,,,,0.13,
No.17,,,,,,,3,土屋大貴,,,,0.24,
No.17,,,,,,,4,足立知実,,,,0.13,
No.17,,,,,,,4,長津田,,,,137歳,34.45
No.17,,,,,,,1,村田雅治,,,,0.56,
No.17,,,,,,,2,宍戸萌,,,,0.49,
No.17,,,,,,,3,森谷麻貴,,,,0.54,
No.17,,,,,,,4,矢部裕之,,,,0.54,
No.17,,,,,,,5,茂原,,,,151歳,32.44
No.17,,,,,,,1,岡澤士織,,,,0.65,
No.17,,,,,,,2,松本佳奈,,,,0.85,
No.17,,,,,,,3,↓戸優悠希,,,,0.23,
No.17,,,,,,,4,沼憲司郎,,,,0.36,
No.17,,,,,,,1,成城,,,,95歳,35.83
No.17,,,,,,,1,仲田笑美,,,,0.63,
No.17,,,,,,,2,黒田大介,,,,0.10,
No.17,,,,,,,3,服部碧,,,,0.18,
No.17,,,,,,,4,丸玖瑠都,,,,0.49,
No.17,,,,,,,2,二俣川,,,,97歳,32.63
No.17,,,,,,,1,田中啓二朗,,,,0.61,
No.17,,,,,,,2,田中壮一郎,,,,0.21,
No.17,,,,,,,3,竹下菜々美,,,,0.33,
No.17,,,,,,,4,松本彩花,,,,0.42,
No.17,,,,,,,3,蒲田,,,,114歳,35.33
No.17,,,,,,,1,宀澤緋花留,,,,0.54,
No.17,,,,,,,2,南里輝,,,,0.29,
No.17,,,,,,,3,青木奈那美,,,,0.42,
No.17,,,,,,,4,青木健二,,,,0.25,
No.17,,,,,,,4,長津田,,,,105歳,31.97
No.17,,,,,,,1,村田拓斗,,,,0.57,
No.17,,,,,,,2,竹下翔,,,,0.55,
No.17,,,,,,,3,高橋紗良,,,,0.35,
No.17,,,,,,,4,川北恵,,,,0.44,
No.18,,,,,,,1,樋口孝子,,,,,
No.18,,,,,,,2,渡邉登美子,,,,,
No.18,,,,,,,3,近藤みゆき,,,,,
No.18,,,,,,,4,三嶋祐子,,,,,
No.18,,,,,,,1,成城,,,,242歳,47.59
No.18,,,,,,,1,佐藤洋子,,,,0.78,
No.18,,,,,,,2,高梨美,,,,0.49,
No.18,,,,,,,3,仲田久美子,,,,0.42,
No.18,,,,,,,4,高柳祐子,,,,0.50,
No.18,,,,,,,2,慶應日吉,,,,251歳,52.32
No.18,,,,,,,1,高見沢ゆみ子,,,,0.68,
No.18,,,,,,,2,前畑章子,,,,0.56,
No.18,,,,,,,3,森谷登志江,,,,0.70,
No.18,,,,,,,4,田村明美,,,,0.69,
No.18,,,,,,,1,大宮宮原,,,,217歳,46.86
No.18,,,,,,,1,花木尚美,,,,0.78,
No.18,,,,,,,2,坂井慶子,,,,0.47,
No.18,,,,,,,3,若林朋子,,,,0.69,
No.18,,,,,,,4,市川百合子,,,,,
No.18,,,,,,,1,俣川,,,,169歳,46.94
No.18,,,,,,,1,草野茜,,,,0.68,
No.18,,,,,,,2,竹下菜々美,,,,0.20,
No.18,,,,,,,3,吉池奈々,,,,0.66,
No.18,,,,,,,4,前田由希映,,,,0.53,
No.18,,,,,,,2,慶應日吉,,,,184歳,46.27
No.18,,,,,,,1,井,,,,0.71,
No.18,,,,,,,2,(+0.57),,,,50.40,
No.18,,,,,,,3,井敦子,,,,0.61,
No.18,,,,,,,4,福麻美,,,,0.54,
No.18,,,,,,,3,阿佐谷,,,,196歳,44.94
No.18,,,,,,,1,棚恵理,,,,0.76,
No.18,,,,,,,2,大久彩子,,,,0.70,
No.18,,,,,,,3,宮百合恵,,,,0.73,
No.18,,,,,,,4,五嵐佳澄,,,,,
No.19,,,,,,,1,阿佐谷,,,,285歳,49.05
No.19,,,,,,,1,吉村進,,,,0.75,
No.19,,,,,,,2,村田幸士郎,,,,0.57,
No.19,,,,,,,3,吉ノ一彦,,,,0.36,
No.19,,,,,,,4,折居彰,,,,0.87,
No.19,,,,,,,1,二俣川,,,,203歳,38.50
No.19,,,,,,,1,下家成人,,,,0.72,
No.19,,,,,,,2,知見邦彦,,,,0.27,
No.19,,,,,,,3,堀川広祐,,,,0.24,
No.19,,,,,,,4,永瀬知之,,,,0.18,
No.19,,,,,,,2,清瀬,,,,200歳,38.37
No.19,,,,,,,1,山田耕一,,,,0.63,
No.19,,,,,,,2,小倉和彦,,,,0.38,
No.19,,,,,,,3,塚本拓也,,,,0.36,
No.19,,,,,,,4,小倉秀和,,,,0.41,
No.19,,,,,,,3,市ヶ尾,,,,209歳,34.00
No.19,,,,,,,1,田窪達,,,,0.71,
No.19,,,,,,,2,吉岡人,,,,0.37,
No.19,,,,,,,3,菊池千二,,,,0.48,
No.19,,,,,,,4,山内悠,,,,0.36,
No.19,,,,,,,4,天王洲,,,,212歳,50.16
No.19,,,,,,,1,千葉忠英,,,,0.82,
No.19,,,,,,,2,日暮正明,,,,0.88,
No.19,,,,,,,3,倉持公一,,,,0.53,
No.19,,,,,,,4,佐藤流生,,,,0.88,
No.19,,,,,,,1,二俣川,,,,160歳,34.40
No.19,,,,,,,1,寺田貴「,,,,0.85,
No.19,,,,,,,2,石裕太郎,,,,0.51,
No.19,,,,,,,3,前田康、,,,,0.51,
No.19,,,,,,,4,前田崇/,,,,0.45,
No.19,,,,,,,2,市ヶ尾,,,,160歳,35.46
No.19,,,,,,,1,図師拓千,,,,0.62,
No.19,,,,,,,2,木村考太,,,,0.38,
No.19,,,,,,,3,池田正輝,,,,0.31,
No.19,,,,,,,4,田中諒也,,,,0.53,
No.19,,,,,,,3,大宮宮ノ,,,,174歳,38.36
No.19,,,,,,,1,皆川雅登,,,,0.77,
No.19,,,,,,,2,川瀬健次,,,,0.19,
No.19,,,,,,,3,岡内昭伍,,,,0.33,
No.19,,,,,,,4,宮川則仁,,,,0.24,31.49
No.19,,,,,,,1,中村翼,,,,0.57,
No.19,,,,,,,2,加日英貴,,,,0.17,
No.19,,,,,,,3,久呆,,,,卓士,
No.19,,,,,,,4,宅日,,,,健介,
No.19,,,,,,,1,二俣川,,,,123歳,35.96
No.19,,,,,,,1,田中啓二朗,,,,0.57,
No.19,,,,,,,2,田中壮一郎,,,,0.64,
No.19,,,,,,,3,鶴谷学,,,,0.38,
No.19,,,,,,,4,成田記,,,,0.40,
No.19,,,,,,,2,阿佐谷,,,,152歳,33.63
No.19,,,,,,,1,棚網宏之,,,,0.62,
No.19,,,,,,,2,津守陽介,,,,0.48,
No.19,,,,,,,3,和田太郎,,,,0.31,
No.19,,,,,,,4,和田亮,,,,0.64,
No.19,,,,,,,3,長津田,,,,123歳,36.36
No.19,,,,,,,1,村田拓斗,,,,0.58,
No.19,,,,,,,2,祖川久茂,,,,0.41,
No.19,,,,,,,3,村田雅治,,,,0.54,
No.19,,,,,,,4,竹下翔,,,,0.93,
No.19,,,,,,,1,成城,,,,88歳,34.58
No.19,,,,,,,1,柿沼龍史,,,,0.56,
No.19,,,,,,,2,黒田大介,,,,0.16,
No.19,,,,,,,3,服部碧,,,,0.25,
No.19,,,,,,,4,板場貴大,,,,0.19,
No.19,,,,,,,2,葛西,,,,110歳,36.39
No.19,,,,,,,1,石井孟,,,,0.65,
No.19,,,,,,,2,前島悠也,,,,0.42,
No.19,,,,,,,3,加納聖士,,,,0.51,
No.19,,,,,,,4,織戸友宏,,,,0.62,
No.19,,,,,,,3,天王洲,,,,115歳,36.58
No.19,,,,,,,1,星友也,,,,0.68,
No.19,,,,,,,2,鈴木裕介,,,,0.45,
No.19,,,,,,,3,木渕大輝,,,,0.59,
No.19,,,,,,,4,寺田遼太,,,,0.45,
No.20O女子O50m平泳ぎ,,,,,O90~94歳O,,1,鈴木静江クリ,,,,ーンスパ,
No.20O女子O50m平泳ぎ,,,,,O85~89歳O,,1,井子,,,,・南千住,
No.20O女子O50m平泳ぎ,,,,,O80~84歳O,,1,長谷部征子,,,,・八王子,
No.20O女子O50m平泳ぎ,,,,,O80~84歳O,,2,佐藤由利子 ・用賀4/10OO1:05.08,,,,0.85,
No.20O女子O50m平泳ぎ,,,,,O80~84歳O,,3,岡本靖子,,,,・慶應日吉,4久保美紀枝
No.20O女子O50m平泳ぎ,,,,,O75~79歳O,,1,渡部みさを,,,,・慶應日吉,
No.20O女子O50m平泳ぎ,,,,,O75~79歳O,,2,栗林眞知子,,,,・成城,
No.20O女子O50m平泳ぎ,,,,,O75~79歳O,,3,室谷晴江,,,,・大森,4福田代子
No.20O女子O50m平泳ぎ,,,,,O75~79歳O,,5,末光とき子,,,,墨田区体育宀,6荒なみ
No.20O女子O50m平泳ぎ,,,,,O75~79歳O,,7,諸橋暁子,,,,曽谷・,
No.20O女子O50m平泳ぎ,,,,,O75~79歳O,,8,吉見一江,,,,・二俣川,9栗原羊子
No.20O女子O50m平泳ぎ,,,,,O75~79歳O,,10,安部澄子,,,,・我孫子,
No.20O女子O50m平泳ぎ,,,,,O70~74歳O,,1,瀧下子,,,,・志木,
No.20O女子O50m平泳ぎ,,,,,O70~74歳O,,2,高佳代子,,,,ザバス八景,
No.20O女子O50m平泳ぎ,,,,,O70~74歳O,,3,新井瑞枝,,,,・流山,4小笠原三春
No.20O女子O50m平泳ぎ,,,,,O70~74歳O,,5,松木真知子,,,,・ときわ,6青砥美智子
No.20O女子O50m平泳ぎ,,,,,O70~74歳O,,7,小澤優子,,,,・葛西,
No.20O女子O50m平泳ぎ,,,,,O70~74歳O,,8,畠山眞由美,,,,・柏,"9舛尾妃呂子,・"
No.20O女子O50m平泳ぎ,,,,,O70~74歳O,,10,高木保子,,,,・おおたか,
No.20O女子O50m平泳ぎ,,,,,O70~74歳O,,11,藤井道子,,,,・我孫子,
No.20O女子O50m平泳ぎ,,,,,O70~74歳O,,12,渡邉登美子,,,,・阿佐谷,
No.20O女子O50m平泳ぎ,,,,,O70~74歳O,,13,池田則子,,,,・松戸,
No.20O女子O50m平泳ぎ,,,,,O65~69歳O,,1,高美樹,,,,・成城,
No.20O女子O50m平泳ぎ,,,,,O65~69歳O,,2,米澤美智子,,,,・成瀬,
No.20O女子O50m平泳ぎ,,,,,O65~69歳O,,3,三堂かよ子,,,,・阿佐谷,4佐々木和恵
No.20O女子O50m平泳ぎ,,,,,O65~69歳O,,5,育村博子,,,,・おおたか,6櫻田琴
No.20O女子O50m平泳ぎ,,,,,O65~69歳O,,7,太田初美,,,,・越谷,
No.20O女子O50m平泳ぎ,,,,,O65~69歳O,,8,浅野みどり,,,,・天王洲,9掃部典子
No.20O女子O50m平泳ぎ,,,,,O65~69歳O,,10,倉林明子,,,,・おおたか,
No.20O女子O50m平泳ぎ,,,,,O65~69歳O,,11,益田津子,,,,・自由が丘,
No.20O女子O50m平泳ぎ,,,,,O65~69歳O,,12,花形一実,,,,・南千住,
No.20O女子O50m平泳ぎ,,,,,O65~69歳O,,13,渋谷照代,,,,・我孫子,"14油井みどり,・新"
No.20O女子O50m平泳ぎ,,,,,O65~69歳O,,15,松田則子,,,,・成瀬,16小高和子
No.20O女子O50m平泳ぎ,,,,,O60~64歳O,,1,野島久枝,,,,・二俣川,
No.20O女子O50m平泳ぎ,,,,,O60~64歳O,,2,羽山恵津子,,,,・葛西,
No.20O女子O50m平泳ぎ,,,,,O60~64歳O,,3,石井菜穂美,,,,・市川,4佐藤美子
No.20O女子O50m平泳ぎ,,,,,O60~64歳O,,5,小池理恵子,,,,・阿佐谷,6船津香
No.20O女子O50m平泳ぎ,,,,,O60~64歳O,,7,山本庸子,,,,・八王子,
No.20O女子O50m平泳ぎ,,,,,O60~64歳O,,8,酒井寿美恵クリ,,,,ーンスパ,"9盛田真規子,・二俣川9/10OOOO52.87"
No.20O女子O50m平泳ぎ,,,,,O60~64歳O,,10,松栄里子,,,,・府中,
No.20O女子O50m平泳ぎ,,,,,O60~64歳O,,11,渡邊ひろみ ・松戸7/10OOOO55.87,,,,1.01,
No.20O女子O50m平泳ぎ,,,,,O60~64歳O,,12,太刀岡早苗,,,,・市ケ尾,
No.20O女子O50m平泳ぎ,,,,,O60~64歳O,,13,吉野ひとみ,,,,・松戸,14飯田美奈子
No.20O女子O50m平泳ぎ,,,,,O60~64歳O,,15,田中香苗,,,,・青砥,
No.20O女子O50m平泳ぎ,,,,,O60~64歳O,,16,澤馨 ・府中3/10OO1:0 .14,,,,,
No.20O女子O50m平泳ぎ,,,,,O55~59歳O,,1,鈴木和佳奈,,,,・桶川北本,
No.20O女子O50m平泳ぎ,,,,,O55~59歳O,,2,前畑章子,,,,・慶應日吉,
No.20O女子O50m平泳ぎ,,,,,O55~59歳O,,3,佐藤洋子 ・成城11/10OOOO4 .58,,,,0.68,4鶴岡美佐
No.20O女子O50m平泳ぎ,,,,,O55~59歳O,,5,坂井慶子 ・大,,,,宮宮原,6森川佳余子クリ
No.20O女子O50m平泳ぎ,,,,,O55~59歳O,,7,角南美貴,,,,・我孫子,
No.20O女子O50m平泳ぎ,,,,,O55~59歳O,,8,池田直子,,,,・大森,9田上麻紀
No.20O女子O50m平泳ぎ,,,,,O55~59歳O,,10,大久保彩子,,,,・阿佐谷,
No.20O女子O50m平泳ぎ,,,,,O55~59歳O,,11,岩朋実,,,,・川越,
No.20O女子O50m平泳ぎ,,,,,O55~59歳O,,12,松川子 ・二俣川 /10OOOO58.85,,,,0.83,
No.20O女子O50m平泳ぎ,,,,,O55~59歳O,,13,佐藤淳子,,,,・久喜,
No.20O女子O50m平泳ぎ,,,,,O50~54歳O,,1,梅澤売子,,,,・桶川北本,
No.20O女子O50m平泳ぎ,,,,,O50~54歳O,,2,池田智子 ・目黒12/10OOOO4っ.55,,,,0.76,
No.20O女子O50m平泳ぎ,,,,,O50~54歳O,,3,五十嵐知佐,,,,・おおたか,4白須靖子
No.20O女子O50m平泳ぎ,,,,,O50~54歳O,,5,大橋ほづ美,,,,・清瀬,6佐伯康子
No.20O女子O50m平泳ぎ,,,,,O50~54歳O,,7,田原文月,,,,・南千住,
No.20O女子O50m平泳ぎ,,,,,O50~54歳O,,8,引本亜紀子,,,,・用賀,9大島江理子
No.20O女子O50m平泳ぎ,,,,,O50~54歳O,,10,磯村麻衣子 ・上池袋8/10OOOO50.75,,,,0.76,
No.20O女子O50m平泳ぎ,,,,,O50~54歳O,,11,比留川美緒 ・塚5/10OOOO52.っ9,,,,0.74,
No.20O女子O50m平泳ぎ,,,,,O50~54歳O,,12,村岡貴子,,,,・桶川北本,
No.20O女子O50m平泳ぎ,,,,,O50~54歳O,,13,佐藤晶子,,,,・おおたか,14北原暁美
No.20O女子O50m平泳ぎ,,,,,O50~54歳O,,15,小川史枝,,,,・越谷LT,16兼子敬子
No.20O女子O50m平泳ぎ,,,,,O45~49歳O,,1,櫻井理恵子,,,,・袖ヶ浦,
No.20O女子O50m平泳ぎ,,,,,O45~49歳O,,2,高橋真美,,,,・志木,
No.20O女子O50m平泳ぎ,,,,,O45~49歳O,,3,溝井花代子,,,,・葛西,4前田由希映
No.20O女子O50m平泳ぎ,,,,,O45~49歳O,,5,髙島典子,,,,・大森,6吉田瑠夏
No.20O女子O50m平泳ぎ,,,,,O40~44歳O,,1,中村可奈子,,,,・おおたか,
No.20O女子O50m平泳ぎ,,,,,O40~44歳O,,2,岩田愛恵,,,,・成城,
No.20O女子O50m平泳ぎ,,,,,O40~44歳O,,3,久保かおり,,,,・長津田,4中辻澄美
No.20O女子O50m平泳ぎ,,,,,O40~44歳O,,5,石川彩,,,,・成瀬,6谷美希子
No.20O女子O50m平泳ぎ,,,,,Oっ5~っ9歳O,,1,宮下子,,,,・市ケ尾,
No.20O女子O50m平泳ぎ,,,,,Oっ5~っ9歳O,,2,RacaruGabriela,,,,・慶應日吉,
No.20O女子O50m平泳ぎ,,,,,Oっ5~っ9歳O,,3,久保美由紀,,,,・長津田,
No.20O女子O50m平泳ぎ,,,,,Oっ0~っ4歳O,,1,遠藤桃,,,,・越谷,
No.20O女子O50m平泳ぎ,,,,,Oっ0~っ4歳O,,2,宍戸萌,,,,・長津田,
No.20O女子O50m平泳ぎ,,,,,Oっ0~っ4歳O,,3,大椛詩織 ・葛西13/10OOOO42.48,,,,0.78,"4片桐由里恵,・"
No.20O女子O50m平泳ぎ,,,,,O25~29歳O,,1,小林志穂,,,,・葛西,
No.20O女子O50m平泳ぎ,,,,,O25~29歳O,,2,丸玖瑠都,,,,・成城,
No.20O女子O50m平泳ぎ,,,,,O25~29歳O,,3,松澤春菜,,,,・大宮宮原,4石井理桜子
No.20O女子O50m平泳ぎ,,,,,O25~29歳O,,5,柏木涼,,,,・越谷LT,
No.20O女子O50m平泳ぎ,,,,,O18~24歳O,,1,竹山月,,,,・南青山,
No.20O女子O50m平泳ぎ,,,,,O18~24歳O,,2,皆川すみれ,,,,・南青山,
No.21,,,,,,,1,池田道彦,,,,・南千住,
No.21,,,,,,,2,浅田眞守,,,,・二俣川,
No.21,,,,,,,1,今修二,,,,・越谷,
No.21,,,,,,,2,池端孝一,,,,・成瀬,
No.21,,,,,,,3,小田稔,,,,・慶應日吉,
No.21,,,,,,,4,内田幸稔,,,,・松戸,
No.21,,,,,,,5,服部宣孔,,,,・ときわ台,
No.21,,,,,,,1,高附直樹,,,,・清瀬,
No.21,,,,,,,2,服部陽一,,,,・成瀬,
No.21,,,,,,,3,手塚満,,,,・おおたか,
No.21,,,,,,,4,泉保央,,,,・慶應日吉,
No.21,,,,,,,1,吉村進,,,,・阿佐谷,
No.21,,,,,,,2,村田幸士郎,,,,・阿佐谷,
No.21,,,,,,,3,井岡卓也,,,,・市川,
No.21,,,,,,,4,前川正,,,,・F東戸塚,
No.21,,,,,,,5,安髙祐三,越谷,6/104,7.70,0.72,
No.21,,,,,,,6,古川賢一郎,,,,ザバス川崎,
No.21,,,,,,,7,若山聖亮,,,,G-SPA,
No.21,,,,,,,8,内藤謙一,,,,・松戸,
No.21,,,,,,,9,幡場達明,,,,・大宮宮原,
No.21,,,,,,,10,仲二見実,,,,・ときわ台,
No.21,,,,,,,11,大久保美伸,,,,・松戸,
No.21,,,,,,,12,永島聡,,,,・戸塚,
No.21,,,,,,,13,髙橋修一,,,,・我孫子,
No.21,,,,,,,1,松田賢治,,,,・大宮宮原,
No.21,,,,,,,2,山英克,,,,・我孫子,
No.21,,,,,,,3,槙田誠,,,,・南千住,
No.21,,,,,,,4,竹内新 ・,,,,中,
No.21,,,,,,,5,大滝恭伸,,,,・市ヶ尾,
No.21,,,,,,,6,赤坂吉昭,,,,・葛西,
No.21,,,,,,,7,阿部宏之助,,,,・上池袋,
No.21,,,,,,,8,渡辺好造,,,,・成瀬,
No.21,,,,,,,9,藤原雄一郎,大森,4/105,5.28,0.78,
No.21,,,,,,,10,石井玲二,,,,・川越,
No.21,,,,,,,1,小倉和彦,,,,・清瀬,
No.21,,,,,,,2,廣松伸一,,,,・市ヶ尾,
No.21,,,,,,,3,兼森伸兒,,,,ザバス八景,
No.21,,,,,,,4,廣本佳也,,,,・上池袋,
No.21,,,,,,,5,池谷千尋,,,,・長津田,
No.21,,,,,,,6,中村幸弘,,,,・越谷,
No.21,,,,,,,7,松下尚之,,,,・流山,
No.21,,,,,,,8,黒川一,,,,・市ヶ尾,
No.21,,,,,,,9,中村,,,,・市川,
No.21,,,,,,,1,宮木幸彦,,,,・葛西,
No.21,,,,,,,2,木村秀光,,,,・上池袋,
No.21,,,,,,,3,兵藤雄,,,,・目黒,
No.21,,,,,,,4,中津海士,,,,・S湘南台,
No.21,,,,,,,5,中島茂,,,,・高崎,
No.21,,,,,,,6,久保田信利,,,,ザバス八景,
No.21,,,,,,,7,齋藤和典,,,,・新川崎,
No.21,,,,,,,8,北村勇,,,,・能見台,
No.21,,,,,,,9,穴田啓樹,,,,・慶應日吉,
No.21,,,,,,,10,佐藤正章,,,,・用賀,
No.21,,,,,,,11,福田義晴,,,,・市川,
No.21,,,,,,,12,須川真彦,S湘南台,3/105,8.52,1.01,
No.21,,,,,,,1,小森康弘,,,,・葛西,
No.21,,,,,,,2,関口義和,,,,・二俣川,
No.21,,,,,,,3,石井龍,,,,・成城,
No.21,,,,,,,4,佐々木茂倫,流山,10/103,8.97,0.86,
No.21,,,,,,,5,原田真,,,,・葛西,
No.21,,,,,,,6,大橋克也,,,,ザバス川崎,
No.21,,,,,,,7,阿部賢裕,,,,・能見台,
No.21,,,,,,,8,大沢祐輔,,,,・福生,
No.21,,,,,,,9,千葉忠英,,,,・天王洲,
No.21,,,,,,,10,紺野忠大,,,,・阿佐谷,
No.21,,,,,,,11,古高正道,,,,・天王洲,
No.21,,,,,,,12,久保田裕一,,,,・慶應日吉,
No.21,,,,,,,13,落合理,,,,・武蔵小杉,
No.21,,,,,,,14,松林徹,,,,・越谷,
No.21,,,,,,,15,北野善則,,,,・新都心,
No.21,,,,,,,16,稲田潤一,上池袋,5/105,3.37,0.88,
No.21,,,,,,,1,知見邦彦,,,,・二俣川,
No.21,,,,,,,2,大作善祥,,,,・おおたか,
No.21,,,,,,,3,駒形秀一,,,,・我孫子,
No.21,,,,,,,4,加地隆史,,,,・葛西,
No.21,,,,,,,5,吉岡範人,,,,・市ヶ尾,
No.21,,,,,,,6,花輪博之,,,,・越谷,
No.21,,,,,,,7,高瀬信雄,,,,ザバス川崎,
No.21,,,,,,,8,藤田一寿,,,,・成城,
No.21,,,,,,,9,草野剛史,二俣川,8/104,3.31,0.74,
No.21,,,,,,,1,西尾直人,,,,・武蔵小杉,
No.21,,,,,,,2,吉田拓磨,,,,・上池袋,
No.21,,,,,,,3,勝吉進一,,,,・慶應日吉,
No.21,,,,,,,4,村上守,,,,・成城,
No.21,,,,,,,5,浅岡遼,,,,・用賀,
No.21,,,,,,,6,宇佐美学,,,,・大森,
No.21,,,,,,,7,田中遼太,慶應日吉,7/104,4.24,0.74,
No.21,,,,,,,1,立石裕太郎,,,,・二俣川,
No.21,,,,,,,2,和田弘太郎,,,,・阿佐谷,
No.21,,,,,,,3,宮川,,,,・南千住,
No.21,,,,,,,4,増田究,,,,・平塚,
No.21,,,,,,,5,津守陽介,,,,・阿佐谷,
No.21,,,,,,,6,長田裕史,,,,・柏,
No.21,,,,,,,7,松本隆宏,,,,・阿佐谷,
No.21,,,,,,,1,前島悠也,,,,・葛西,
No.21,,,,,,,2,今里昂哉,清瀬,13/103,2.91,0.80,
No.21,,,,,,,3,海老原健太,,,,・大森,
No.21,,,,,,,4,大野淳哉,,,,・上池袋,
No.21,,,,,,,1,石井了,,,,・おおたか,
No.21,,,,,,,2,津崎朝輝,,,,・武蔵小杉,
No.21,,,,,,,3,加 英貴,,,,・天王洲,
No.21,,,,,,,4,鈴木裕介,,,,・天王洲,
No.21,,,,,,,5,竹下翔,,,,・長津田,
No.21,,,,,,,1,安永竜之佑,,,,・東戸塚,
No.21,,,,,,,2,南里輝,,,,・蒲田,
No.21,,,,,,,3,西沢歩,,,,・清瀬,
No.21,,,,,,,4,山下智也,,,,・S湘南台,
No.21,,,,,,,5,佐々木明日真,,,,・市川,
No.21,,,,,,,6,村田治,,,,・長津田,
No.21,,,,,,,7,嶋田翔太,,,,・葛西,
No.21,,,,,,,8,藤田駿祐,,,,・南青山,
No.22,,,,,,,1,八田清子,,,,・松戸,
No.22,,,,,,,1,大山恵子,,,,・葛西,
No.22,,,,,,,2,宇田川礼子,,,,・我孫子,
No.22,,,,,,,3,末光とき子,,,,墨田区体育館,
No.22,,,,,,,1,中村和子 ・,,,,谷,
No.22,,,,,,,2,ダン典子,自由が丘,4/104,7.06,0.77,
No.22,,,,,,,3,近ひな子,,,,・二俣川,
No.22,,,,,,,4,木村恵子 ・,,,,谷,
No.22,,,,,,,1,木村りよう子 ・,,,,生,
No.22,,,,,,,2,安薫,,,,・西新井,
No.22,,,,,,,3,立石由美子,,,,・大森,
No.22,,,,,,,4,井手敦子,,,,・慶應日吉,
No.22,,,,,,,5,下川喜美枝,,,,・南千住,
No.22,,,,,,,1,若林朋子,,,,・大宮宮原,
No.22,,,,,,,2,武井麻知子,,,,・二俣川,
No.22,,,,,,,3,大原清美,阿佐谷,3/105,0.77,1.05,
No.22,,,,,,,4,座 千鶴子,,,,ザバス八景,
No.22,,,,,,,5,渡邊典子 ・,,,,島,
No.22,,,,,,,1,仲田久美子,,,,・成城,
No.22,,,,,,,2,大久彩子,,,,・阿佐谷,
No.22,,,,,,,1,池田百合子,,,,・市ヶ尾,
No.22,,,,,,,2,佐々木美佐,,,,・平塚,
No.22,,,,,,,3,小山香津子 ・,,,,沢,
No.22,,,,,,,4,中村奈穂美 ・,,,,谷,
No.22,,,,,,,5,津田千鶴,,,,・育見台,
No.22,,,,,,,1,吉村華余,,,,・長津田,
No.22,,,,,,,2,土井直子,,,,ザバス川崎,
No.22,,,,,,,3,成重夏紀 ・,,,,沢,
No.22,,,,,,,4,髙橋里美 ・,,,,浜,
No.22,,,,,,,1,青木梨緒,,,,・葛西,
No.22,,,,,,,1,早川舞,,,,・蒲田,
No.22,,,,,,,1,真如美優,,,,・南千住,
No.22,,,,,,,2,岡澤志織,,,,・茂原,
No.22,,,,,,,3,嶋田菜々子,,,,・おおたか,
No.22,,,,,,,4,村岡礼奈,,,,・桶川北本,
No.22,,,,,,,5,森谷麻貴,,,,・長津田,
No.22,,,,,,,1,栃元春乃,,,,・西東京,
No.22,,,,,,,2,岡田星理,谷津,5/103,2.52,0.70,
No.22,,,,,,,3,西澤瑛倫 ・,,,,谷,
No.22,,,,,,,4,青木奈那美,,,,・蒲田,
No.23,,,,,,,1,内田幸稔,,,,・松戸,
No.23,,,,,,,1,安藤次郎 ・,,,,山,
No.23,,,,,,,2,木津誠,,,,・成城,
No.23,,,,,,,3,白井清嗣,,,,・大宮宮原,
No.23,,,,,,,4,縫田駿一,,,,・おおたか,
No.23,,,,,,,1,吉原一彦,,,,・阿佐谷,
No.23,,,,,,,2,瀧川一興,,,,・大森,
No.23,,,,,,,3,香川左近,,,,・二俣川,
No.23,,,,,,,4,飯沼明,,,,・長津田,
No.23,,,,,,,5,村田幸士郎,,,,・阿佐谷,
No.23,,,,,,,6,仲二見実,,,,・ときわ台,
No.23,,,,,,,1,和田浩一,,,,・用賀,
No.23,,,,,,,2,海辺信吉,,,,・おおたか,
No.23,,,,,,,3,會田修一,,,,・おおたか,
No.23,,,,,,,4,大滝恭伸,,,,・市ヶ尾,
No.23,,,,,,,1,菊池千二,,,,・市ヶ尾,
No.23,,,,,,,2,渡部佳彦,,,,・市川,
No.23,,,,,,,3,廣本佳也,,,,・上池袋,
No.23,,,,,,,4,上野太紀夫,,,,・柏,
No.23,,,,,,,5,村木満,,,,・トレッサ,
No.23,,,,,,,6,金子勝 ・,,,,槻,
No.23,,,,,,,7,小泉康延,,,,・亀有,
No.23,,,,,,,8,田中基幹,,,,・流山,
No.23,,,,,,,9,浦田昌和,,,,・成城,
No.23,,,,,,,10,安部盛博,,,,・成城,
No.23,,,,,,,1,柄澤英也,,,,・用賀,
No.23,,,,,,,2,矢部裕之,,,,・長津田,
No.23,,,,,,,3,門倉孝行,,,,・慶應日吉,
No.23,,,,,,,4,浅田康朗,,,,・大森,
No.23,,,,,,,5,猪野周九,,,,・谷津,
No.23,,,,,,,6,温井芳浩,,,,・谷津,
No.23,,,,,,,7,金子謙一,,,,・長津田,
No.23,,,,,,,8,安藤朋邦,,,,・南青山,
No.23,,,,,,,9,大塚秀幸,,,,・慶應日吉,
No.23,,,,,,,1,池田正輝,,,,・市ヶ尾,
No.23,,,,,,,2,小秀幸,,,,・八王子,
No.23,,,,,,,3,河野,,,,・慶應日吉,
No.23,,,,,,,4,小森康弘,,,,・葛西,
No.23,,,,,,,5,甫坂修男,,,,・市川,
No.23,,,,,,,6,羽田浩一,成城,7/103,2.93,0.70,
No.23,,,,,,,7,松崎敏明,,,,・慶應日吉,
No.23,,,,,,,8,増渕博之,藤沢,6/103,4.13,0.81,
No.23,,,,,,,9,藤井清和,,,,・武蔵小杉,
No.23,,,,,,,10,古高正道,,,,・天王洲,
No.23,,,,,,,11,庄司和明,,,,・松戸,
No.23,,,,,,,12,土井満,ザバス川崎,2/104,6.44,1.10,
No.23,,,,,,,1,永瀬知之,,,,・二俣川,
No.23,,,,,,,2,堀川広祐,,,,・二俣川,
No.23,,,,,,,3,倉持公一,,,,・天王洲,
No.23,,,,,,,4,今崎長穂,,,,・自由が丘,
No.23,,,,,,,5,宅健介,天王洲,5/103,3.53,0.76,
No.23,,,,,,,6,花井一也,,,,・長津田,
No.23,,,,,,,7,鈴木直哉,,,,・八王子,
No.23,,,,,,,1,鶴谷学,,,,・二俣川,
No.23,,,,,,,2,図師千,市ヶ尾,8/102,9.08,0.63,
No.23,,,,,,,3,小林弘典,,,,ザバス川崎,
No.23,,,,,,,4,勝吉進一,,,,・慶應日吉,
No.23,,,,,,,1,月田康輔,,,,・二俣川,
No.23,,,,,,,2,古川貴章,,,,・おおたか,
No.23,,,,,,,3,雲藤貴光,,,,・天王洲,
No.23,,,,,,,4,吉川重行,,,,・桶川北本,
No.23,,,,,,,1,伊藤孝優,八王子,9/102,8.78,0.70,
No.23,,,,,,,2,塚本也,,,,・清瀬,
No.23,,,,,,,3,江沢純也,,,,・我孫子,
No.23,,,,,,,4,海老原健太,,,,・大森,
No.23,,,,,,,1,川島由伸,,,,・上池袋,
No.23,,,,,,,2,田中諒也,,,,・市ヶ尾,
No.23,,,,,,,3,板場貴大,,,,・成城,
No.23,,,,,,,4,石井了,,,,・おおたか,
No.23,,,,,,,5,津崎朝輝,,,,・武蔵小杉,
No.23,,,,,,,6,木渕大輝,,,,・天王洲,
No.23,,,,,,,7,宮田遼太,,,,・成城,
No.23,,,,,,,8,廣川大起,,,,・柏,
No.23,,,,,,,9,松尾勇太,,,,・南青山,
No.23,,,,,,,10,田中壮一郎,,,,・二俣川,
No.23,,,,,,,11,泉翔太,,,,・葛西,
No.23,,,,,,,12,和田佳明,,,,・二俣川,
No.23,,,,,,,13,長谷川輝,,,,・平塚,
No.23,,,,,,,1,服部碧,成城,10/102,6.28,0.72,
No.23,,,,,,,2,菅原啓,,,,・慶應日吉,
No.23,,,,,,,3,黒田大介,,,,・成城,
No.23,,,,,,,4,都築クラウディオ佑亮 ・おおたか,,,,8/1,
No.23,,,,,,,5,藤井大智,,,,・F東戸塚,
No.23,,,,,,,6,村田雅治,,,,・長津田,
No.23,,,,,,,7,伊藤水晶,,,,・松戸,
No.23,,,,,,,8,嶋田翔太,,,,・葛西,
No.23,,,,,,,9,加藤慎梧,,,,ザバス川崎,
No.23,,,,,,,10,佐々木駿,,,,・流山,
No.24,,,,,,,1,慶應日吉,,,,320歳,49.04
No.24,,,,,,,1,小田稔,,,,1.13,
No.24,,,,,,,2,田野倉和子,,,,0.66,
No.24,,,,,,,3,岡本弓子,,,,,
No.24,,,,,,,4,泉保央,,,,,
No.24,,,,,,,1,成城,,,,280歳,36.35
No.24,,,,,,,1,若宀強,,,,0.75,
No.24,,,,,,,2,高柳祐子,,,,0.43,
No.24,,,,,,,3,吉田亮,,,,0.70,
No.24,,,,,,,4,高梨美樹,,,,0.50,
No.24,,,,,,,2,二俣川,,,,289歳,39.81
No.24,,,,,,,1,香川近,,,,0.88,
No.24,,,,,,,2,吉見一,,,,,
No.24,,,,,,,3,近藤ひ子,,,,0.54,
No.24,,,,,,,4,冨松,,,,0.58,
No.24,,,,,,,3,葛西,,,,282歳,40.36
No.24,,,,,,,1,浅井速人,,,,1.01,
No.24,,,,,,,2,大内洋,,,,0.44,
No.24,,,,,,,3,青砥美智子,,,,0.52,
No.24,,,,,,,4,菅野泰子,,,,0.34,
No.24,,,,,,,4,市ヶ尾,,,,280歳,34.83
No.24,,,,,,,1,渡辺一,,,,0.76,
No.24,,,,,,,2,嶋田陽子,,,,0.50,
No.24,,,,,,,3,原昌代,,,,0.27,
No.24,,,,,,,4,井上隆史,,,,0.48,
No.24,,,,,,,5,おおたか,,,,303歳,47.04
No.24,,,,,,,1,松永勝,,,,1.02,
No.24,,,,,,,2,大久保祐美子,,,,0.34,
No.24,,,,,,,3,松永タズヨ,,,,0.95,
No.24,,,,,,,4,手塚満,,,,0.80,
No.24,,,,,,,1,二俣川,,,,240歳,27.39
No.24,,,,,,,1,永瀬知之,,,,0.74,
No.24,,,,,,,2,武井麻知子,,,,0.41,
No.24,,,,,,,3,永瀬秀子,,,,0.37,
No.24,,,,,,,4,若島健二,,,,0.56,
No.24,,,,,,,2,慶應日吉,,,,245歳,33.78
No.24,,,,,,,1,穴田啓樹,,,,0.83,
No.24,,,,,,,2,高見沢ゆみ子,,,,0.69,
No.24,,,,,,,3,田村明美,,,,0.78,
No.24,,,,,,,4,岩田寛,,,,0.49,
No.24,,,,,,,3,長津田,,,,247歳,34.47
No.24,,,,,,,1,宀本昌雄,,,,0.79,
No.24,,,,,,,2,久保と子,,,,0.18,
No.24,,,,,,,3,原理,,,,0.05,
No.24,,,,,,,4,飯沼明,,,,0.53,
No.24,,,,,,,4,成城,,,,243歳,42.50
No.24,,,,,,,1,草森理子,,,,0.69,
No.24,,,,,,,2,浦田昌和,,,,0.56,
No.24,,,,,,,3,安部盛,,,,0.74,
No.24,,,,,,,4,仲田久美子,,,,0.62,
No.24,,,,,,,5,八景,,,,250歳,35.63
No.24,,,,,,,1,久保田一利,,,,0.83,
No.24,,,,,,,2,座 千皀子,,,,0.55,
No.24,,,,,,,3,高梨佳代子,,,,0.33,
No.24,,,,,,,4,"兼森,兒",,,,0.49,
No.24,,,,,,,6,上池袋,,,,259歳,41.53
No.24,,,,,,,1,磯村麻衣子,,,,0.81,
No.24,,,,,,,2,廣本佳也,,,,0.32,
No.24,,,,,,,3,古旗美鈴,,,,0.75,
No.24,,,,,,,4,岡部浩次,,,,0.27,39.76
No.24,,,,,,,1,高附直樹,,,,0.89,
No.24,,,,,,,2,大芦薫,,,,0.50,
No.24,,,,,,,3,大橋ほづ美,,,,,
No.24,,,,,,,4,小倉,,,,秀和,
No.24,,,,,,,1,大宀宀原,,,,208歳,33.61
No.24,,,,,,,1,花木尚美,,,,0.81,
No.24,,,,,,,2,宀川則,,,,0.47,
No.24,,,,,,,3,若林朋子,,,,0.50,
No.24,,,,,,,4,川瀬健次,,,,0.19,
No.24,,,,,,,2,二俣川,,,,216歳,26.35
No.24,,,,,,,1,大村俊文,,,,0.70,
No.24,,,,,,,2,野島久枝,,,,0.45,
No.24,,,,,,,3,川村佳代子,,,,0.49,
No.24,,,,,,,4,皀谷学,,,,0.33,
No.24,,,,,,,3,成城,,,,202歳,30.79
No.24,,,,,,,1,月田浩一,,,,0.71,
No.24,,,,,,,2,佐藤洋子,,,,0.25,
No.24,,,,,,,3,藤田一寿,,,,0.54,
No.24,,,,,,,4,佐々木多,,,,0.29,
No.24,,,,,,,4,長津田,,,,202歳,30.73
No.24,,,,,,,1,矢部裕之,,,,0.77,
No.24,,,,,,,2,宀林佑妃,,,,0.86,
No.24,,,,,,,3,池谷千尋,,,,0.45,
No.24,,,,,,,4,久保美由紀,,,,0.55,
No.24,,,,,,,5,府中,,,,232歳,33.63
No.24,,,,,,,1,小松崎浩,,,,0.91,
No.24,,,,,,,2,平松栄里子,,,,0.65,
No.24,,,,,,,3,谷美希子,,,,0.59,
No.24,,,,,,,4,竹内新,,,,0.71,
No.24,,,,,,,6,慶應日吉,,,,209歳,33.31
No.24,,,,,,,1,田中遼太,,,,0.74,
No.24,,,,,,,2,RacaruGabriela,,,,0.62,
No.24,,,,,,,3,原田由美子,,,,0.59,
No.24,,,,,,,4,山本勝,,,,0.53,
No.24,,,,,,,1,河野悟,,,,,
No.24,,,,,,,2,上沢絵里奈,,,,,
No.24,,,,,,,3,井手,,,,敦子,
No.24,,,,,,,4,松崎,,,,敏明,
No.24,,,,,,,1,二俣川,,,,172歳,26.06
No.24,,,,,,,1,前田崇行,,,,0.67,
No.24,,,,,,,2,吉池奈々,,,,0.39,
No.24,,,,,,,3,草野茜,,,,0.39,
No.24,,,,,,,4,前田康輔,,,,0.36,
No.24,,,,,,,2,慶應日吉,,,,166歳,25.02
No.24,,,,,,,1,菅原啓,,,,0.68,
No.24,,,,,,,2,前畑子,,,,0.33,
No.24,,,,,,,3,小豆澤和代,,,,0.74,
No.24,,,,,,,4,一田雄太,,,,0.29,
No.24,,,,,,,3,南青山,,,,164歳,33.55
No.24,,,,,,,1,友田智哲,,,,0.73,
No.24,,,,,,,2,松尾勇太,,,,0.47,
No.24,,,,,,,3,竹山睦月,,,,0.36,
No.24,,,,,,,4,山賀勝之,,,,0.44,
No.24,,,,,,,4,袖ヶ浦,,,,188歳,27.38
No.24,,,,,,,1,畠山雅和,,,,0.70,
No.24,,,,,,,2,加藤寿起,,,,0.17,
No.24,,,,,,,3,櫻井理恵子,,,,0.62,
No.24,,,,,,,4,豊島葉子,,,,0.03,
No.24,,,,,,,5,葛西,,,,172歳,29.30
No.24,,,,,,,1,加地隆史,,,,0.69,
No.24,,,,,,,2,弭 政隆,,,,0.43,
No.24,,,,,,,3,溝井花代子,,,,0.35,
No.24,,,,,,,4,小林志穂,,,,0.26,
No.24,,,,,,,6,阿佐谷,,,,160歳,28.50
No.24,,,,,,,1,棚網宏之,,,,0.70,
No.24,,,,,,,2,棚網恵理,,,,0.37,
No.24,,,,,,,3,宀合恵,,,,0.35,
No.24,,,,,,,4,和田弘太郎,,,,0.27,
No.24,,,,,,,7,長津田,,,,182歳,28.93
No.24,,,,,,,1,藤本豊和,,,,0.75,
No.24,,,,,,,2,久保かおり,,,,0.45,
No.24,,,,,,,3,小澤有未,,,,0.16,
No.24,,,,,,,4,西野宀冬木,,,,0.52,
No.24,,,,,,,8,川崎,,,,161歳,28.05
No.24,,,,,,,1,中込孝之,,,,0.82,
No.24,,,,,,,2,錦織佳奈子,,,,0.39,
No.24,,,,,,,3,中山翠,,,,0.35,
No.24,,,,,,,4,河野大和,,,,0.32,
No.24,,,,,,,9,川.本,,,,182歳,27.32
No.24,,,,,,,1,吉川行,,,,0.68,
No.24,,,,,,,2,佐藤一弘,,,,0.54,
No.24,,,,,,,3,梅澤亮子,,,,0.60,
No.24,,,,,,,4,村岡亠奈,,,,0.59,
No.24,,,,,,,10,川崎,,,,165歳,29.06
No.24,,,,,,,1,小林弘,,,,0.76,
No.24,,,,,,,2,土井直子,,,,0.47,
No.24,,,,,,,3,加藤慎ロ,,,,0.62,
No.24,,,,,,,4,佐伯康子,,,,0.00,
No.24,,,,,,,11,谷津,,,,166歳,34.71
No.24,,,,,,,1,温井芳浩,,,,0.93,
No.24,,,,,,,2,岡田星理,,,,0.07,
No.24,,,,,,,3,堀内浩子,,,,0.30,
No.24,,,,,,,4,石川和樹,,,,0.31,
No.24,,,,,,,12,用賀,,,,185歳,46.47
No.24,,,,,,,1,吉田絵美,,,,0.87,
No.24,,,,,,,2,川永利子,,,,0.60,
No.24,,,,,,,3,井智貴,,,,0.34,
No.24,,,,,,,4,澤英也,,,,0.12,
No.24,,,,,,,13,我孫子,,,,199歳,43.29
No.24,,,,,,,1,角南美貴,,,,0.79,
No.24,,,,,,,2,沢純也,,,,0.37,
No.24,,,,,,,3,日置睦,,,,0.75,
No.24,,,,,,,4,形秀一,,,,0.15,
No.24,,,,,,,14,南青山,,,,165歳,41.97
No.24,,,,,,,1,岸田孝,,,,1.01,
No.24,,,,,,,2,皆川みれ,,,,0.65,
No.24,,,,,,,3,芳賀加代子,,,,0.32,
No.24,,,,,,,4,藤田駿祐,,,,0.80,
No.24,,,,,,,1,中村浩司,,,,,
No.24,,,,,,,2,角田優佳里,,,,,
No.24,,,,,,,3,田中香苗,,,,,
No.24,,,,,,,4,武本侑己,,,,,
No.24,,,,,,,1,葛西,,,,140歳,26.66
No.24,,,,,,,1,前島悠也,,,,0.67,
No.24,,,,,,,2,青木梨緒,,,,0.18,
No.24,,,,,,,3,大椛詩織,,,,0.49,
No.24,,,,,,,4,青木圭祐,,,,0.18,
No.24,,,,,,,2,南千住,,,,123歳,27.60
No.24,,,,,,,1,村上裕哉,,,,0.66,
No.24,,,,,,,2,宀川航,,,,0.20,
No.24,,,,,,,3,真如美優,,,,0.35,
No.24,,,,,,,4,吉田のばら,,,,0.37,
No.24,,,,,,,3,長津田,,,,133歳,27.03
No.24,,,,,,,1,村田雅治,,,,0.66,
No.24,,,,,,,2,竹下翔,,,,0.38,
No.24,,,,,,,3,川.恵,,,,0.26,
No.24,,,,,,,4,吉村華余,,,,0.47,
No.24,,,,,,,4,成城,,,,126歳,25.37
No.24,,,,,,,1,板場貴大,,,,0.64,
No.24,,,,,,,2,中畑眸,,,,0.52,
No.24,,,,,,,3,岩田愛恵,,,,0.40,
No.24,,,,,,,4,柿沼龍史,,,,0.44,
No.24,,,,,,,5,二俣川,,,,121歳,26.23
No.24,,,,,,,1,田中啓二朗,,,,0.62,
No.24,,,,,,,2,竹下菜々美,,,,0.34,
No.24,,,,,,,3,前田由希映,,,,0.46,
No.24,,,,,,,4,田中壮一郎,,,,0.26,
No.24,,,,,,,6,大宀宀原,,,,126歳,31.02
No.24,,,,,,,1,皆川雅登,,,,0.77,
No.24,,,,,,,2,櫻井春佳,,,,0.53,
No.24,,,,,,,3,松澤春菜,,,,0.70,
No.24,,,,,,,4,岡内昭伍,,,,0.10,
No.24,,,,,,,7,茂原,,,,154歳,35.59
No.24,,,,,,,1,山本和巳,,,,0.72,
No.24,,,,,,,2,岡澤美咲,,,,0.28,
No.24,,,,,,,3,岡澤志織,,,,0.41,
No.24,,,,,,,4,神戸優悠希,,,,0.29,
No.24,,,,,,,8,平塚,,,,139歳,37.69
No.24,,,,,,,1,比留川美緒,,,,0.72,
No.24,,,,,,,2,土屋大貴,,,,0.27,
No.24,,,,,,,3,長谷川輝,,,,0.41,
No.24,,,,,,,4,木田景子,,,,0.10,
No.24,,,,,,,1,成城,,,,95歳,25.18
No.24,,,,,,,1,服部碧,,,,0.67,
No.24,,,,,,,2,仲田笑美,,,,0.28,
No.24,,,,,,,3,丸玖瑠都,,,,0.36,
No.24,,,,,,,4,里田大介,,,,0.05,
No.24,,,,,,,2,長津田,,,,116歳,25.36
No.24,,,,,,,1,村田斗,,,,0.67,
No.24,,,,,,,2,花井一也,,,,0.25,
No.24,,,,,,,3,高橋良,,,,0.39,
No.24,,,,,,,4,森谷麻貴,,,,0.37,
No.24,,,,,,,3,圭瀬,,,,117歳,27.53
No.24,,,,,,,1,西沢歩,,,,0.69,
No.24,,,,,,,2,大里明日香,,,,0.30,
No.24,,,,,,,3,梶井美杏,,,,0.25,
No.24,,,,,,,4,今里昂哉,,,,0.36,
