course,gender,event,distance,age_group,is_relay,name_team_raw,record,established_date,athlete_name,team_name
短水路,女,自由形,25m,18,0,青木　美栄 東青梅,12.85,2017/5/3,青木美栄,東青梅
短水路,女,自由形,25m,25,0,高嶋　ひなの 芦屋,12.99,2024/6/30,高嶋ひなの,芦屋
短水路,女,自由形,25m,30,0,大野 祐紀 岐阜,13.18,2000/2/20,大野祐紀,岐阜
短水路,女,自由形,800m,18,0,麻生 圭子 西東京,12:02.70,1990/5/1,麻生圭子,西東京
短水路,女,自由形,800m,25,0,山崎　優 清瀬,10:15.12,2011/6/12,山崎優,清瀬
短水路,女,自由形,800m,30,0,網谷　明日香 みなと,10:10.91,2013/5/12,網谷明日香,みなと
短水路,女,自由形,25m,35,0,砂押　裕美 大宮宮原,13.06,2015/7/4,砂押裕美,大宮宮原
短水路,女,自由形,800m,35,0,岡本　奈美 F東戸塚,10:43.19,2007/11/18,岡本奈美,F東戸塚
短水路,女,自由形,800m,40,0,西井 良子 東青梅,11:27.01,2005/5/7,西井良子,東青梅
短水路,女,自由形,25m,45,0,石賀　幸子 八王子,13.64,2023/5/14,石賀幸子,八王子
短水路,女,自由形,800m,45,0,篠原　理恵 南宇都宮,11:17.23,2016/10/9,篠原理恵,南宇都宮
短水路,女,自由形,25m,50,0,西井　良子 東青梅,14.02,2015/3/14,西井良子,東青梅
短水路,女,自由形,800m,50,0,篠原　理恵 南宇都宮,11:28.92,2019/10/19,篠原理恵,南宇都宮
短水路,女,自由形,25m,55,0,西井　良子 東青梅,14.36,2018/5/5,西井良子,東青梅
短水路,女,自由形,800m,55,0,篠　直子 前橋,10:38.62,2016/11/20,篠直子,前橋
短水路,女,自由形,25m,60,0,五十嵐美津代 前橋,14.50,2019/5/11,五十嵐美津代,前橋
短水路,女,自由形,800m,60,0,岡田　眞弓 清瀬,13:19.87,2024/5/18,岡田眞弓,清瀬
短水路,女,自由形,25m,65,0,後藤　久美子 戸塚,15.74,2010/5/16,後藤久美子,戸塚
短水路,女,自由形,800m,65,0,後藤　久美子 戸塚,13:03.50,2009/5/10,後藤久美子,戸塚
短水路,女,自由形,25m,70,0,佐藤　成子 西新井,16.95,2016/7/2,佐藤成子,西新井
短水路,女,自由形,800m,70,0,中平　信子 成瀬,13:19.54,2024/5/18,中平信子,成瀬
短水路,女,自由形,25m,75,0,甲把　昌子 長沼,17.96,2016/7/2,甲把昌子,長沼
短水路,女,自由形,800m,75,0,後藤　久美子 戸塚,15:40.92,2019/5/12,後藤久美子,戸塚
短水路,女,自由形,25m,80,0,甲把　昌子 長沼,18.60,2023/5/14,甲把昌子,長沼
短水路,女,自由形,800m,80,0,田之上　ノブ S千葉,19:22.63,2017/11/17,田之上ノブ,S千葉
短水路,女,自由形,25m,85,0,廣岡　夫佐子 泉佐野市,20.13,2023/7/2,廣岡夫佐子,泉佐野市
短水路,女,自由形,25m,90,0,大橋　サト 成城,28.59,2017/7/1,大橋サト,成城
短水路,女,自由形,50m,18,0,青木　美栄 東青梅,27.55,2017/7/1,青木美栄,東青梅
短水路,女,自由形,50m,25,0,名須川紗綾 Ｓ湘南台,27.09,2019/5/11,名須川紗綾,Ｓ湘南台
短水路,女,自由形,50m,30,0,岡田　明日香 前橋,28.59,2015/5/3,岡田明日香,前橋
短水路,女,自由形,1500m,18,0,中嶋　梓 西東京,21:32.32,2011/12/23,中嶋梓,西東京
短水路,女,自由形,1500m,25,0,水野 久子 F東戸塚,23:37.55,1998/10/11,水野久子,F東戸塚
短水路,女,自由形,1500m,30,0,水野 久子 F東戸塚,24:57.12,2000/10/22,水野久子,F東戸塚
短水路,女,自由形,50m,35,0,綿貫　麻衣子 横浜北,28.32,2009/7/4,綿貫麻衣子,横浜北
短水路,女,自由形,1500m,35,0,小林　有紀 横浜北,24:03.27,2008/6/15,小林有紀,横浜北
短水路,女,自由形,50m,40,0,岡本　奈美 二俣川,29.20,2013/7/6,岡本奈美,二俣川
短水路,女,自由形,1500m,40,0,田中　貴子 清瀬,22:13.84,2009/10/25,田中貴子,清瀬
短水路,女,自由形,50m,45,0,舘野　美香 目黒,28.98,2019/5/11,舘野美香,目黒
短水路,女,自由形,1500m,45,0,篠原　理恵 南宇都宮,21:01.56,2017/10/21,篠原理恵,南宇都宮
短水路,女,自由形,50m,50,0,舘野　美香 目黒,28.79,2023/5/14,舘野美香,目黒
短水路,女,自由形,1500m,50,0,大川　晴美 成城,21:57.84,2024/6/9,大川晴美,成城
短水路,女,自由形,50m,55,0,永瀬　秀子 二俣川,31.26,2016/7/2,永瀬秀子,二俣川
短水路,女,自由形,1500m,55,0,志手　直子 前橋,20:44.53,2016/5/29,志手直子,前橋
短水路,女,自由形,50m,60,0,永瀬　秀子 二俣川,31.61,2024/5/11,永瀬秀子,二俣川
短水路,女,自由形,1500m,60,0,岡田　眞弓 清瀬,25:05.64,2024/10/13,岡田眞弓,清瀬
短水路,女,自由形,50m,65,0,後藤　久美子 戸塚,34.90,2009/4/29,後藤久美子,戸塚
短水路,女,自由形,1500m,65,0,後藤　久美子 戸塚,24:43.14,2009/6/14,後藤久美子,戸塚
短水路,女,自由形,50m,70,0,佐多　信子 MSPデルタ,35.96,2019/5/26,佐多信子,MSPデルタ
短水路,女,自由形,1500m,70,0,後藤　久美子 戸塚,27:34.90,2014/6/8,後藤久美子,戸塚
短水路,女,自由形,50m,75,0,佐多　信子 MSPデルタ,37.40,2023/6/2,佐多信子,MSPデルタ
短水路,女,自由形,1500m,75,0,後藤　久美子 戸塚,28:30.98,2019/6/9,後藤久美子,戸塚
短水路,女,自由形,50m,80,0,甲把　昌子 長沼,41.02,2023/5/14,甲把昌子,長沼
短水路,女,自由形,50m,85,0,廣岡　夫佐子 泉佐野市,50.52,2024/6/30,廣岡夫佐子,泉佐野市
短水路,女,自由形,100m,18,0,青木　美栄 東青梅,1:00.76,2018/1/6,青木美栄,東青梅
短水路,女,自由形,100m,25,0,吉田　絵理菜 西東京,1:01.17,2011/2/13,吉田絵理菜,西東京
短水路,女,自由形,100m,30,0,岡田　明日香 前橋,1:02.24,2015/4/18,岡田明日香,前橋
短水路,女,背泳ぎ,25m,18,0,古内 祐子 おおわだ,14.55,1992/11/1,古内祐子,おおわだ
短水路,女,背泳ぎ,25m,25,0,森　緑 W湘南台,14.83,2014/7/5,森緑,W湘南台
短水路,女,背泳ぎ,25m,30,0,重久　聡美 湘南台,15.66,2007/4/8,重久聡美,湘南台
短水路,女,自由形,100m,35,0,綿貫　麻衣子 市ヶ尾,1:02.18,2010/2/14,綿貫麻衣子,市ヶ尾
短水路,女,背泳ぎ,25m,35,0,瀧澤　幸恵 東十条,15.91,2013/7/6,瀧澤幸恵,東十条
短水路,女,自由形,100m,40,0,岡島　八勢 太秦,1:03.56,2024/6/30,岡島八勢,太秦
短水路,女,背泳ぎ,25m,40,0,曳地　聡美 W湘南台,15.55,2017/7/1,曳地聡美,W湘南台
短水路,女,自由形,100m,45,0,西井　良子 東青梅,1:07.16,2010/4/17,西井良子,東青梅
短水路,女,背泳ぎ,25m,45,0,西井　良子 東青梅,16.41,2009/4/19,西井良子,東青梅
短水路,女,自由形,100m,50,0,舘野　美香 目黒,1:06.01,2024/7/5,舘野美香,目黒
短水路,女,背泳ぎ,25m,50,0,西井　良子 東青梅,16.50,2014/2/2,西井良子,東青梅
短水路,女,自由形,100m,55,0,西井　良子 東青梅,1:07.32,2018/5/20,西井良子,東青梅
短水路,女,背泳ぎ,25m,55,0,志手　直子 前橋,16.52,2015/11/28,志手直子,前橋
短水路,女,自由形,100m,60,0,佐々木　幸子 前橋,1:15.69,2017/5/3,佐々木幸子,前橋
短水路,女,背泳ぎ,25m,60,0,西井　良子 福生,16.60,2023/3/19,西井良子,福生
短水路,女,自由形,100m,65,0,佐多　信子 デルタ,1:17.45,2017/10/8,佐多信子,デルタ
短水路,女,背泳ぎ,25m,65,0,澤野　幸子 清瀬,19.33,2015/7/4,澤野幸子,清瀬
短水路,女,自由形,100m,70,0,佐多　信子 デルタ,1:18.59,2019/1/27,佐多信子,デルタ
短水路,女,背泳ぎ,25m,70,0,澤野　幸子 清瀬,20.09,2017/4/2,澤野幸子,清瀬
短水路,女,自由形,100m,75,0,後藤　久美子 戸塚,1:39.87,2019/4/20,後藤久美子,戸塚
短水路,女,背泳ぎ,25m,75,0,鏑木　玉江 青砥,22.01,2010/4/18,鏑木玉江,青砥
短水路,女,自由形,100m,80,0,田之上　ノブ S千葉,1:56.17,2017/3/19,田之上ノブ,S千葉
短水路,女,背泳ぎ,25m,80,0,鏑木　玉江 青砥,22.70,2014/5/18,鏑木玉江,青砥
短水路,女,自由形,100m,85,0,廣岡　夫佐子 泉佐野市,1:52.15,2023/7/2,廣岡夫佐子,泉佐野市
短水路,女,背泳ぎ,25m,85,0,鏑木　玉江 青砥,25.72,2019/5/11,鏑木玉江,青砥
短水路,女,背泳ぎ,25m,90,0,大橋 サト 成城,36.79,2017/7/1,大橋サト,成城
短水路,女,自由形,200m,18,0,渡辺　美楓 谷津,2:13.87,2023/5/14,渡辺美楓,谷津
短水路,女,自由形,200m,25,0,加藤　恵理子 府中,2:08.31,2009/7/4,加藤恵理子,府中
短水路,女,自由形,200m,30,0,田中　美鈴 武蔵小杉,2:18.68,2019/5/11,田中美鈴,武蔵小杉
短水路,女,背泳ぎ,50m,18,0,髙﨑　優奈 清瀬,30.81,2024/5/11,髙﨑優奈,清瀬
短水路,女,背泳ぎ,50m,25,0,岡澤　志織 茂原,30.62,2024/5/11,岡澤志織,茂原
短水路,女,背泳ぎ,50m,30,0,稲田　法子 茅場町,29.17,2010/7/3,稲田法子,茅場町
短水路,女,自由形,200m,35,0,綿貫　麻衣子 市ヶ尾,2:12.54,2009/10/18,綿貫麻衣子,市ヶ尾
短水路,女,背泳ぎ,50m,35,0,曳地　聡美 W湘南台,33.16,2013/7/6,曳地聡美,W湘南台
短水路,女,自由形,200m,40,0,吉村　華余 長津田,2:22.27,2023/5/14,吉村華余,長津田
短水路,女,自由形,200m,45,0,西井　良子 東青梅,2:27.17,2009/7/4,西井良子,東青梅
短水路,女,背泳ぎ,50m,45,0,梅澤　亮子 桶川北本,34.33,2023/5/14,梅澤亮子,桶川北本
短水路,女,自由形,200m,50,0,志手直子/西井良子前橋/東青梅,2:25.23,2012/3/10、2014/5/18,志手直子/西井良子,前橋/東青梅
短水路,女,背泳ぎ,50m,50,0,志手　直子 前橋,34.28,2012/6/30,志手直子,前橋
短水路,女,自由形,200m,55,0,西井　良子 東青梅,2:27.59,2018/1/7,西井良子,東青梅
短水路,女,背泳ぎ,50m,55,0,西井　良子 東青梅,34.84,2018/1/21,西井良子,東青梅
短水路,女,自由形,200m,60,0,西井　良子 福生,2:31.13,2023/2/11,西井良子,福生
短水路,女,背泳ぎ,50m,60,0,西井　良子 福生,35.24,2023/3/19,西井良子,福生
短水路,女,自由形,200m,65,0,菅野　泰子 松戸,2:49.62,2023/5/14,菅野泰子,松戸
短水路,女,背泳ぎ,50m,65,0,澤野　幸子 清瀬,42.27,2015/4/29,澤野幸子,清瀬
短水路,女,自由形,200m,70,0,中平　信子 成瀬,3:01.88,2022/5/22,中平信子,成瀬
短水路,女,背泳ぎ,50m,70,0,澤野　幸子 清瀬,43.90,2017/5/5,澤野幸子,清瀬
短水路,女,自由形,200m,75,0,佐藤由利子 用賀,3:28.29,2019/5/11,佐藤由利子,用賀
短水路,女,背泳ぎ,50m,75,0,樋口　美沙子 谷津,46.66,2014/7/5,樋口美沙子,谷津
短水路,女,自由形,200m,80,0,熊谷　一枝 天王洲,4:06.09,2017/7/1,熊谷一枝,天王洲
短水路,女,背泳ぎ,50m,80,0,斉藤　富枝 越谷,53.67,2019/5/11,斉藤富枝,越谷
短水路,女,背泳ぎ,50m,85,0,田之上　ノブ 蘇我,1:02.62,2022/10/23,田之上ノブ,蘇我
短水路,女,自由形,400m,25,0,阿野　和美 八王子,5:09.10,2004/9/12,阿野和美,八王子
短水路,女,自由形,400m,30,0,阿野　和美 八王子,5:11.55,2006/9/10,阿野和美,八王子
短水路,女,背泳ぎ,100m,18,0,鹿島 瞳 大宮,1:07.05,2003/4/26,鹿島瞳,大宮
短水路,女,背泳ぎ,100m,25,0,島田　陽子 西東京,1:10.69,2007/4/29,島田陽子,西東京
短水路,女,背泳ぎ,100m,30,0,重久　聡美 湘南台,1:12.88,2007/4/29,重久聡美,湘南台
短水路,女,自由形,400m,35,0,岡本　奈美 F東戸塚,5:04.29,2008/11/15,岡本奈美,F東戸塚
短水路,女,背泳ぎ,100m,35,0,岡本　奈美 F東戸塚,1:14.94,2008/2/17,岡本奈美,F東戸塚
短水路,女,自由形,400m,40,0,西井 良子 東青梅,5:23.50,2004/9/12,西井良子,東青梅
短水路,女,背泳ぎ,100m,40,0,年岡　仁美 S千葉,1:12.49,2010/4/17,年岡仁美,S千葉
短水路,女,自由形,400m,45,0,西井 良子 東青梅,5:26.10,2010/9/19,西井良子,東青梅
短水路,女,背泳ぎ,100m,45,0,西井 良子 東青梅,1:15.25,2010/5/9,西井良子,東青梅
短水路,女,自由形,400m,50,0,志手　直子 前橋,5:02.12,2012/11/25,志手直子,前橋
短水路,女,背泳ぎ,100m,50,0,志手　直子 前橋,1:15.17,2012/4/1,志手直子,前橋
短水路,女,自由形,400m,55,0,志手　直子 前橋,5:11.40,2016/5/29,志手直子,前橋
短水路,女,背泳ぎ,100m,55,0,西井　良子 福生,1:15.87,2018/5/3,西井良子,福生
短水路,女,自由形,400m,60,0,澤野　幸子 清瀬,6:11.53,2009/9/20,澤野幸子,清瀬
短水路,女,背泳ぎ,100m,60,0,西井　良子 福生,1:17.63,2023/4/16,西井良子,福生
短水路,女,自由形,400m,65,0,後藤　久美子 戸塚,6:21.97,2009/4/5,後藤久美子,戸塚
短水路,女,背泳ぎ,100m,65,0,澤野　幸子 清瀬,1:34.53,2012/3/11,澤野幸子,清瀬
短水路,女,自由形,400m,70,0,中平　信子 成瀬,6:28.46,2023/1/14,中平信子,成瀬
短水路,女,背泳ぎ,100m,70,0,中平　信子 成瀬,1:41.16,2023/3/18,中平信子,成瀬
短水路,女,自由形,400m,75,0,後藤　久美子 戸塚,7:24.08,2019/1/27,後藤久美子,戸塚
短水路,女,背泳ぎ,100m,75,0,樋口　美沙子 谷津,1:44.03,2014/4/26,樋口美沙子,谷津
短水路,女,自由形,400m,80,0,田之上　ノブ S千葉,9:30.78,2018/3/17,田之上ノブ,S千葉
短水路,女,背泳ぎ,100m,80,0,田之上　ノブ S千葉,2:05.55,2017/2/5,田之上ノブ,S千葉
短水路,女,自由形,400m,85,0,田之上　ノブ 千葉みなと,10:52.48,2023/10/8,田之上ノブ,千葉みなと
短水路,女,背泳ぎ,100m,85,0,田之上　ノブ 蘇我,2:22.05,2022/10/23,田之上ノブ,蘇我
短水路,女,背泳ぎ,200m,25,0,島田　陽子 西東京,2:33.98,2007/4/21,島田陽子,西東京
短水路,女,背泳ぎ,200m,30,0,島田　陽子 西東京,2:40.92,2008/11/23,島田陽子,西東京
短水路,女,バタフライ,25m,18,0,青木　美栄 東青梅,13.27,2017/4/16,青木美栄,東青梅
短水路,女,バタフライ,25m,25,0,高嶋　ひなの 芦屋,13.47,2024/6/30,高嶋ひなの,芦屋
短水路,女,バタフライ,25m,30,0,日吉　麻夏 二俣川,13.90,2023/5/14,日吉麻夏,二俣川
短水路,女,バタフライ,25m,35,0,砂押　裕美 大宮宮原,13.35,2014/7/5,砂押裕美,大宮宮原
短水路,女,背泳ぎ,200m,40,0,年岡　仁美 S千葉,2:40.27,2011/2/12,年岡仁美,S千葉
短水路,女,バタフライ,25m,40,0,麻生　圭子 西東京,14.20,2006/4/16,麻生圭子,西東京
短水路,女,背泳ぎ,200m,45,0,西井　良子 東青梅,2:45.16,2010/4/17,西井良子,東青梅
短水路,女,バタフライ,25m,45,0,武井　麻知子 二俣川,14.81,2009/3/15,武井麻知子,二俣川
短水路,女,背泳ぎ,200m,50,0,西井　良子 東青梅,2:44.32,2013/1/26,西井良子,東青梅
短水路,女,バタフライ,25m,50,0,齋藤　佐智子 Ｓ千葉,14.55,2009/7/4,齋藤佐智子,Ｓ千葉
短水路,女,背泳ぎ,200m,55,0,志手　直子 前橋,2:37.84,2016/3/19,志手直子,前橋
短水路,女,バタフライ,25m,55,0,若林　朋子 大宮宮原,15.45,2024/5/11,若林朋子,大宮宮原
短水路,女,背泳ぎ,200m,60,0,吉野　治子 成城,3:28.78,2015/4/18,吉野治子,成城
短水路,女,バタフライ,25m,60,0,若林 朋子 大宮宮原,15.75,2023/2/12,若林朋子,大宮宮原
短水路,女,背泳ぎ,200m,65,0,吉野　治子 成城,3:32.23,2019/1/26,吉野治子,成城
短水路,女,バタフライ,25m,65,0,綱川　香代子 新浦安,16.90,2023/5/14,綱川香代子,新浦安
短水路,女,背泳ぎ,200m,70,0,小池　英子 習志野,3:44.64,2012/4/21,小池英子,習志野
短水路,女,バタフライ,25m,70,0,曽我　安子 新浦安,18.13,2018/3/17,曽我安子,新浦安
短水路,女,背泳ぎ,200m,75,0,斉藤 富枝 越谷,3:54.79,2016/4/16,斉藤富枝,越谷
短水路,女,バタフライ,25m,75,0,佐多　信子 MSPデルタ,18.22,2023/6/2,佐多信子,MSPデルタ
短水路,女,背泳ぎ,200m,80,0,田之上　ノブ S千葉,4:40.57,2017/2/4,田之上ノブ,S千葉
短水路,女,バタフライ,25m,80,0,八田　清子 松戸,24.82,2024/5/11,八田清子,松戸
短水路,女,バタフライ,25m,85,0,廣岡　夫佐子 泉佐野市,24.35,2024/6/30,廣岡夫佐子,泉佐野市
短水路,女,平泳ぎ,25m,18,0,山口　友理 いなす,15.83,2012/6/10,山口友理,いなす
短水路,女,平泳ぎ,25m,30,0,穂積　彩織 二俣川,16.96,2019/5/11,穂積彩織,二俣川
短水路,女,バタフライ,50m,18,0,鹿島 瞳 大宮,28.69,2003/6/22,鹿島瞳,大宮
短水路,女,バタフライ,50m,25,0,増井　美香 蒲生,29.19,2013/10/20,増井美香,蒲生
短水路,女,バタフライ,50m,30,0,吉村　華余 長津田,29.92,2014/11/29,吉村華余,長津田
短水路,女,平泳ぎ,25m,35,0,岡本 奈美 F東戸塚,16.74,2005/4/24,岡本奈美,F東戸塚
短水路,女,バタフライ,50m,35,0,砂押　裕美 大宮宮原,29.62,2014/7/5,砂押裕美,大宮宮原
短水路,女,平泳ぎ,25m,40,0,川口　亜希子 S千葉,17.31,2013/4/29,川口亜希子,S千葉
短水路,女,バタフライ,50m,40,0,吉村　華余 長津田,30.98,2024/5/11,吉村華余,長津田
短水路,女,平泳ぎ,25m,45,0,片岡　祥子 千葉みなと,16.32,2023/5/14,片岡祥子,千葉みなと
短水路,女,バタフライ,50m,45,0,吉村　華余 長津田,30.89,2025/5/25,吉村華余,長津田
短水路,女,平泳ぎ,25m,50,0,寳亀　裕子 南千住,17.75,2017/7/1,寳亀裕子,南千住
短水路,女,バタフライ,50m,50,0,齋藤　佐智子 Ｓ千葉,32.09,2009/7/4,齋藤佐智子,Ｓ千葉
短水路,女,平泳ぎ,25m,55,0,寳亀　裕子 南千住,17.63,2019/5/11,寳亀裕子,南千住
短水路,女,バタフライ,50m,55,0,若林 朋子 大宮宮原,34.29,2023/5/14,若林朋子,大宮宮原
短水路,女,平泳ぎ,25m,60,0,海藤 政子 研究所,18.90,2009/7/4,海藤政子,研究所
短水路,女,バタフライ,50m,60,0,佐々木　幸子 前橋,37.17,2017/5/28,佐々木幸子,前橋
短水路,女,平泳ぎ,25m,65,0,海藤 政子 研究所,19.42,2011/2/12,海藤政子,研究所
短水路,女,バタフライ,50m,65,0,澤野　幸子 清瀬,40.29,2015/11/28,澤野幸子,清瀬
短水路,女,平泳ぎ,25m,70,0,海藤 政子 研究所,19.97,2016/4/17,海藤政子,研究所
短水路,女,バタフライ,50m,70,0,青木　華世子 松戸,42.69,2024/5/11,青木華世子,松戸
短水路,女,平泳ぎ,25m,75,0,平塚　和子 清瀬,23.86,2025/4/13,平塚和子,清瀬
短水路,女,バタフライ,50m,75,0,大山　恵子 葛西,44.94,2024/5/11,大山恵子,葛西
短水路,女,平泳ぎ,25m,80,0,宇田川　京子 樋川北本,25.40,2023/5/14,宇田川京子,樋川北本
短水路,女,平泳ぎ,25m,85,0,上田　寿美子 成城,29.97,2023/5/14,上田寿美子,成城
短水路,女,平泳ぎ,50m,18,0,久保　まりな 前橋,33.69,2017/7/1,久保まりな,前橋
短水路,女,平泳ぎ,50m,25,0,穂積　彩織 二俣川,35.67,2014/7/5,穂積彩織,二俣川
短水路,女,平泳ぎ,50m,30,0,岡本 奈美 F東戸塚,36.02,2005/4/17,岡本奈美,F東戸塚
短水路,女,バタフライ,100m,18,0,中西　亜耶 横浜,1:03.40,2007/3/4,中西亜耶,横浜
短水路,女,バタフライ,100m,25,0,古田　絵理菜 西東京,1:11.10,2011/9/18,古田絵理菜,西東京
短水路,女,バタフライ,100m,30,0,吉村　華余 長津田,1:07.78,2014/8/24,吉村華余,長津田
短水路,女,平泳ぎ,50m,35,0,岡本 奈美 F東戸塚,36.36,2006/11/18,岡本奈美,F東戸塚
短水路,女,バタフライ,100m,35,0,綿貫　麻衣子 市ヶ尾,1:09.25,2010/5/9,綿貫麻衣子,市ヶ尾
短水路,女,平泳ぎ,50m,40,0,川口　亜希子 S千葉,37.30,2009/7/4,川口亜希子,S千葉
短水路,女,バタフライ,100m,40,0,広瀬 百合香 F東戸塚,1:10.62,2012/5/27,広瀬百合香,F東戸塚
短水路,女,平泳ぎ,50m,45,0,片岡　祥子 千葉みなと,36.44,2023/5/14,片岡祥子,千葉みなと
短水路,女,バタフライ,100m,45,0,吉村　華余 長津田,1:10.07,2025/5/18,吉村華余,長津田
短水路,女,平泳ぎ,50m,50,0,寳亀　裕子 南千住,39.47,2017/7/1,寳亀裕子,南千住
短水路,女,バタフライ,100m,50,0,若林 朋子 大宮,1:14.18,2019/5/5,若林朋子,大宮
短水路,女,平泳ぎ,50m,55,0,寳亀　裕子 南千住,39.69,2019/5/11,寳亀裕子,南千住
短水路,女,バタフライ,100m,55,0,若林 朋子 大宮宮原,1:14.36,2022/4/16,若林朋子,大宮宮原
短水路,女,平泳ぎ,50m,60,0,海藤 政子 研究所,42.93,2009/4/19,海藤政子,研究所
短水路,女,バタフライ,100m,60,0,松川　栄子 東青梅,1:38.52,2007/2/11,松川栄子,東青梅
短水路,女,平泳ぎ,50m,65,0,海藤 政子 研究所,44.00,2011/2/13,海藤政子,研究所
短水路,女,バタフライ,100m,65,0,青木　華世子 松戸,1:38.89,2023/11/25,青木華世子,松戸
短水路,女,平泳ぎ,50m,70,0,海藤 政子 研究所,45.06,2016/2/7,海藤政子,研究所
短水路,女,バタフライ,100m,70,0,後藤　久美子 戸塚,2:01.47,2014/11/9,後藤久美子,戸塚
短水路,女,平泳ぎ,50m,75,0,平塚　和子 清瀬,50.72,2025/1/18,平塚和子,清瀬
短水路,女,バタフライ,100m,75,0,後藤　久美子 戸塚,2:10.58,2019/2/10,後藤久美子,戸塚
短水路,女,平泳ぎ,50m,80,0,上田　寿美子 成城,59.00,2017/7/1,上田寿美子,成城
短水路,女,平泳ぎ,100m,18,0,山口　友理 いなす,1:17.52,2012/6/10,山口友理,いなす
短水路,女,平泳ぎ,100m,25,0,五十嵐　三智子 横浜,1:17.65,2007/3/4,五十嵐三智子,横浜
短水路,女,平泳ぎ,100m,30,0,岡本 奈美 F東戸塚,1:17.25,2004/11/20,岡本奈美,F東戸塚
短水路,女,バタフライ,200m,18,0,中西　亜耶 横浜,2:20.00,2007/2/10,中西亜耶,横浜
短水路,女,バタフライ,200m,25,0,中嶋　梓 西東京,2:45.43,2012/3/10,中嶋梓,西東京
短水路,女,バタフライ,200m,30,0,新妻　梓 西東京,2:51.63,2017/2/5,新妻梓,西東京
短水路,女,平泳ぎ,100m,35,0,岡本 奈美 F東戸塚,1:18.21,2005/11/19,岡本奈美,F東戸塚
短水路,女,バタフライ,200m,35,0,鈴木　和佳奈 大宮,3:07.35,2007/2/10,鈴木和佳奈,大宮
短水路,女,平泳ぎ,100m,40,0,岡本　奈美 二俣川,1:20.65,2012/11/18,岡本奈美,二俣川
短水路,女,バタフライ,200m,40,0,広瀬 百合香 F東戸塚,2:46.14,2016/4/16,広瀬百合香,F東戸塚
短水路,女,平泳ぎ,100m,45,0,片岡　祥子 千葉みなと,1:16.94,2024/4/14,片岡祥子,千葉みなと
短水路,女,バタフライ,200m,45,0,鈴木　和佳奈 大宮,3:01.99,2015/2/8,鈴木和佳奈,大宮
短水路,女,平泳ぎ,100m,50,0,黒坂　美紀子 尼崎,1:29.59,2024/6/30,黒坂美紀子,尼崎
短水路,女,バタフライ,200m,50,0,若林 朋子 大宮,2:50.63,2019/4/20,若林朋子,大宮
短水路,女,平泳ぎ,100m,55,0,鈴木　和佳奈 桶川北本,1:33.37,2025/4/5,鈴木和佳奈,桶川北本
短水路,女,バタフライ,200m,55,0,若林 朋子 大宮宮原,2:53.80,2023/2/12,若林朋子,大宮宮原
短水路,女,平泳ぎ,100m,60,0,平塚　和子 清瀬,1:39.46,2011/2/13,平塚和子,清瀬
短水路,女,バタフライ,200m,60,0,玉城　吟子 行徳,4:06.67,2007/4/21,玉城吟子,行徳
短水路,女,平泳ぎ,100m,65,0,武政　ふく 松戸,1:39.33,2023/11/26,武政ふく,松戸
短水路,女,バタフライ,200m,65,0,本橋　友子 成城,4:41.91,2010/2/13,本橋友子,成城
短水路,女,平泳ぎ,100m,70,0,平塚　和子 清瀬,1:46.23,2020/2/8,平塚和子,清瀬
短水路,女,バタフライ,200m,70,0,青木　華世子 松戸,3:37.62,2024/2/10,青木華世子,松戸
短水路,女,平泳ぎ,100m,75,0,平塚　和子 清瀬,1:52.05,2025/1/18,平塚和子,清瀬
短水路,女,平泳ぎ,100m,80,0,上田　寿美子 成城,2:14.07,2017/2/5,上田寿美子,成城
短水路,女,平泳ぎ,200m,25,0,島田　陽子 東青梅,2:57.50,2004/9/12,島田陽子,東青梅
短水路,女,平泳ぎ,200m,30,0,岡本 奈美 F東戸塚,2:49.83,2005/4/23,岡本奈美,F東戸塚
短水路,女,平泳ぎ,200m,35,0,岡本 奈美 F東戸塚,2:47.78,2006/7/2,岡本奈美,F東戸塚
短水路,女,個人メドレー,100m,18,0,鹿島 瞳 大宮,1:06.66,2003/5/11,鹿島瞳,大宮
短水路,女,個人メドレー,100m,25,0,加藤　恵理子 府中,1:06.72,2009/7/4,加藤恵理子,府中
短水路,女,個人メドレー,100m,30,0,渡辺　亜衣 おおたか,1:09.92,2017/7/1,渡辺亜衣,おおたか
短水路,女,個人メドレー,100m,35,0,広瀬 百合香 F東戸塚,1:10.75,2009/10/18,広瀬百合香,F東戸塚
短水路,女,平泳ぎ,200m,40,0,岡本　奈美 二俣川,2:53.91,2012/11/18,岡本奈美,二俣川
短水路,女,個人メドレー,100m,40,0,岡本　奈美 二俣川,1:12.68,2011/7/2,岡本奈美,二俣川
短水路,女,平泳ぎ,200m,45,0,片岡　祥子 千葉みなと,2:48.35,2023/4/21,片岡祥子,千葉みなと
短水路,女,個人メドレー,100m,45,0,麻生　圭子 福生,1:14.91,2011/7/2,麻生圭子,福生
短水路,女,平泳ぎ,200m,50,0,鈴木　和佳奈 大宮,3:17.57,2020/1/19,鈴木和佳奈,大宮
短水路,女,個人メドレー,100m,50,0,舘野　美香 目黒,1:14.56,2024/5/11,舘野美香,目黒
短水路,女,平泳ぎ,200m,55,0,鈴木　和佳奈 桶川北本,3:20.73,2025/4/5,鈴木和佳奈,桶川北本
短水路,女,個人メドレー,100m,55,0,志手　直子 前橋,1:18.42,2015/6/14,志手直子,前橋
短水路,女,平泳ぎ,200m,60,0,平塚　和子 清瀬,3:39.74,2011/6/18,平塚和子,清瀬
短水路,女,個人メドレー,100m,60,0,佐々木　幸子 前橋,1:24.94,2017/7/1,佐々木幸子,前橋
短水路,女,平泳ぎ,200m,65,0,平塚　和子 清瀬,3:43.76,2016/1/10,平塚和子,清瀬
短水路,女,個人メドレー,100m,65,0,澤野　幸子 清瀬,1:30.20,2012/4/29,澤野幸子,清瀬
短水路,女,平泳ぎ,200m,70,0,平塚　和子 清瀬,4:07.37,2021/3/20,平塚和子,清瀬
短水路,女,個人メドレー,100m,70,0,青木　華世子 松戸,1:35.50,2024/5/11,青木華世子,松戸
短水路,女,平泳ぎ,200m,75,0,手塚　泰子 清瀬,4:38.66,2018/1/7,手塚泰子,清瀬
短水路,女,個人メドレー,100m,75,0,斉藤　富枝 越谷,1:50.59,2014/7/5,斉藤富枝,越谷
短水路,女,個人メドレー,100m,80,0,長谷部　征子 八王子,2:05.42,2024/5/11,長谷部征子,八王子
短水路,女,個人メドレー,100m,85,0,新井　糸子 志木,3:37.91,2015/7/4,新井糸子,志木
短水路,女,個人メドレー,200m,18,0,椛田　弥生 西東京,2:29.70,2007/9/16,椛田弥生,西東京
短水路,女,個人メドレー,200m,25,0,滝島　りょうこ 西東京,2:37.50,2004/9/12,滝島りょうこ,西東京
短水路,女,個人メドレー,200m,30,0,広瀬 百合香 F東戸塚,2:35.46,2003/4/25,広瀬百合香,F東戸塚
短水路,女,個人メドレー,200m,35,0,広瀬 百合香 F東戸塚,2:33.24,2009/10/18,広瀬百合香,F東戸塚
短水路,女,個人メドレー,400m,25,0,島田　陽子 東青梅,5:43.29,2005/5/7,島田陽子,東青梅
短水路,女,個人メドレー,400m,30,0,島田　陽子 西東京,5:48.40,2008/4/19,島田陽子,西東京
短水路,女,個人メドレー,400m,35,0,鈴木　和佳奈 大宮,6:19.82,2006/4/22,鈴木和佳奈,大宮
短水路,女,個人メドレー,200m,40,0,広瀬 百合香 F東戸塚,2:39.47,2012/5/27,広瀬百合香,F東戸塚
短水路,女,個人メドレー,400m,40,0,広瀬　百合香 F東戸塚,5:50.54,2016/4/16,広瀬百合香,F東戸塚
短水路,女,個人メドレー,200m,45,0,鈴木　和佳奈 大宮,2:49.04,2015/9/13,鈴木和佳奈,大宮
短水路,女,個人メドレー,400m,45,0,鈴木　和佳奈 大宮,6:19.20,2015/4/18,鈴木和佳奈,大宮
短水路,女,個人メドレー,200m,50,0,志手　直子 前橋,2:41.64,2012/3/11,志手直子,前橋
短水路,女,個人メドレー,400m,50,0,鈴木　和佳奈 大宮,6:24.91,2020/1/18,鈴木和佳奈,大宮
短水路,女,個人メドレー,200m,55,0,志手　直子 前橋,2:47.33,2015/4/19,志手直子,前橋
短水路,女,個人メドレー,400m,55,0,志手　直子 前橋,5:45.54,2015/4/18,志手直子,前橋
短水路,女,個人メドレー,200m,60,0,田中　貴子 清瀬,3:10.40,2025/4/19,田中貴子,清瀬
短水路,女,個人メドレー,400m,60,0,中村　和子 越谷,7:34.78,2015/4/18,中村和子,越谷
短水路,女,個人メドレー,200m,65,0,松川　栄子 東青梅,3:42.00,2011/9/18,松川栄子,東青梅
短水路,女,個人メドレー,400m,65,0,平塚　和子 清瀬,8:02.81,2015/5/9,平塚和子,清瀬
短水路,女,個人メドレー,200m,70,0,高岡　悦子 MSPデルタ,4:00.43,2019/9/29,高岡悦子,MSPデルタ
短水路,女,個人メドレー,400m,70,0,後藤　久美子 戸塚,8:32.14,2014/11/16,後藤久美子,戸塚
短水路,女,個人メドレー,200m,75,0,渡辺　香里 MSPデルタ,4:06.78,2019/5/26,渡辺香里,MSPデルタ
短水路,女,個人メドレー,400m,75,0,後藤　久美子 戸塚,9:20.05,2019/5/11,後藤久美子,戸塚
短水路,女,メドレーリレー,4×25m,119,1,酒　井・穂　積 二俣川 日　吉・　椿,59.08,2014/7/5,酒井・穂積・日吉・椿,二俣川
短水路,女,メドレーリレー,4×25m,120,1,年　岡・川　口 Ｓ千葉 平　尾・唐　鎌,1:00.87,2010/7/3,年岡・川口・平尾・唐鎌,S千葉
短水路,女,フリーリレー,4×25m,119,1,穂　積・荒　木 二俣川 矢　内・日　吉,53.18,2016/7/2,穂積・荒木・矢内・日吉,二俣川
短水路,女,フリーリレー,4×25m,120,1,年　岡・川　口 S千葉 唐　鎌・平　尾,54.71,2010/7/3,年岡・川口・唐鎌・平尾,S千葉
短水路,女,メドレーリレー,4×25m,160,1,塩　田・川　口 Ｓ千葉 年　岡・唐　鎌,1:01.39,2009/7/4,塩田・川口・年岡・唐鎌,S千葉
短水路,女,フリーリレー,4×25m,160,1,比留間・島　田 西東京 井　上・　森,54.64,2006/6/3,比留間・島田・井上・森,西東京
短水路,女,メドレーリレー,4×25m,200,1,年　岡・片　岡 千葉みなと 鎌　田・小　谷,1:04.93,2024/11/30,年岡・片岡・鎌田・小谷,千葉みなと
短水路,女,フリーリレー,4×25m,200,1,片　岡・鎌　田 千葉みなと 年　岡・小　谷,57.72,2024/5/11,片岡・鎌田・年岡・小谷,千葉みなと
短水路,女,メドレーリレー,4×25m,240,1, 篠　・滋　野 前橋 佐々木・五十嵐,1:08.57,2018/4/8,篠・滋野・佐々木・五十嵐,前橋
短水路,女,フリーリレー,4×25m,240,1,篠　・佐々木 前橋 滋　野・五十嵐,1:02.49,2019/4/7,篠・佐々木・滋野・五十嵐,前橋
短水路,女,フリーリレー,4×25m,280,1,渡　辺・寺　嶋 MSPデルタ 佐　多・隠　岐,1:10.90,2023/6/2,渡辺・寺嶋・佐多・隠岐,MSPデルタ
短水路,女,メドレーリレー,4×25m,280,1,渡　辺・高　岡 MSPデルタ 平　岡・松　本,1:19.71,2019/9/29,渡辺・高岡・平岡・松本,MSPデルタ
短水路,女,フリーリレー,4×25m,320,1,八　田・須　山 松戸 川　口・山　本,1:24.29,2024/5/11,八田・須山・川口・山本,松戸
短水路,女,メドレーリレー,4×50m,119,1,田 中・ 辻 西京極 森 名・秋 山,2:16.70,1994/3/1,田中・西京極森名・秋山,辻
短水路,女,メドレーリレー,4×50m,120,1,君　島・中　村 おおたか 稲　恒・嶋　田,2:12.93,2024/5/11,君島・中村・稲恒・嶋田,おおたか
短水路,女,フリーリレー,4×50m,119,1,椿　・矢　内 二俣川 内　田・川　崎,1:55.86,2013/2/16,椿・矢内・内田・川崎,二俣川
短水路,女,フリーリレー,4×50m,120,1,内　田・鈴　木 二俣川 堀　・矢　内,1:57.39,2010/3/14,内田・鈴木・堀・矢内,二俣川
短水路,女,メドレーリレー,4×50m,160,1,年　岡・川　口 Ｓ千葉 鎌　田・唐　鎌,2:17.54,2014/4/27,年岡・川口・鎌田・唐鎌,S千葉
短水路,女,フリーリレー,4×50m,160,1,鈴　木・武　井 二俣川 鍋　田・　堀,2:01.81,2007/2/10,鈴木・武井・鍋田・堀,二俣川
短水路,女,メドレーリレー,4×50m,200,1, 篠　・久　保 前橋 佐々木・五十嵐,2:16.24,2018/3/18,篠・久保・佐々木・五十嵐,前橋
短水路,女,フリーリレー,4×50m,200,1,片　岡・津　覇 千葉みなと 年　岡・唐　鎌,2:05.38,2024/4/21,片岡・津覇・年岡・唐鎌,千葉みなと
短水路,女,メドレーリレー,4×50m,240,1,鈴　木・盛　田 二俣川 武　井・永　瀬,2:39.90,2023/5/14,鈴木・盛田・武井・永瀬,二俣川
短水路,女,フリーリレー,4×50m,240,1,永　瀬・盛　田 二俣川 武　井・鈴　木,2:21.86,2023/5/14,永瀬・盛田・武井・鈴木,二俣川
短水路,女,メドレーリレー,4×50m,280,1,渡　辺・高　岡 MSPデルタ 佐　多・寺　嶋,3:02.99,2020/1/25,渡辺・高岡・佐多・寺嶋,MSPデルタ
短水路,女,フリーリレー,4×50m,280,1,隠　岐・渡　辺 MSPデルタ 寺　嶋・佐　多,2:39.44,2023/6/2,隠岐・渡辺・寺嶋・佐多,MSPデルタ
短水路,女,メドレーリレー,4×100m,119,1,山　下・小　野 西東京 野　田・吉　田,4:49.95,2011/5/15,山下・小野・野田・吉田,西東京
短水路,女,メドレーリレー,4×100m,120,1,荒　木・穂　積 二俣川 日　吉・永　瀬,4:53.85,2015/7/4,荒木・穂積・日吉・永瀬,二俣川
短水路,女,フリーリレー,4×100m,119,1,椿　・矢　内 二俣川 内　田・川　崎,4:14.80,2013/7/6,椿・矢内・内田・川崎,二俣川
短水路,女,フリーリレー,4×100m,120,1,荒　木・矢　内 二俣川 堀　・　椿,4:26.31,2014/7/5,荒木・矢内・堀・椿,二俣川
短水路,女,メドレーリレー,4×100m,160,1,武　井・鈴　木 二俣川 岡　本・堀,5:15.62,2011/5/15,武井・鈴木・岡本・堀,二俣川
短水路,女,フリーリレー,4×100m,160,1,内　田・岡　本 二俣川 堀　・鈴　木,4:25.10,2012/5/27,内田・岡本・堀・鈴木,二俣川
短水路,女,メドレーリレー,4×100m,200,1,上　野・野　島 二俣川 武　井・永　瀬,5:52.35,2017/7/1,上野・野島・武井・永瀬,二俣川
短水路,女,フリーリレー,4×100m,200,1,永　瀬・上　野 二俣川 武　井・野　島,5:05.84,2016/7/2,永瀬・上野・武井・野島,二俣川
短水路,女,フリーリレー,4×100m,240,1,後　藤・室　谷 天王洲 永　谷・間　渕,5:53.69,2016/7/2,後藤・室谷・永谷・間渕,天王洲
短水路,女,フリーリレー,4×100m,280,1,馬　場・　森 清瀬 金　子・田　口,6:46.51,2016/7/2,馬場・森・金子・田口,清瀬
短水路,女,フリーリレー,4×200m,119,1,山　下・吉　田 西東京 野　田・中　嶋,9:22.07,2011/5/15,山下・吉田・野田・中嶋,西東京
短水路,女,フリーリレー,4×200m,160,1,矢　内・岡　本 二俣川 堀　・鈴　木,9:58.50,2012/5/27,矢内・岡本・堀・鈴木,二俣川
短水路,女,フリーリレー,4×200m,200,1,渡　辺・池　田 前橋 滋　野・志　賀,12:27.93,2010/11/20,渡辺・池田・滋野・志賀,前橋
短水路,女,メドレーリレー,4×100m,240,1,石　田・太　田 越谷 中　村・中　田 -,6:54.90,2015/7/4,石田・太田・中村・中田,越谷
短水路,女,フリーリレー,4×200m,240,1,三　本・田　神 大倉山 宮　内・岩　井 13 -,13:42.25,2012/5/27,三本・田神・宮内・岩井,大倉山
短水路,男,自由形,25m,18,0,川島　由伸 大宮宮原,10.08,2023/2/12,川島由伸,大宮宮原
短水路,男,自由形,25m,25,0,タロック・ライアン 都島,10.76,2019/6/2,タロック・ライアン,都島
短水路,男,自由形,25m,30,0,板垣　義人 トレッサ,11.08,2023/5/14,板垣義人,トレッサ
短水路,男,自由形,800m,18,0,大場　翔大 二俣川,8:45.88,2012/11/18,大場翔大,二俣川
短水路,男,自由形,800m,25,0,前田　崇行 二俣川,9:18.52,2009/11/14,前田崇行,二俣川
短水路,男,自由形,25m,35,0,内山　皓太 能見台,11.30,2023/5/14,内山皓太,能見台
短水路,男,自由形,800m,35,0,永瀬　知之 二俣川,9:35.35,2012/11/18,永瀬知之,二俣川
短水路,男,自由形,25m,40,0,東條　聖史 平野,11.10,2024/6/30,東條聖史,平野
短水路,男,自由形,800m,40,0,吉川　潤 F東戸塚,9:53.58,2006/11/19,吉川潤,F東戸塚
短水路,男,自由形,25m,45,0,川井　祐二 都島,11.35,2025/6/1,川井祐二,都島
短水路,男,自由形,800m,45,0,吉川　潤 F東戸塚,9:55.70,2009/11/14,吉川潤,F東戸塚
短水路,男,自由形,25m,50,0,小森　康弘 葛西,11.98,2024/5/11,小森康弘,葛西
短水路,男,自由形,800m,50,0,早川　友二 武蔵小杉,9:30.12,2019/4/21,早川友二,武蔵小杉
短水路,男,自由形,25m,55,0,滋野　文夫 前橋,12.20,2007/6/17,滋野文夫,前橋
短水路,男,自由形,800m,55,0,今井　正太郎 前橋,10:01.23,2019/6/9,今井正太郎,前橋
短水路,男,自由形,25m,60,0,滋野　文夫 前橋,12.14,2009/7/4,滋野文夫,前橋
短水路,男,自由形,800m,60,0,井上 昌臣 西東京,11:49.94,2016/5/27,井上昌臣,西東京
短水路,男,自由形,25m,65,0,滋野　文夫 前橋,12.63,2014/11/23,滋野文夫,前橋
短水路,男,自由形,800m,65,0,菱沼　和男 新浦安,13:09.45,2018/1/20,菱沼和男,新浦安
短水路,男,自由形,25m,70,0,滋野　文夫 前橋,12.97,2019/5/11,滋野文夫,前橋
短水路,男,自由形,800m,70,0,平岡　淑 ザバスデルタ,13:06.16,2019/5/12,平岡淑,ザバスデルタ
短水路,男,自由形,25m,75,0,滋野　文夫 前橋,13.49,2024/2/10,滋野文夫,前橋
短水路,男,自由形,800m,75,0,江口 作 福生,18:10.30,1995/11/1,江口作,福生
短水路,男,自由形,25m,80,0,浅井　達男 清洲,16.09,2023/7/2,浅井達男,清洲
短水路,男,自由形,25m,85,0,品川　光明 尼崎,17.63,2024/6/30,品川光明,尼崎
短水路,男,自由形,25m,90,0,前川　昌浩 みなと,23.32,2018/10/8,前川昌浩,みなと
短水路,男,自由形,50m,18,0,設樂　航希 流山,23.49,2024/5/11,設樂航希,流山
短水路,男,自由形,50m,25,0,川島　由伸 大宮宮原,22.51,2024/5/11,川島由伸,大宮宮原
短水路,男,自由形,50m,30,0,石川　和樹 谷津,23.87,2024/5/11,石川和樹,谷津
短水路,男,自由形,1500m,18,0,川島　涼 F東戸塚,17:13.81,2005/10/16,川島涼,F東戸塚
短水路,男,自由形,1500m,25,0,阿部　将和 西東京,18:20.80,2004/2/29,阿部将和,西東京
短水路,男,自由形,1500m,30,0,阿部　将和 西東京,17:50.54,2008/3/20,阿部将和,西東京
短水路,男,自由形,50m,35,0,前田　康輔 二俣川,23.57,2023/5/14,前田康輔,二俣川
短水路,男,自由形,1500m,35,0,福島　大介 前橋,17:41.41,2012/11/24,福島大介,前橋
短水路,男,自由形,50m,40,0,佐藤　靖嗣 新浦安,24.85,2014/7/5,佐藤靖嗣,新浦安
短水路,男,自由形,1500m,40,0,清水 照久 西東京,19:41.50,2001/2/25,清水照久,西東京
短水路,男,自由形,50m,45,0,川井　祐二 都島,24.86,2024/6/1,川井祐二,都島
短水路,男,自由形,1500m,45,0,吉川　潤 F東戸塚,19:01.17,2009/6/14,吉川潤,F東戸塚
短水路,男,自由形,50m,50,0,金子　惠一 前橋,26.40,2015/5/17,金子惠一,前橋
短水路,男,自由形,1500m,50,0,早川　友二 武蔵小杉,18:16.37,2019/3/30,早川友二,武蔵小杉
短水路,男,自由形,50m,55,0,滋野　文夫 前橋,26.47,2007/2/11,滋野文夫,前橋
短水路,男,自由形,1500m,55,0,井上 昌臣 西東京,22:33.27,2015/11/21,井上昌臣,西東京
短水路,男,自由形,50m,60,0,滋野　文夫 前橋,26.54,2009/10/18,滋野文夫,前橋
短水路,男,自由形,1500m,60,0,井上 昌臣 西東京,22:35.24,2016/2/28,井上昌臣,西東京
短水路,男,自由形,50m,65,0,滋野　文夫 前橋,27.52,2014/11/30,滋野文夫,前橋
短水路,男,自由形,1500m,65,0,中部　豪 大宮宮原,24:21.70,2017/10/8,中部豪,大宮宮原
短水路,男,自由形,50m,70,0,滋野　文夫 前橋,28.79,2019/3/10,滋野文夫,前橋
短水路,男,自由形,1500m,70,0,若宮　強 成城,24:48.45,2024/5/18,若宮強,成城
短水路,男,自由形,50m,75,0,滋野　文夫 前橋,30.06,2024/2/11,滋野文夫,前橋
短水路,男,自由形,50m,80,0,田中　正則 清瀬,36.20,2012/6/30,田中正則,清瀬
短水路,男,自由形,50m,85,0,浅井　達男 清洲,39.75,2025/6/1,浅井達男,清洲
短水路,男,自由形,100m,18,0,前田　崇行 二俣川,52.77,2008/2/24,前田崇行,二俣川
短水路,男,自由形,100m,25,0,小笠原　鑑 溝ノ口,50.09,2010/3/14,小笠原鑑,溝ノ口
短水路,男,自由形,100m,30,0,尾関　悠平 都島,53.02,2025/6/1,尾関悠平,都島
短水路,男,背泳ぎ,25m,18,0,内田　亮介 北本,13.14,2010/7/3,内田亮介,北本
短水路,男,背泳ぎ,25m,25,0,青木　英明 二俣川,11.96,2012/3/10,青木英明,二俣川
短水路,男,背泳ぎ,25m,30,0,森　岳 目黒,12.76,2023/5/14,森岳,目黒
短水路,男,自由形,100m,35,0,和田弘太郎 阿佐谷,53.59,2022/5/5,和田弘太郎,阿佐谷
短水路,男,背泳ぎ,25m,35,0,山岡　拓馬 南大泉,13.08,2013/7/6,山岡拓馬,南大泉
短水路,男,自由形,100m,40,0,東條　聖史 平野,52.51,2024/6/30,東條聖史,平野
短水路,男,背泳ぎ,25m,40,0,寺田　貴洋 二俣川,13.62,2023/5/14,寺田貴洋,二俣川
短水路,男,自由形,100m,45,0,金子　惠一 前橋,54.73,2010/2/14,金子惠一,前橋
短水路,男,背泳ぎ,25m,45,0,渋谷　浩志 前橋,13.35,2009/7/4,渋谷浩志,前橋
短水路,男,自由形,100m,50,0,今井　正太郎 前橋,59.69,2014/5/4,今井正太郎,前橋
短水路,男,背泳ぎ,25m,50,0,渋谷　浩志 前橋,13.62,2010/5/16,渋谷浩志,前橋
短水路,男,自由形,100m,55,0,今井　正太郎 前橋,59.62,2019/3/16,今井正太郎,前橋
短水路,男,背泳ぎ,25m,55,0,植田　俊介 自由が丘,13.87,2024/5/11,植田俊介,自由が丘
短水路,男,自由形,100m,60,0,大日向　正 東十条,1:04.33,2010/2/14,大日向正,東十条
短水路,男,背泳ぎ,25m,60,0,渋谷　浩志 前橋,14.97,2024/2/10,渋谷浩志,前橋
短水路,男,自由形,100m,65,0,吉原　一彦 阿佐谷,1:03.95,2021/3/20,吉原一彦,阿佐谷
短水路,男,背泳ぎ,25m,65,0,會田　修一 おおたか,17.36,2024/5/11,會田修一,おおたか
短水路,男,自由形,100m,70,0,中田　正二 成城,1:10.45,2013/4/27,中田正二,成城
短水路,男,背泳ぎ,25m,70,0,吉澤　隆 清瀬,18.43,2023/5/14,吉澤隆,清瀬
短水路,男,自由形,100m,75,0,志田 璋一 行徳,1:14.06,2001/5/20,志田璋一,行徳
短水路,男,背泳ぎ,25m,75,0,志田 璋一 行徳,19.45,2001/4/29,志田璋一,行徳
短水路,男,自由形,100m,80,0,田中　正則 清瀬,1:28.80,2012/9/16,田中正則,清瀬
短水路,男,背泳ぎ,25m,80,0,石田　富朗 柏,20.14,2013/7/6,石田富朗,柏
短水路,男,自由形,100m,85,0,田中　庸元 尼崎,1:37.21,2023/7/2,田中庸元,尼崎
短水路,男,背泳ぎ,25m,85,0,志田　璋一 浦安,22.52,2012/6/30,志田璋一,浦安
短水路,男,自由形,200m,18,0,山田　健太 新都心,1:52.53,2023/5/14,山田健太,新都心
短水路,男,自由形,200m,25,0,小笠原　鑑 溝ノ口,1:53.27,2010/7/3,小笠原鑑,溝ノ口
短水路,男,自由形,200m,30,0,山岡　拓馬 南大泉,1:55.82,2010/7/3,山岡拓馬,南大泉
短水路,男,背泳ぎ,50m,18,0,山口　駿 谷津,27.57,2017/7/1,山口駿,谷津
短水路,男,背泳ぎ,50m,25,0,石川　和樹 谷津,25.95,2023/5/14,石川和樹,谷津
短水路,男,背泳ぎ,50m,30,0,石川　和樹 谷津,26.01,2024/5/11,石川和樹,谷津
短水路,男,自由形,200m,35,0,前田　康輔 二俣川,1:54.32,2023/5/14,前田康輔,二俣川
短水路,男,背泳ぎ,50m,35,0,山岡　拓馬 南大泉,27.15,2014/7/5,山岡拓馬,南大泉
短水路,男,自由形,200m,40,0,佐藤　靖嗣 新浦安,2:02.33,2012/4/22,佐藤靖嗣,新浦安
短水路,男,背泳ぎ,50m,40,0,江本　達哉 芦屋,28.77,2013/10/20,江本達哉,芦屋
短水路,男,自由形,200m,45,0,金子　惠一 前橋,2:03.86,2010/2/13,金子惠一,前橋
短水路,男,背泳ぎ,50m,45,0,山岡　拓馬 清瀬,27.05,2024/5/11,山岡拓馬,清瀬
短水路,男,自由形,200m,50,0,早川　友二 武蔵小杉,2:07.63,2019/5/11,早川友二,武蔵小杉
短水路,男,背泳ぎ,50m,50,0,渋谷　浩志 前橋,28.67,2010/4/18,渋谷浩志,前橋
短水路,男,自由形,200m,55,0,今井　正太郎 前橋,2:12.66,2019/4/7,今井正太郎,前橋
短水路,男,背泳ぎ,50m,55,0,植田　俊介 自由が丘,29.67,2024/5/11,植田俊介,自由が丘
短水路,男,自由形,200m,60,0,菊池　千二 市ヶ尾,2:22.86,2023/5/14,菊池千二,市ヶ尾
短水路,男,背泳ぎ,50m,60,0,渋谷　浩志 前橋,31.63,2024/2/11,渋谷浩志,前橋
短水路,男,自由形,200m,65,0,吉原　一彦 阿佐谷,2:21.06,2023/3/19,吉原一彦,阿佐谷
短水路,男,背泳ぎ,50m,65,0,吉澤　隆 清瀬,37.44,2017/7/1,吉澤隆,清瀬
短水路,男,自由形,200m,70,0,中田　正二 成城,2:38.62,2011/2/12,中田正二,成城
短水路,男,背泳ぎ,50m,70,0,志田 璋一 行徳,36.65,2002/4/28,志田璋一,行徳
短水路,男,自由形,200m,75,0,中田　正二 成城,2:48.14,2017/7/1,中田正二,成城
短水路,男,背泳ぎ,50m,75,0,吉田　亮 成城,42.50,2024/5/11,吉田亮,成城
短水路,男,自由形,200m,80,0,川本　剛 長沼,3:22.52,2019/5/11,川本剛,長沼
短水路,男,背泳ぎ,50m,80,0,下元 源之助 阿佐谷,45.42,2006/4/29,下元源之助,阿佐谷
短水路,男,自由形,200m,85,0,川本　剛 長沼,3:25.82,2023/5/14,川本剛,長沼
短水路,男,自由形,400m,18,0,穂積　雅之 二俣川,4:19.35,2010/11/13,穂積雅之,二俣川
短水路,男,自由形,400m,25,0,前田　崇行 二俣川,4:23.00,2012/11/18,前田崇行,二俣川
短水路,男,自由形,400m,30,0,福島　大介 前橋,4:43.54,2010/11/21,福島大介,前橋
短水路,男,背泳ぎ,100m,18,0,大場　翔大 二俣川,57.76,2012/11/18,大場翔大,二俣川
短水路,男,背泳ぎ,100m,25,0,樋口　裕輔 F東戸塚,58.60,2013/11/30,樋口裕輔,F東戸塚
短水路,男,背泳ぎ,100m,30,0,黒須　和也 S千葉,1:01.05,2008/2/17,黒須和也,S千葉
短水路,男,自由形,400m,35,0,福島　大介 前橋,4:24.02,2012/11/25,福島大介,前橋
短水路,男,背泳ぎ,100m,35,0,山岡　拓馬 南大泉,57.25,2013/5/5,山岡拓馬,南大泉
短水路,男,自由形,400m,40,0,吉川　潤 F東戸塚,4:40.91,2008/11/15,吉川潤,F東戸塚
短水路,男,背泳ぎ,100m,40,0,山岡　拓馬 清瀬,59.07,2021/3/20,山岡拓馬,清瀬
短水路,男,自由形,400m,45,0,今井　正太郎 前橋,4:41.56,2013/10/20,今井正太郎,前橋
短水路,男,背泳ぎ,100m,45,0,山岡　拓馬 清瀬,57.14,2024/4/21,山岡拓馬,清瀬
短水路,男,自由形,400m,50,0,早川　友二 武蔵小杉,4:32.91,2019/1/27,早川友二,武蔵小杉
短水路,男,背泳ぎ,100m,50,0,谷川 正志 越谷,1:02.15,2015/11/28,谷川正志,越谷
短水路,男,自由形,400m,55,0,今井　正太郎 前橋,4:43.65,2019/3/16,今井正太郎,前橋
短水路,男,背泳ぎ,100m,55,0,坂倉　雅巳 Ｆ東戸塚,1:11.88,2010/2/13,坂倉雅巳,Ｆ東戸塚
短水路,男,自由形,400m,60,0,井上　昌臣 西東京,5:40.10,2016/9/25,井上昌臣,西東京
短水路,男,背泳ぎ,100m,60,0,川口 治彦 蒲生,1:14.84,2016/4/29,川口治彦,蒲生
短水路,男,自由形,400m,65,0,吉原　一彦 阿佐谷,5:18.69,2022/3/19,吉原一彦,阿佐谷
短水路,男,背泳ぎ,100m,65,0,吉澤　隆 清瀬,1:24.46,2019/1/26,吉澤隆,清瀬
短水路,男,自由形,400m,70,0,若宮　強 成城,6:18.40,2024/1/13,若宮強,成城
短水路,男,背泳ぎ,100m,70,0,吉澤　隆 清瀬,1:23.90,2022/5/5,吉澤隆,清瀬
短水路,男,自由形,400m,75,0,中田　正二 成城,6:26.26,2019/1/26,中田正二,成城
短水路,男,背泳ぎ,100m,75,0,高田 高 藤沢,1:50.35,1996/4/1,高田高,藤沢
短水路,男,背泳ぎ,100m,80,0,下元 源之助 阿佐ヶ谷,1:41.70,2005/11/20,下元源之助,阿佐ヶ谷
短水路,男,背泳ぎ,200m,18,0,大場　翔大 二俣川,2:07.44,2012/11/18,大場翔大,二俣川
短水路,男,背泳ぎ,200m,25,0,棚網　宏之 成城,2:17.66,2011/2/12,棚網宏之,成城
短水路,男,背泳ぎ,200m,30,0,寺田　貴洋 二俣川,2:15.82,2012/11/18,寺田貴洋,二俣川
短水路,男,バタフライ,25m,18,0,川島　由伸 大宮宮原,10.59,2023/1/15,川島由伸,大宮宮原
短水路,男,バタフライ,25m,25,0,川島　由伸 大宮宮原,10.54,2024/5/11,川島由伸,大宮宮原
短水路,男,バタフライ,25m,30,0,矢野　尊彦 都島,11.05,2025/6/1,矢野尊彦,都島
短水路,男,背泳ぎ,200m,35,0,棚網　宏之 阿佐谷,2:23.17,2021/3/21,棚網宏之,阿佐谷
短水路,男,バタフライ,25m,35,0,杉本　誠二 ときわ台,12.03,2014/2/15,杉本誠二,ときわ台
短水路,男,背泳ぎ,200m,40,0,矢部　信 Ｆ東戸塚,2:22.69,2006/4/22,矢部信,Ｆ東戸塚
短水路,男,バタフライ,25m,40,0,鶴谷　学 二俣川,11.76,2023/5/14,鶴谷学,二俣川
短水路,男,背泳ぎ,200m,45,0,渋谷　浩志 前橋,2:17.32,2009/1/24,渋谷浩志,前橋
短水路,男,バタフライ,25m,45,0,井口　暢彦 成城,12.31,2023/5/14,井口暢彦,成城
短水路,男,背泳ぎ,200m,50,0,谷川　正志 越谷,2:17.85,2015/4/18,谷川正志,越谷
短水路,男,バタフライ,25m,50,0,戸川　義光 Ｆ千葉,12.80,2016/3/19,戸川義光,Ｆ千葉
短水路,男,背泳ぎ,200m,55,0,谷川　正志 越谷,2:20.48,2022/1/16,谷川正志,越谷
短水路,男,バタフライ,25m,55,0,今井　正太郎 前橋,13.11,2019/5/3,今井正太郎,前橋
短水路,男,背泳ぎ,200m,60,0,柳原　義介 清瀬,3:09.76,2013/2/16,柳原義介,清瀬
短水路,男,バタフライ,25m,60,0,櫻田　武也 自由が丘,13.34,2023/5/14,櫻田武也,自由が丘
短水路,男,背泳ぎ,200m,65,0,吉澤　隆 清瀬,2:59.30,2020/1/18,吉澤隆,清瀬
短水路,男,バタフライ,25m,65,0,武市　一良 東青梅,15.10,2003/1/26,武市一良,東青梅
短水路,男,背泳ぎ,200m,70,0,吉澤　隆 清瀬,3:06.34,2023/3/18,吉澤隆,清瀬
短水路,男,バタフライ,25m,70,0,西村　弘一 新浦安,15.65,2016/7/2,西村弘一,新浦安
短水路,男,バタフライ,25m,75,0,西村　弘一 新浦安,16.92,2023/5/14,西村弘一,新浦安
短水路,男,背泳ぎ,200m,80,0,下元 源之助 阿佐谷,3:40.02,2007/2/10,下元源之助,阿佐谷
短水路,男,バタフライ,25m,80,0,石川　守也 市川,19.18,2023/5/14,石川守也,市川
短水路,男,平泳ぎ,25m,18,0,新垣　琳大 茂原,12.97,2023/5/14,新垣琳大,茂原
短水路,男,平泳ぎ,25m,25,0,森田　虎太郎 S千葉,13.08,2009/7/4,森田虎太郎,S千葉
短水路,男,平泳ぎ,25m,30,0,宮川　航 新浦安,13.09,2017/7/1,宮川航,新浦安
短水路,男,バタフライ,50m,18,0,高柳　洋 二俣川,24.53,2009/2/14,高柳洋,二俣川
短水路,男,バタフライ,50m,25,0,志熊　叶一郎 阿佐谷,24.54,2024/5/11,志熊叶一郎,阿佐谷
短水路,男,バタフライ,50m,30,0,大場　翔大 二俣川,25.74,2019/5/11,大場翔大,二俣川
短水路,男,平泳ぎ,25m,35,0,宮川　航 南千住,13.32,2024/5/11,宮川航,南千住
短水路,男,バタフライ,50m,35,0,桶本　新一郎 南千住,25.72,2012/4/29,桶本新一郎,南千住
短水路,男,平泳ぎ,25m,40,0,小野寺　誠 新浦安,13.40,2009/2/14,小野寺誠,新浦安
短水路,男,バタフライ,50m,40,0,杉本　誠二 ときわ台,25.66,2016/7/2,杉本誠二,ときわ台
短水路,男,平泳ぎ,25m,45,0,小野寺　誠 新浦安,13.55,2014/7/5,小野寺誠,新浦安
短水路,男,バタフライ,50m,45,0,井口　暢彦 成城,27.43,2024/5/11,井口暢彦,成城
短水路,男,平泳ぎ,25m,50,0,小森　康弘 葛西,13.43,2023/5/14,小森康弘,葛西
短水路,男,バタフライ,50m,50,0,戸川　義光 F千葉,28.09,2016/3/20,戸川義光,F千葉
短水路,男,平泳ぎ,25m,55,0,阿部　辰夫 用賀,15.28,2015/7/4,阿部辰夫,用賀
短水路,男,バタフライ,50m,55,0,今井　正太郎 前橋,28.85,2019/4/7,今井正太郎,前橋
短水路,男,平泳ぎ,25m,60,0,橋本　秀行 千葉みなと,14.79,2023/5/14,橋本秀行,千葉みなと
短水路,男,バタフライ,50m,60,0,菊池　千二 市ヶ尾,31.03,2024/5/11,菊池千二,市ヶ尾
短水路,男,平泳ぎ,25m,65,0,吉村　進 成城,17.26,2016/7/2,吉村進,成城
短水路,男,バタフライ,50m,65,0,吉原　一彦 阿佐谷,32.33,2023/5/14,吉原一彦,阿佐谷
短水路,男,平泳ぎ,25m,70,0,吉村　進 世田谷,17.77,2023/5/5,吉村進,世田谷
短水路,男,バタフライ,50m,70,0,嶋崎　昭夫 東青梅,35.47,2019/5/11,嶋崎昭夫,東青梅
短水路,男,平泳ぎ,25m,75,0,浅井　達男 いなす,18.59,2017/10/8,浅井達男,いなす
短水路,男,バタフライ,50m,75,0,嶋﨑　昭夫 西東京,42.40,2024/5/11,嶋﨑昭夫,西東京
短水路,男,平泳ぎ,25m,80,0,浅井　達男 清洲,19.69,2023/7/2,浅井達男,清洲
短水路,男,バタフライ,50m,80,0,伊藤　正 シミズ,1:00.48,2005/6/4,伊藤正,シミズ
短水路,男,平泳ぎ,25m,85,0,前川　昌浩 みなと,23.03,2013/6/2,前川昌浩,みなと
短水路,男,平泳ぎ,25m,90,0,前川　昌浩 みなと,27.49,2018/10/8,前川昌浩,みなと
短水路,男,平泳ぎ,50m,18,0,新垣　琳大 茂原,28.57,2023/5/14,新垣琳大,茂原
短水路,男,平泳ぎ,50m,25,0,森田　虎太郎 S千葉,28.25,2010/2/14,森田虎太郎,S千葉
短水路,男,平泳ぎ,50m,30,0,青木　英明 二俣川,26.46,2016/7/2,青木英明,二俣川
短水路,男,バタフライ,100m,18,0,鈴木　遼 二俣川,55.26,2009/11/14,鈴木遼,二俣川
短水路,男,バタフライ,100m,25,0,高柳　洋 二俣川,57.70,2012/11/18,高柳洋,二俣川
短水路,男,バタフライ,100m,30,0,天笠　秀俊 前橋,59.86,2009/5/17,天笠秀俊,前橋
短水路,男,平泳ぎ,50m,35,0,宮川　航 南千住,29.50,2023/5/14,宮川航,南千住
短水路,男,バタフライ,100m,35,0,桶本　新一郎 南千住,57.43,2012/4/29,桶本新一郎,南千住
短水路,男,平泳ぎ,50m,40,0,小野寺　誠 新浦安,29.27,2009/2/15,小野寺誠,新浦安
短水路,男,バタフライ,100m,40,0,杉本　誠二 ときわ台,57.48,2016/11/26,杉本誠二,ときわ台
短水路,男,平泳ぎ,50m,45,0,小野寺　誠 新浦安,30.42,2013/7/6,小野寺誠,新浦安
短水路,男,バタフライ,100m,45,0,今井　正太郎 前橋,1:01.09,2010/4/17,今井正太郎,前橋
短水路,男,平泳ぎ,50m,50,0,小森　康弘 葛西,29.97,2023/5/14,小森康弘,葛西
短水路,男,バタフライ,100m,50,0,戸川　義光 F千葉,1:03.24,2016/1/9,戸川義光,F千葉
短水路,男,平泳ぎ,50m,55,0,大槻　正明 前橋,31.89,2019/5/11,大槻正明,前橋
短水路,男,バタフライ,100m,55,0,今井　正太郎 前橋,1:05.97,2019/4/7,今井正太郎,前橋
短水路,男,平泳ぎ,50m,60,0,橋本　秀行 千葉みなと,33.20,2023/5/14,橋本秀行,千葉みなと
短水路,男,バタフライ,100m,60,0,白井　清嗣 ラフレ,1:40.21,2012/3/10,白井清嗣,ラフレ
短水路,男,平泳ぎ,50m,65,0,吉村　進 成城,38.67,2016/1/10,吉村進,成城
短水路,男,バタフライ,100m,65,0,吉原　一彦 阿佐谷,1:11.96,2021/11/27,吉原一彦,阿佐谷
短水路,男,平泳ぎ,50m,70,0,吉村　進 成城,39.78,2023/5/5,吉村進,成城
短水路,男,バタフライ,100m,70,0,吉原　一彦 阿佐谷,1:14.13,2025/2/24,吉原一彦,阿佐谷
短水路,男,平泳ぎ,50m,75,0,伊豆　正義 新浦安,41.74,2019/5/5,伊豆正義,新浦安
短水路,男,バタフライ,100m,75,0,白井　清嗣 大宮宮原,2:24.49,2023/1/14,白井清嗣,大宮宮原
短水路,男,平泳ぎ,50m,80,0,中島　重良 戸塚,48.69,2018/5/3,中島重良,戸塚
短水路,男,平泳ぎ,50m,85,0,浅井　達男 清洲,49.41,2025/6/1,浅井達男,清洲
短水路,男,平泳ぎ,100m,18,0,津守　陽介 目黒,1:03.11,2010/4/17,津守陽介,目黒
短水路,男,平泳ぎ,100m,25,0,森田　虎太郎 S千葉,1:01.48,2010/2/14,森田虎太郎,S千葉
短水路,男,平泳ぎ,100m,30,0,久保田　雅彦 前橋,1:03.74,2009/4/18,久保田雅彦,前橋
短水路,男,バタフライ,200m,18,0,鈴木　遼 二俣川,2:12.06,2009/11/14,鈴木遼,二俣川
短水路,男,バタフライ,200m,25,0,阿部　将和 西東京,2:22.92,2005/9/11,阿部将和,西東京
短水路,男,バタフライ,200m,30,0,福田　優 目黒,2:12.24,2014/2/15,福田優,目黒
短水路,男,平泳ぎ,100m,35,0,久野田　雅彦 前橋,1:04.96,2012/5/27,久野田雅彦,前橋
短水路,男,バタフライ,200m,35,0,天笠　秀俊 前橋,2:14.29,2011/2/12,天笠秀俊,前橋
短水路,男,平泳ぎ,100m,40,0,小野寺　誠 新浦安,1:04.50,2010/4/17,小野寺誠,新浦安
短水路,男,バタフライ,200m,40,0,中川　卓 下北沢,2:30.59,2005/9/11,中川卓,下北沢
短水路,男,平泳ぎ,100m,45,0,小野寺　誠 新浦安,1:05.37,2012/4/29,小野寺誠,新浦安
短水路,男,バタフライ,200m,45,0,清水 照久 西東京,2:27.07,2008/5/10,清水照久,西東京
短水路,男,平泳ぎ,100m,50,0,山崎　敬一郎 千葉みなと,1:15.08,2023/11/26,山崎敬一郎,千葉みなと
短水路,男,バタフライ,200m,50,0,戸川　義光 F千葉,2:27.69,2016/3/19,戸川義光,F千葉
短水路,男,平泳ぎ,100m,55,0,多田　博之 清瀬,1:22.77,2022/3/13,多田博之,清瀬
短水路,男,バタフライ,200m,55,0,小倉　秀和 清瀬,3:08.02,2023/3/18,小倉秀和,清瀬
短水路,男,平泳ぎ,100m,60,0,坪井 晴人 Ｆ東戸塚,1:25.07,2009/4/29,坪井晴人,Ｆ東戸塚
短水路,男,バタフライ,200m,60,0,白井　清嗣 ラフレ,4:15.37,2012/4/21,白井清嗣,ラフレ
短水路,男,平泳ぎ,100m,65,0,伊豆　正義 新浦安,1:26.16,2009/4/18,伊豆正義,新浦安
短水路,男,バタフライ,200m,65,0,桜井　三重 新浦安,3:38.56,2018/3/17,桜井三重,新浦安
短水路,男,平泳ぎ,100m,70,0,伊豆　正義 新浦安,1:29.31,2014/2/15,伊豆正義,新浦安
短水路,男,バタフライ,200m,70,0,吉原　一彦 阿佐谷,2:57.32,2025/1/9,吉原一彦,阿佐谷
短水路,男,平泳ぎ,100m,75,0,伊豆　正義 新浦安,1:35.69,2019/4/21,伊豆正義,新浦安
短水路,男,バタフライ,200m,75,0,白井　清嗣 大宮宮原,5:12.59,2023/5/14,白井清嗣,大宮宮原
短水路,男,平泳ぎ,200m,18,0,津守　陽介 目黒,2:17.43,2010/4/17,津守陽介,目黒
短水路,男,平泳ぎ,200m,25,0,森田　虎太郎 S千葉,2:21.10,2010/4/18,森田虎太郎,S千葉
短水路,男,平泳ぎ,200m,30,0,久保田　雅彦 前橋,2:22.79,2009/2/14,久保田雅彦,前橋
短水路,男,平泳ぎ,200m,35,0,和田　弘太郎 阿佐谷,2:32.59,2023/1/15,和田弘太郎,阿佐谷
短水路,男,個人メドレー,100m,18,0,石田　虎流 慶應日吉,58.43,2023/5/14,石田虎流,慶應日吉
短水路,男,個人メドレー,100m,25,0,内田 裕大 下北沢,57.01,2016/7/2,内田裕大,下北沢
短水路,男,個人メドレー,100m,30,0,坂田　龍亮 南千住,59.06,2016/7/2,坂田龍亮,南千住
短水路,男,個人メドレー,100m,35,0,鶴谷　学 二俣川,59.48,2019/5/11,鶴谷学,二俣川
短水路,男,平泳ぎ,200m,40,0,小野寺　誠 新浦安,2:24.58,2010/2/13,小野寺誠,新浦安
短水路,男,個人メドレー,100m,40,0,鶴谷　学 二俣川,1:00.05,2024/5/11,鶴谷学,二俣川
短水路,男,平泳ぎ,200m,45,0,小野寺　誠 新浦安,2:26.24,2012/4/21,小野寺誠,新浦安
短水路,男,個人メドレー,100m,45,0,山岡　拓馬 清瀬,1:00.05,2024/5/11,山岡拓馬,清瀬
短水路,男,平泳ぎ,200m,50,0,清水　照久 西東京,2:49.78,2011/5/7,清水照久,西東京
短水路,男,個人メドレー,100m,50,0,谷川　正志 越谷,1:04.94,2016/7/2,谷川正志,越谷
短水路,男,平泳ぎ,200m,55,0,山崎　秀路 清州,2:37.47,2021/1/31,山崎秀路,清州
短水路,男,個人メドレー,100m,55,0,今井　正太郎 前橋,1:08.36,2019/5/19,今井正太郎,前橋
短水路,男,平泳ぎ,200m,60,0,藤井　敏雄 西東京,3:21.28,2002/1/28,藤井敏雄,西東京
短水路,男,個人メドレー,100m,60,0,渡部　佳彦 市川,1:11.11,2023/5/14,渡部佳彦,市川
短水路,男,平泳ぎ,200m,65,0,伊豆　正義 新浦安,3:08.08,2009/4/19,伊豆正義,新浦安
短水路,男,個人メドレー,100m,65,0,吉原　一彦 阿佐谷,1:15.90,2023/5/14,吉原一彦,阿佐谷
短水路,男,平泳ぎ,200m,70,0,伊豆　正義 新浦安,3:15.94,2014/2/15,伊豆正義,新浦安
短水路,男,個人メドレー,100m,70,0,亀田　一麿 S東戸塚,1:23.83,2023/3/19,亀田一麿,S東戸塚
短水路,男,平泳ぎ,200m,75,0,伊豆　正義 新浦安,3:30.97,2019/4/20,伊豆正義,新浦安
短水路,男,個人メドレー,100m,75,0,志田 璋一 行徳,1:30.26,2002/5/26,志田璋一,行徳
短水路,男,個人メドレー,100m,80,0,日野　隆司 松戸,1:46.24,2019/5/11,日野隆司,松戸
短水路,男,個人メドレー,100m,85,0,志田 璋一 浦安,1:54.88,2011/7/2,志田璋一,浦安
短水路,男,個人メドレー,200m,18,0,大場　翔大 二俣川,2:09.00,2012/11/18,大場翔大,二俣川
短水路,男,個人メドレー,200m,25,0,黒須　和也 S千葉,2:05.98,2003/4/27,黒須和也,S千葉
短水路,男,個人メドレー,200m,30,0,福田　優 目黒,2:10.51,2014/2/16,福田優,目黒
短水路,男,個人メドレー,200m,35,0,天笠　秀俊 前橋,2:15.72,2012/5/27,天笠秀俊,前橋
短水路,男,個人メドレー,400m,18,0,川島　涼 Ｆ東戸塚,5:05.76,2007/4/21,川島涼,Ｆ東戸塚
短水路,男,個人メドレー,400m,25,0,福田　優 目黒,4:40.96,2013/4/27,福田優,目黒
短水路,男,個人メドレー,400m,30,0,知見　邦彦 二俣川,4:52.16,2012/11/18,知見邦彦,二俣川
短水路,男,個人メドレー,400m,35,0,和田　弘太郎 阿佐谷,5:05.41,2023/4/29,和田弘太郎,阿佐谷
短水路,男,個人メドレー,200m,40,0,山岡　拓馬 清瀬,2:13.87,2022/3/20,山岡拓馬,清瀬
短水路,男,個人メドレー,400m,40,0,中川　卓 下北沢,5:09.44,2013/4/27,中川卓,下北沢
短水路,男,個人メドレー,200m,45,0,清水　照久 西東京,2:24.91,2009/4/12,清水照久,西東京
短水路,男,個人メドレー,200m,50,0,清水 照久 西東京,2:27.32,2011/2/13,清水照久,西東京
短水路,男,個人メドレー,400m,50,0,今井　正太郎 前橋,5:18.48,2016/4/16,今井正太郎,前橋
短水路,男,個人メドレー,200m,55,0,今井　正太郎 前橋,2:28.17,2019/5/3,今井正太郎,前橋
短水路,男,個人メドレー,400m,55,0,今井　正太郎 前橋,5:19.02,2019/4/20,今井正太郎,前橋
短水路,男,個人メドレー,200m,60,0,瀬戸　淳 市ヶ尾,2:53.73,2016/5/15,瀬戸淳,市ヶ尾
短水路,男,個人メドレー,400m,60,0,瀬戸　淳 市ヶ尾,6:22.97,2016/4/17,瀬戸淳,市ヶ尾
短水路,男,個人メドレー,200m,65,0,坪井 晴人 F東戸塚,3:11.29,2016/5/28,坪井晴人,F東戸塚
短水路,男,個人メドレー,400m,65,0,桜井　三重 新浦安,7:36.13,2017/4/15,桜井三重,新浦安
短水路,男,個人メドレー,200m,70,0,吉原　一彦 阿佐谷,2:47.48,2025/2/24,吉原一彦,阿佐谷
短水路,男,個人メドレー,400m,70,0,渡辺　康 新三郷,7:07.46,2019/4/20,渡辺康,新三郷
短水路,男,個人メドレー,200m,75,0,白井　清嗣 大宮宮原,4:29.58,2023/1/14,白井清嗣,大宮宮原
短水路,男,個人メドレー,400m,75,0,白井　清嗣 大宮宮原,9:24.10,2023/5/20,白井清嗣,大宮宮原
短水路,男,メドレーリレー,4×25m,119,1,酒　井・瀧　下 二俣川 髙　栁・前　田,49.23,2014/7/5,酒井・瀧下・髙栁・前田,二俣川
短水路,男,メドレーリレー,4×25m,120,1,矢　野・尾　関 都島 ライアン・川　井,48.66,2025/6/1,矢野・尾関・ライアン・川井,都島
短水路,男,フリーリレー,4×25m,119,1,酒　井・大　川 二俣川 高　柳・前　田,44.07,2009/11/14,酒井・大川・高柳・前田,二俣川
短水路,男,フリーリレー,4×25m,120,1,ライアン・尾　関 都島 川　井・矢　野,42.92,2025/6/1,ライアン・尾関・川井・矢野,都島
短水路,男,メドレーリレー,4×25m,160,1,渋　谷・久保田 前橋 今　井・金　子,49.52,2009/6/7,渋谷・久保田・今井・金子,前橋
短水路,男,フリーリレー,4×25m,160,1,久保田・今　井 前橋 滋　野・金　子,45.05,2009/7/4,久保田・今井・滋野・金子,前橋
短水路,男,メドレーリレー,4×25m,200,1,渋　谷・大　槻 前橋 今　井・滋　野,50.96,2009/7/4,渋谷・大槻・今井・滋野,前橋
短水路,男,フリーリレー,4×25m,200,1,今　井・大　槻 前橋 渋　谷・滋　野,47.12,2009/10/18,今井・大槻・渋谷・滋野,前橋
短水路,男,メドレーリレー,4×25m,240,1,渋　谷・大　槻 前橋 今　井・滋　野,53.14,2019/5/11,渋谷・大槻・今井・滋野,前橋
短水路,男,フリーリレー,4×25m,240,1,今　井・渋　谷 前橋 大　槻・滋　野,49.30,2019/4/20,今井・渋谷・大槻・滋野,前橋
短水路,男,メドレーリレー,4×25m,280,1,桜　井・伊　豆 新浦安 西　村・安　永,1:09.92,2017/7/1,桜井・伊豆・西村・安永,新浦安
短水路,男,フリーリレー,4×25m,280,1,田　中・品　川 尼崎 山　崎・山　田,1:02.10,2024/6/30,田中・品川・山崎・山田,尼崎
短水路,男,メドレーリレー,4×25m,320,1,大　塚・柳　田 越谷 椎　野・大　森,1:35.63,2015/7/4,大塚・柳田・椎野・大森,越谷
短水路,男,フリーリレー,4×25m,320,1,椎　野・大　塚 越谷 大　森・柳　田,1:21.02,2015/7/4,椎野・大塚・大森・柳田,越谷
短水路,男,メドレーリレー,4×50m,119,1,青　木・知　見 二俣川 高　柳・前　田,1:44.49,2012/3/10,青木・知見・高柳・前田,二俣川
短水路,男,メドレーリレー,4×50m,120,1,鶴　谷・知　見 二俣川 前田(康) ・前田(崇),1:49.82,2023/5/14,鶴谷・知見・前田(康)・前田(崇),二俣川
短水路,男,フリーリレー,4×50m,119,1,前　田 ・大　川 二俣川 高　柳 ・酒　井,1:36.36,2009/3/15,前田・大川・高柳・酒井,二俣川
短水路,男,フリーリレー,4×50m,120,1,矢　野・尾　関 都島 川　井・ライアン,1:34.45,2025/6/1,矢野・尾関・川井・ライアン,都島
短水路,男,メドレーリレー,4×50m,160,1,渋　谷・久保田 前橋 今　井・金　子,1:48.85,2009/4/19,渋谷・久保田・今井・金子,前橋
短水路,男,フリーリレー,4×50m,160,1,久保田・天　笠 前橋 渋　谷・金　子,1:39.12,2010/2/13,久保田・天笠・渋谷・金子,前橋
短水路,男,メドレーリレー,4×50m,200,1,渋　谷・大　槻 前橋 今　井・滋　野,1:52.43,2009/2/14,渋谷・大槻・今井・滋野,前橋
短水路,男,フリーリレー,4×50m,200,1,今　井・金　子 前橋 大　槻・滋　野,1:43.13,2010/4/18,今井・金子・大槻・滋野,前橋
短水路,男,メドレーリレー,4×50m,240,1,渋　谷・大　槻 前橋 今　井・滋　野,1:56.54,2019/5/11,渋谷・大槻・今井・滋野,前橋
短水路,男,フリーリレー,4×50m,240,1,今　井・渋　谷 前橋 大　槻・滋　野,1:49.01,2019/4/21,今井・渋谷・大槻・滋野,前橋
短水路,男,フリーリレー,4×50m,280,1,吉　井・山　田 芦屋市 小　畠・今　泉,2:32.77,2023/7/2,吉井・山田・小畠・今泉,芦屋市
短水路,男,メドレーリレー,4×50m,280,1,桜　井・伊　豆 新浦安 西　村・安　永,2:46.58,2019/5/11,桜井・伊豆・西村・安永,新浦安
短水路,男,フリーリレー,4×50m,320,1,畠　山・鈴　木 ザバス鶴見 中　村・丸　本,3:20.20,2019/5/11,畠山・鈴木・中村・丸本,ザバス鶴見
短水路,男,メドレーリレー,4×100m,119,1,樋　口・山　口 F東戸塚 斉　藤・廻　立,3:52.42,2013/11/2,樋口・山口・斉藤・廻立,F東戸塚
短水路,男,メドレーリレー,4×100m,120,1,近　藤・知　見 二俣川 髙　栁・前　田,4:08.09,2014/7/5,近藤・知見・髙栁・前田,二俣川
短水路,男,フリーリレー,4×100m,119,1,前　田・酒　井 二俣川 高　柳・大　場,3:37.57,2013/7/6,前田・酒井・高柳・大場,二俣川
短水路,男,フリーリレー,4×100m,120,1,前　田・穂　積 二俣川 近　藤・髙　栁,3:44.85,2014/7/5,前田・穂積・近藤・髙栁,二俣川
短水路,男,メドレーリレー,4×100m,160,1,渋　谷・久保田 前橋 天　笠・金　子,4:02.64,2010/11/20,渋谷・久保田・天笠・金子,前橋
短水路,男,フリーリレー,4×100m,160,1,野　田・小野寺 新浦安 國　澤・佐　藤,3:44.87,2012/6/30,野田・小野寺・國澤・佐藤,新浦安
短水路,男,メドレーリレー,4×100m,200,1,國　澤・小野寺 新浦安 佐　藤・石　附,4:27.81,2016/7/2,國澤・小野寺・佐藤・石附,新浦安
短水路,男,フリーリレー,4×100m,200,1,今　井・飯　塚 前橋 滋　野・金　子,3:58.10,2013/11/24,今井・飯塚・滋野・金子,前橋
短水路,男,メドレーリレー,4×100m,240,1,吉　田・吉　村 成城 羽　田・若　宮,5:19.16,2016/7/2,吉田・吉村・羽田・若宮,成城
短水路,男,フリーリレー,4×100m,240,1,羽　田・吉　村 成城 吉　田・若　宮,4:49.94,2016/7/2,羽田・吉村・吉田・若宮,成城
短水路,男,フリーリレー,4×100m,280,1,稲　田・橋　本 八千代台 長　岡・安　田,6:12.46,2017/7/1,稲田・橋本・長岡・安田,八千代台
短水路,男,フリーリレー,4×200m,119,1,前　田・酒　井 二俣川 穂　積・永　瀬,8:10.32,2011/5/15,前田・酒井・穂積・永瀬,二俣川
短水路,男,フリーリレー,4×200m,120,1,椎　本・　林 阿佐谷 和　田・棚　網,8:29.74,2022/5/22,椎本・林・和田・棚網,阿佐谷
短水路,男,フリーリレー,4×200m,160,1,今　井・金　子 前橋 飯　塚・福　島,8:35.05,2011/11/19,今井・金子・飯塚・福島,前橋
短水路,男,フリーリレー,4×200m,200,1,今 井・滋 野 前橋 金　子・福 島,9:04.84,2014/4/13,今井・滋・前橋金子・福島,野
短水路,男,メドレーリレー,4×100m,280,1,稲　田・藤　田 八千代台 安　田・橋　本 -,6:57.58,2016/7/2,稲田・藤田・安田・橋本,八千代台
短水路,男,フリーリレー,4×200m,240,1,今　井・大　槻 前橋 滋　野・渋　谷 16 -,9:23.56,2019/4/7,今井・大槻・滋野・渋谷,前橋
短水路,混合,メドレーリレー,4×25m,119,1,矢　内・知　見 二俣川 高　柳・内　田,54.41,2012/3/11,矢内・知見・高柳・内田,二俣川
短水路,混合,メドレーリレー,4×25m,120,1,吉　村・吉　岡 長津田 葛　原・本　田,54.31,2014/5/4,吉村・吉岡・葛原・本田,長津田
短水路,混合,フリーリレー,4×25m,119,1,前　田・矢　内 二俣川 内　田・高　柳,47.52,2010/3/14,前田・矢内・内田・高柳,二俣川
短水路,混合,フリーリレー,4×25m,120,1,葛　原・吉　岡 長津田 吉　村・太　田,48.23,2014/3/9,葛原・吉岡・吉村・太田,長津田
短水路,混合,メドレーリレー,4×25m,160,1,寺　田・近　藤 二俣川 武　井・　堀,57.57,2010/11/14,寺田・近藤・武井・堀,二俣川
短水路,混合,フリーリレー,4×25m,160,1,鳥　井・唐　鎌 S千葉 年　岡・國　澤,50.90,2011/7/2,鳥井・唐鎌・年岡・國澤,S千葉
短水路,混合,メドレーリレー,4×25m,200,1,志 手・岡 田 前橋 今 井・滋 野,57.98,2014/5/4,志手・岡・前橋今井・滋野,田
短水路,混合,フリーリレー,4×25m,200,1,岡　田・志　手 前橋 滋　野・金　子,51.73,2015/5/3,岡田・志手・滋野・金子,前橋
短水路,混合,メドレーリレー,4×25m,240,1,渋　谷・大　槻 前橋 佐々木・五十嵐,59.12,2019/4/7,渋谷・大槻・佐々木・五十嵐,前橋
短水路,混合,フリーリレー,4×25m,240,1,今　井・五十嵐 前橋 佐々木・滋　野,52.91,2017/5/3,今井・五十嵐・佐々木・滋野,前橋
短水路,混合,フリーリレー,4×25m,280,1,石　附・柴　田 新浦安 綱　川・西　村,1:04.80,2023/5/14,石附・柴田・綱川・西村,新浦安
短水路,混合,メドレーリレー,4×25m,280,1,吉 澤 ・ 高 附 清瀬 岡 田 ・ 鈴 木,1:19.77,2023/3/18,吉澤・附清瀬岡田・鈴木,高
短水路,混合,フリーリレー,4×25m,320,1,品　川・田　中 尼崎 下　河・杉　浦,1:22.19,2024/6/30,品川・田中・下河・杉浦,尼崎
短水路,混合,メドレーリレー,4×50m,119,1,矢　内・采　野 二俣川 高　柳・内　田,1:58.60,2008/2/16,矢内・采野・高柳・内田,二俣川
短水路,混合,メドレーリレー,4×50m,120,1,年　岡・川　口 Ｓ千葉 志母谷・神　長,2:06.80,2013/4/29,年岡・川口・志母谷・神長,S千葉
短水路,混合,フリーリレー,4×50m,119,1,矢　内・内　田 二俣川 酒　井・前　田,1:47.04,2008/2/16,矢内・内田・酒井・前田,二俣川
短水路,混合,フリーリレー,4×50m,120,1,久　保・滝　島 西東京 麻　生・阿　部,1:52.63,2004/5/30,久保・滝島・麻生・阿部,西東京
短水路,混合,メドレーリレー,4×50m,160,1,小林・星野 長津田 吉村・川北,2:02.71,2025/5/18,小林・星野・吉村・川北,長津田
短水路,混合,フリーリレー,4×50m,160,1,近　藤 ・武　井 二俣川  堀 ・永　瀬,1:52.45,2009/2/15,近藤・武井・堀・永瀬,二俣川
短水路,混合,メドレーリレー,4×50m,200,1,篠　・久　保 前橋 今　井・滋　野,2:05.06,2017/5/14,篠・久保・今井・滋野,前橋
短水路,混合,フリーリレー,4×50m,200,1,岡　田・志　手 前橋 滋　野・金　子,1:53.13,2015/5/17,岡田・志手・滋野・金子,前橋
短水路,混合,メドレーリレー,4×50m,240,1,渋　谷・大　槻 前橋 佐々木・五十嵐,2:08.08,2019/6/2,渋谷・大槻・佐々木・五十嵐,前橋
短水路,混合,フリーリレー,4×50m,240,1,今　井・佐々木 前橋 五十嵐・滋　野,2:01.21,2017/6/4,今井・佐々木・五十嵐・滋野,前橋
短水路,混合,メドレーリレー,4×50m,280,1,平　岡・渡　辺 デルタ 佐　多・松　本,2:45.86,2019/1/27,平岡・渡辺・佐多・松本,デルタ
短水路,混合,フリーリレー,4×50m,280,1,平　岡・寺　嶋 MSPデルタ 佐　多・松　本,2:20.77,2020/1/26,平岡・寺嶋・佐多・松本,MSPデルタ
短水路,混合,メドレーリレー,4×100m,119,1,矢　内・知　見 二俣川 高　柳・内　田,4:22.17,2012/5/27,矢内・知見・高柳・内田,二俣川
短水路,混合,フリーリレー,4×100m,119,1,前　田・酒　井 二俣川 穂　積・高　柳,3:38.72,2012/6/30,前田・酒井・穂積・高柳,二俣川
短水路,混合,フリーリレー,4×100m,120,1,志　賀・岩　崎 前橋 吉　田・久保田,4:34.58,2010/11/21,志賀・岩崎・吉田・久保田,前橋
短水路,混合,メドレーリレー,4×100m,160,1,志　手・久保田 前橋 飯　塚・岡　田,4:26.10,2012/5/27,志手・久保田・飯塚・岡田,前橋
短水路,混合,フリーリレー,4×100m,160,1,福　島・岡　田 前橋 志　手・金　子,4:04.92,2012/5/27,福島・岡田・志手・金子,前橋
短水路,混合,メドレーリレー,4×100m,200,1,篠　・久　保 前橋 今　井・滋　野,4:39.99,2017/11/19,篠・久保・今井・滋野,前橋
短水路,混合,フリーリレー,4×100m,200,1,冨　家・　堀 二俣川 岡　本・下　家,4:17.32,2013/4/27,冨家・堀・岡本・下家,二俣川
短水路,混合,フリーリレー,4×100m,240,1,渋　谷・大　槻 前橋 佐々木・五十嵐,4:33.56,2019/10/21,渋谷・大槻・佐々木・五十嵐,前橋
短水路,混合,フリーリレー,4×200m,120,1,門　田・鈴　木 大宮 宮　川・土　橋,9:56.86,2014/11/9,門田・鈴木・宮川・土橋,大宮
短水路,混合,フリーリレー,4×200m,160,1,岡　田・志　手 前橋 飯　塚・福　島,8:52.37,2012/11/24,岡田・志手・飯塚・福島,前橋
短水路,混合,フリーリレー,4×200m,200,1,若　宮・仲　田 成城 丸　・村　上,10:47.13,2025/5/17,若宮・仲田・丸・村上,成城
短水路,混合,メドレーリレー,4×100m,240,1,渋　谷・大　槻 前橋 佐々木・五十嵐 -,5:08.79,2019/10/20,渋谷・大槻・佐々木・五十嵐,前橋
短水路,混合,フリーリレー,4×200m,240,1,前橋 金　井・滋　野（好） 渡　辺・滋　野（文） 17 -,12:04.22,2012/11/24,金井・滋野（好）・渡辺・滋野（文）,前橋
