ID,回,順位,チーム名,フリガナ,得点,男子,女子,混合
1,80,1位,二俣川,ｾﾝﾄﾗﾙﾌｨｯﾄﾈｽｸﾗﾌﾞﾌﾀﾏﾀｶﾞﾜ,637,322,245,70
2,80,2位,阿佐谷,ﾄｰｱｾﾝﾄﾗﾙﾌｨｯﾄﾈｽｸﾗﾌﾞｱｻｶﾞﾔ,567,296,218,53
3,80,3位,市ヶ尾,ｾﾝﾄﾗﾙﾌｨｯﾄﾈｽｸﾗﾌﾞｲﾁｶﾞｵ,480,278,133,69
4,80,4位,葛西,ｾﾝﾄﾗﾙｳｪﾙﾈｽｸﾗﾌﾞｶｻｲ,449,220,223,6
5,80,5位,おおたか,ｾﾝﾄﾗﾙｳｪﾙﾈｽｸﾗﾌﾞｵｵﾀｶﾉﾓﾘ,432,248,156,28
6,80,6位,成城,ｾﾝﾄﾗﾙｳｪﾙﾈｽｸﾗﾌﾞｾｲｼﾞｮｳ,424,231,149,44
7,80,7位,慶應日吉,ｾﾝﾄﾗﾙｳｪﾙﾈｽｸﾗﾌﾞｹｲｵｳﾋﾖｼ,408,151,235,22
8,80,8位,武蔵小杉,ｾﾝﾄﾗﾙﾌｨｯﾄﾈｽｸﾗﾌﾞﾑｻｼｺｽｷﾞ,370,191,155,24
9,80,9位,長津田,ｾﾝﾄﾗﾙｳｪﾙﾈｽｸﾗﾌﾞﾅｶﾞﾂﾀﾐﾅﾐﾀﾞｲ,317,132,141,44
10,80,10位,大宮宮原,ｾﾝﾄﾗﾙｳｪﾙﾈｽｸﾗﾌﾞｵｵﾐﾔﾐﾔﾊﾗ,285,185,73,27
11,80,11位,天王洲,ｾﾝﾄﾗﾙﾌｨｯﾄﾈｽｸﾗﾌﾞﾃﾝﾉｳｽﾞ,274,163,111,0
12,80,12位,用賀,ｾﾝﾄﾗﾙﾌｨｯﾄﾈｽｸﾗﾌﾞﾖｳｶﾞ,264,137,111,16
13,80,13位,清瀬,ｾﾝﾄﾗﾙｳｪﾙﾈｽｸﾗﾌﾞｷﾖｾ,256,88,161,7
14,80,14位,松戸,ﾆｯｾｲｾﾝﾄﾗﾙﾌｨｯﾄﾈｽｸﾗﾌﾞﾏﾂﾄﾞ,237,41,196,0
15,80,15位,大森,ｾﾝﾄﾗﾙｳｪﾙﾈｽｸﾗﾌﾞｵｵﾓﾘ,233,91,122,20
16,80,16位,八王子,ｾﾝﾄﾗﾙﾌｨｯﾄﾈｽｸﾗﾌﾞﾊﾁｵｳｼﾞ,213,104,93,16
17,80,17位,成瀬,ｾﾝﾄﾗﾙｳｪﾙﾈｽｸﾗﾌﾞﾅﾙｾ,199,65,124,10
18,80,18位,南千住,ｾ･ｳｪﾙﾈﾙｸﾗﾌﾞﾐﾅﾐｾﾝｼﾞｭ,191,39,137,15
19,80,19位,上池袋,ｾﾝﾄﾗﾙｳｪﾙﾈｽｸﾗﾌﾞｶﾐｲｹﾌﾞｸﾛ,171,93,78,0
20,80,20位,越谷,ｾﾝﾄﾗﾙｳｪﾙﾈｽｸﾗﾌﾞｺｼｶﾞﾔ,150,87,63,0
21,80,21位,西新井,ｾﾝﾄﾗﾙｳｪﾙﾈｽｸﾗﾌﾞﾆｼｱﾗｲ,149,64,79,6
22,80,22位,我孫子,ｾﾝﾄﾗﾙｳｪﾙﾈｽｸﾗﾌﾞｱﾋﾞｺ,147,75,69,3
23,80,23位,流山,ｾﾝﾄﾗﾙﾌｨｯﾄﾈｽｸﾗﾌﾞﾅｶﾞﾚﾔﾏ,142,84,58,0
24,80,24位,ときわ台,ｾﾝﾄﾗﾙｳｪﾙﾈｽｸﾗﾌﾞﾄｷﾜﾀﾞｲ,140,93,47,0
25,80,25位,桶川北本,ｾﾝﾄﾗﾙｳｪﾙﾈｽｸﾗﾌﾞｵｹｶﾞﾜｷﾀﾓﾄ,138,27,88,23
26,80,26位,横浜,ｾﾝﾄﾗﾙｽｲﾑｸﾗﾌﾞﾖｺﾊﾏ,133,47,85,1
27,80,27位,南青山,ｾﾝﾄﾗﾙﾌｨｯﾄﾈｽｸﾗﾌﾞﾐﾅﾐｱｵﾔﾏ,103,60,40,3
28,80,28位,茂原,ｾﾝﾄﾗﾙﾌｨｯﾄﾈｽｸﾗﾌﾞﾓﾊﾞﾗ,92,68,19,5
29,80,29位,ザバス八景,ｻﾞﾊﾞｽｽﾎﾟｰﾂｸﾗﾌﾞｶﾅｻﾞﾜﾊｯｹｲ,89,55,29,5
30,80,30位,トレッサ,ｾﾝﾄﾗﾙｳｪﾙﾈｽｸﾗﾌﾞﾄﾚｯｻｵｵｸﾗﾔ,81,63,18,0
31,80,31位,谷津,ｾﾝﾄﾗﾙﾌｨｯﾄﾈｽｸﾗﾌﾞﾔﾂ,78,41,37,0
32,80,32位,柏,ｾﾝﾄﾗﾙｳｴﾙﾈｽｸﾗﾌﾞｶｼﾜ,73,59,14,0
33,80,33位,袖ケ浦,ｾﾝﾄﾗﾙﾌｨｯﾄﾈｽｸﾗﾌﾞｿﾃﾞｶﾞｳﾗｴｷﾏ,65,16,49,0
34,80,34位,志木,ｾﾝﾄﾗﾙｳｪﾙﾈｽｸﾗﾌﾞｼｷ,63,40,23,0
35,80,35位,館山,ｾﾝﾄﾗﾙｽﾎﾟｰﾂｸﾗﾌﾞﾀﾃﾔﾏ,57,20,37,0
36,80,36位,稲毛海岸,ｾﾝﾄﾗﾙﾌｨｯﾄﾈｽｸﾗﾌﾞｲﾅｹﾞｶｲｶﾞ,56,23,33,0
37,80,37位,G-SPA,ｺﾞｰﾙﾃﾞﾝｽﾊﾟﾆｭｰｵｰﾀﾆ,54,18,36,0
38,80,38位,東戸塚,ｾﾝﾄﾗﾙｽﾎﾟｰﾂｸﾗﾌﾞﾋｶﾞｼﾄﾂｶ,48,35,13,0
39,80,39位,市川,ｾﾝﾄﾗﾙﾌｨｯﾄﾈｽｸﾗﾌﾞｲﾁｶﾜ,47,30,17,0
40,80,40位,八千代台,ｾﾝﾄﾗﾙﾌｨｯﾄﾈｽｸﾗﾌﾞﾔﾁﾖﾀﾞｲ,45,29,16,0
41,80,40位,能見台,ｾﾝﾄﾗﾙｳｴﾙﾈｽｸﾗﾌﾞﾉｳｹﾝﾀﾞｲ,45,20,25,0
42,80,42位,南宇都宮,ｾﾝﾄﾗﾙｽﾎﾟｰﾂｸﾗﾌﾞﾐﾅﾐｳﾂﾉﾐﾔ,44,10,34,0
43,80,43位,福生,ｾﾝﾄﾗﾙｽﾎﾟｰﾂﾌｯｻ,36,2,34,0
44,80,44位,青砥,ｾﾝﾄﾗﾙﾌｨｯﾄﾈｽｸﾗﾌﾞｱｵﾄ,35,24,8,3
45,80,45位,ザバス鶴見,ｻﾞﾊﾞｽｽﾎﾟｰﾂｸﾗﾌﾞﾂﾙﾐ,34,34,0,0
46,80,46位,府中,ｾﾝﾄﾗﾙﾌｨｯﾄﾈｽｸﾗﾌﾞﾌﾁｭｳ,33,16,17,0
47,80,47位,新川崎,ｾﾝﾄﾗﾙﾌｨｯﾄﾈｽｸﾗﾌﾞｼﾝｶﾜｻｷ,31,18,13,0
48,80,48位,目黒,ｾﾝﾄﾗﾙﾌｨｯﾄﾈｽｸﾗﾌﾞﾒｸﾞﾛ,29,6,23,0
49,80,49位,墨田区体育館,ｽﾐﾀﾞｸｿｳｺﾞｳﾀｲｲｸｶﾝ,26,12,14,0
50,80,50位,Ｆ宇都宮,ｾﾝﾄﾗﾙﾌｨｯﾄﾈｽｸﾗﾌﾞｳﾂﾉﾐﾔ,24,7,17,0
51,80,50位,曽谷,ｿﾔｾﾝﾄﾗﾙｽｲﾑｸﾗﾌﾞ,24,9,15,0
52,80,52位,久喜,ｾﾝﾄﾗﾙｳｪﾙﾈｽｸﾗﾌﾞﾆｼﾞｭｳﾖﾝｸｷ,23,16,7,0
53,80,53位,藤沢,ｾﾝﾄﾗﾙﾌｨｯﾄﾈｽｸﾗﾌﾞﾌｼﾞｻﾜ,22,12,10,0
54,80,54位,自由が丘,ｾﾝﾄﾗﾙﾌｨｯﾄﾈｽｸﾗﾌﾞｼﾞﾕｳｶﾞｵｶ,17,0,17,0
55,80,54位,平塚,ｾﾝﾄﾗﾙﾌｨｯﾄﾈｽｸﾗﾌﾞﾋﾗﾂｶ,17,0,17,0
56,80,56位,岩槻,ｾﾝﾄﾗﾙｽﾎﾟｰﾂｸﾗﾌﾞｲﾜﾂｷ,15,15,0,0
57,80,56位,新都心,ｾﾝﾄﾗﾙｳｪﾙﾈｽｸﾗﾌﾞｻｲﾀﾏｼﾝﾄｼﾝ,15,8,7,0
58,80,58位,CS南行徳,ｾﾝﾄﾗﾙｽﾎﾟｰﾂﾐﾅﾐｷﾞｮｳﾄｸ,14,0,14,0
59,80,58位,新三郷,ｾﾝﾄﾗﾙﾌｨｯﾄﾈｽｸﾗﾌﾞｼﾝﾐｻﾄ,14,0,14,0
60,80,58位,戸塚,ｾﾝﾄﾗﾙｽﾎﾟｰﾂｸﾗﾌﾞﾄﾂｶ,14,0,14,0
61,80,61位,セン南,ｾﾝﾄﾗﾙﾌｨｯﾄﾈｽｸﾗﾌﾞｾﾝﾀｰﾐﾅﾐ,12,12,0,0
62,80,62位,F東戸塚,ｾﾝﾄﾗﾙﾌｨｯﾄﾈｽｸﾗﾌﾞﾋｶﾞｼﾄﾂｶ,10,10,0,0
63,80,62位,溝ノ口,ｾﾝﾄﾗﾙﾌｨｯﾄﾈｽｸﾗﾌﾞﾐｿﾞﾉｸﾁ,10,0,10,0
64,80,64位,下北沢,ｾﾝﾄﾗﾙﾌｨｯﾄﾈｽｸﾗﾌﾞｼﾓｷﾀｻﾞﾜ,9,9,0,0
65,80,65位,湘南LT,ｾﾝﾄﾗﾙﾌｨｯﾄﾈｽｸﾗﾌﾞｼｮｳﾅﾝｴﾙﾃ,8,8,0,0
66,80,66位,福島,ｾﾝﾄﾗﾙｳｪﾙﾈｽｸﾗﾌﾞﾌｸｼﾏ,7,7,0,0
67,80,67位,川越,ｾﾝﾄﾗﾙｽｲﾑｸﾗﾌﾞｶﾜｺﾞｴ,2,0,2,0