ID,回,チーム名,選手名,性別,個人年齢区分,取得得点,AI診断,50m自由形,100m自由形,200m自由形,50mバタフライ,50m背泳ぎ,50m平泳ぎ,200m個人メドレー,4×50mフリーリレー,4×50mフリーリレー（混合）,4×100mフリーリレー,4×50mメドレーリレー,4×100mメドレーリレー
1,80,おおたか,岩田茉子,女子,18～24歳,10,まるで水上スキー！その圧倒的な推進力で、次のレースも水しぶきを味方につけましょう！,10,,,,,,,,,,2,
2,80,おおたか,高嶋ひなの,女子,25～29歳,28,人魚も驚く滑らかな泳ぎ！ターン後の伸びを意識すれば、プールのヒロインはあなたです！,1,,,,,,,,2,,2,
3,80,おおたか,中村可奈子,女子,40～44歳,42,エンジン全開のストローク！水との対話を楽しむ余裕を持てば、更なるタイム更新が待っています！,5,,,,,2,,2,2,,2,
4,80,おおたか,五十嵐知佐,女子,50～54歳,31,安定感抜群のピッチ！ゴール前のラストスパートで、観客の視線を独り占めにしてください！,,6,,,,2,,2,,,3,
5,80,おおたか,柳有美子,女子,50～54歳,32,水の抵抗を無効化する魔法使い！指先から足先までの美しい連動で、プールを支配しましょう！,3,,5,,,,,,2,,2,
6,80,おおたか,倉林明子,女子,65～69歳,16,経験が光る頭脳派スイミング！力みを手放すことで、無重力のようなスピードを手に入れられます！,5,,,,,9,,,,,3,
7,80,おおたか,育村博子,女子,65～69歳,17,弾むようなキックが素晴らしい！リズムに乗って泳ぎ切れば、自己ベスト更新間違いなしです！,,,,,,8,5,,,,3,
8,80,おおたか,野崎由美子,女子,65～69歳,26,エレガントな息継ぎが魅力的！リラックスしたフォームのまま、笑顔でゴール板にタッチを！,,,2,,,11,,,2,,3,
9,80,おおたか,岡村悦子,女子,70～74歳,24,疲れを知らないタフな泳ぎ！壁を強く蹴り出すことで、さらなる推進力爆発の予感がします！,6,,1,,,,,2,,,,
10,80,おおたか,高木保子,女子,70～74歳,18,柔らかいキャッチで水を切る姿は芸術！次の大会も、優雅な泳ぎでみんなを魅了してください！,,,,,9,4,,2,,,,
11,80,おおたか,松永タズヨ,女子,75～79歳,17,まさに水中のマエストロ！水と一体化するその感覚を大切に、心地よいレースを楽しんで！,8,7,,,,,,,1,,,
12,80,おおたか,田中もみぢ,女子,85～89歳,29,レジェンドの貫禄たっぷり！プールの水も喜ぶような、愛情あふれるストロークを期待しています！,1,,,,2,,,,1,,,
13,80,おおたか,都築クラウディオ佑亮,男子,18～24歳,39,ロケットのような飛び込み！空中姿勢の美しさをそのまま水中に持ち込めば無敵です！,,,4,5,,,,1,2,,4,
14,80,おおたか,石井了,男子,25～29歳,45,パワフルな水しぶきが闘志の証！後半の粘り強さに磨きをかけて、ライバルを置き去りに！,2,,,,,1,,1,2,,4,
15,80,おおたか,山田義明,男子,30～34歳,13,計算し尽くされたようなペース配分！指先の角度を微調整して、さらに水を味方につけましょう！,11,2,,,,,,7,,,,
16,80,おおたか,古川貴章,男子,35～39歳,35,獲物を狙うサメのような鋭い視線！推進力を逃さないキャッチで、プールの覇者になってください！,,,,3,,,1,1,,,4,
17,80,おおたか,大作善祥,男子,45～49歳,37,ダイナミックな腕の振りが圧巻！体幹をキュッと締めれば、さらに矢のような直進性が生まれます！,,,2,,,2,,1,,,2,
18,80,おおたか,小山邦彦,男子,50～54歳,9,流れるような息継ぎのタイミングが絶妙！そのリズムを保てば、水は常にあなたの味方です！,18,,,,,,11,7,,,6,
19,80,おおたか,登坂健志,男子,50～54歳,11,闘気あふれる力強いバタ足！キックのタイミングを腕と完全に同期させて、爆発的な加速を！,9,,,,,,,7,,,6,
20,80,おおたか,倉持孝博,男子,55～59歳,34,水をしっかり捉える技術は一流！リラックスしたリカバリーで、後半のスピードを維持しましょう！,1,,2,,,,,1,,,6,
21,80,おおたか,前田光輝,男子,55～59歳,32,まるでモーター搭載！スタートからゴールまで一切の妥協を許さない泳ぎに、感動すら覚えます！,4,,,3,,,,1,,,4,
22,80,おおたか,五十嵐洋,男子,65～69歳,15,クレバーなレース展開が光ります！キックの打ち終わりを意識して、伸びのあるストロークを！,,,,,5,,,,,,2,
23,80,おおたか,宮内譲志,男子,65～69歳,0,推進力を生み出すリズム感が最高！呼吸のたびにパワーを充填して、更なる高みへジャンプ！,13,12,,,,,,,,,,
24,80,おおたか,宮本恭幸,男子,65～69歳,10,堂々たる泳ぎっぷりに拍手喝采！壁際のターンをコンパクトに決めれば、タイムはまだまだ縮みます！,5,,,,,,,7,,,,
25,80,おおたか,會田修一,男子,65～69歳,45,ベテランの味を存分に見せつける泳ぎ！水流を操るようなテクニックで、若手を驚かせてやりましょう！,4,,,,1,,,1,2,,2,
26,80,おおたか,海辺信吉,男子,65～69歳,48,波に乗るサーファーのような軽快さ！プールの底まで見透かす集中力で、次も快走を期待！,,1,,1,,,,1,2,,2,
27,80,おおたか,鈴木篤,男子,65～69歳,8,無駄を削ぎ落とした研ぎ澄まされたフォーム！水面の抵抗を最小限に、忍者のように駆け抜けて！,15,,,,8,,,,,,6,
28,80,おおたか,橋本亘,男子,70～74歳,8,水中を滑空するような見事なストリームライン！その美しい姿勢のまま、ゴールへ一直線！,14,,,,,,,3,,,,
29,80,おおたか,手塚満,男子,75～79歳,27,ポセイドンも認める水の掌握力！無理のない滑らかな動きが、記録更新への一番の近道です！,8,,,,,5,,3,1,,,
30,80,おおたか,松永勝,男子,75～79歳,31,どんな波にも負けない力強い前進！自分のペースを信じ抜くメンタルで、輝くゴールを掴んでください！,6,,,,3,,,3,1,,,
31,80,おおたか,縫田駿一,男子,80～84歳,16,プールがあなたのホームグラウンド！泳ぐたびに若返るような、そのエネルギッシュな姿に感服です！,9,,,,5,,,3,,,,
32,80,二俣川,田嶋由佳,女子,25～29歳,14,,4,,,,,,,,4,,,
33,80,二俣川,深堀陽子,女子,30～34歳,54,,3,,,,,2,,,4,4,6,2
34,80,二俣川,遠藤桃,女子,30～34歳,46,,,,,,,1,1,1,4,,2,
35,80,二俣川,前田由希映,女子,45～49歳,46,,10,,4,,,,,1,4,4,6,2
36,80,二俣川,吉池奈々,女子,45～49歳,56,,11,,3,,,,,1,3,4,6,2
37,80,二俣川,草野茜,女子,45～49歳,55,,7,8,,,,,,1,3,4,6,2
38,80,二俣川,是永朋子,女子,55～59歳,11,,,7,4,,,,,,,,,
39,80,二俣川,松川律子,女子,55～59歳,29,,,,1,2,,,,1,,,,
40,80,二俣川,盛田真規子,女子,60～64歳,35,,,,3,,,,4,1,,,1,
41,80,二俣川,永瀬秀子,女子,65～69歳,50,,1,1,,,,,,1,1,,1,
42,80,二俣川,清水裕子,女子,70～74歳,7,,4,,,,12,,,,,,,
43,80,二俣川,近藤ひな子,女子,70～74歳,39,,1,,,2,,,,1,1,,,
44,80,二俣川,畔上節子,女子,75～79歳,3,,10,,,,9,,,,,,,
45,80,二俣川,藤田悦子,女子,75～79歳,4,,7,,,,11,,,,,,,
46,80,二俣川,武藤治子,女子,85～89歳,19,,2,1,,,,,,,,,,
47,80,二俣川,田中壮一郎,男子,25～29歳,34,,,,,,,3,4,5,4,,5,
48,80,二俣川,成田昌記,男子,30～34歳,33,,3,,,5,,,,5,4,,5,
49,80,二俣川,新福留広貴,男子,35～39歳,26,,,5,3,,,,,5,,,5,
50,80,二俣川,前田康輔,男子,35～39歳,10,,,,,,,,,,,1,,
51,80,二俣川,立石裕太郎,男子,35～39歳,39,,,,,1,,1,,,,1,2,
52,80,二俣川,前田崇行,男子,40～44歳,42,,1,,,2,,,,,4,1,5,
53,80,二俣川,永瀬知之,男子,45～49歳,58,,,,1,2,,,,1,,1,1,
54,80,二俣川,草野剛史,男子,45～49歳,18,,,,,6,,4,,5,,,,
55,80,二俣川,鶴谷学,男子,45～49歳,46,,,1,,1,,,,,4,1,2,
56,80,二俣川,堀川広祐,男子,50～54歳,44,,4,4,,,,,,1,,1,1,
57,80,二俣川,大村俊文,男子,50～54歳,48,,1,,,,,,1,1,3,,1,
58,80,二俣川,石上智啓,男子,50～54歳,45,,,3,2,,,,,1,3,1,,
59,80,二俣川,関口義和,男子,50～54歳,29,,,,,,,2,,,,1,1,
60,80,二俣川,冨松実,男子,65～69歳,47,,2,,,,2,,,,1,,1,
61,80,二俣川,若島健二,男子,65～69歳,26,,,3,3,,,,,,,,1,
62,80,二俣川,香川左近,男子,70～74歳,23,,,7,,2,,,,,1,,,
63,80,阿佐谷,佐藤綾子,女子,35～39歳,25,,,,,4,,,,,3,,1,
64,80,阿佐谷,渡邉梨絵,女子,40～44歳,48,,1,,,,,1,,,3,,1,
65,80,阿佐谷,小野真佐子,女子,45～49歳,36,,,7,,,3,,,,6,1,,2
66,80,阿佐谷,横田千恵子,女子,45～49歳,13,,5,,,,,,,,,,4,
67,80,阿佐谷,棚網恵理,女子,50～54歳,45,,8,,,,3,,,,6,1,1,2
68,80,阿佐谷,大久保彩子,女子,55～59歳,22,,,11,,4,,,,,14,2,5,
69,80,阿佐谷,西村麻美,女子,55～59歳,29,,,,,1,,,,,,,1,2
70,80,阿佐谷,五十嵐佳澄,女子,60～64歳,13,,25,,,,11,,,,,,4,
71,80,阿佐谷,大原清美,女子,60～64歳,15,,12,,,3,,,,,,,4,
72,80,阿佐谷,大岡美良乃,女子,60～64歳,46,,,,1,,,,,,1,1,4,2
73,80,阿佐谷,石原なおみ,女子,60～64歳,57,,1,3,,,,,,,1,1,1,2
74,80,阿佐谷,三枚堂かよ子,女子,65～69歳,12,,10,,,,,7,,,,,4,
75,80,阿佐谷,宮田ひとみ,女子,65～69歳,30,,13,,6,,,,,,4,2,,2
76,80,阿佐谷,小池理恵子,女子,65～69歳,20,,,,,,6,3,,,,,4,
77,80,阿佐谷,近藤みゆき,女子,65～69歳,22,,,,,,,12,7,,14,2,,2
78,80,阿佐谷,三嶋祐子,女子,70～74歳,33,,11,,3,,,,,,4,2,,2
79,80,阿佐谷,東侑玖,男子,25～29歳,63,,,,,,2,,1,,6,1,1,2
80,80,阿佐谷,荒井啓汰,男子,25～29歳,12,,,,,,,7,,,3,,,
81,80,阿佐谷,松本隆宏,男子,35～39歳,17,,10,,,,,5,,,14,,7,
82,80,阿佐谷,津守陽介,男子,35～39歳,45,,,,,,1,2,,,3,,1,3
83,80,阿佐谷,米本大地,男子,35～39歳,42,,,,,,,3,,,6,1,1,2
84,80,阿佐谷,和田弘太郎,男子,40～44歳,27,,,2,,,,1,,,,,,3
85,80,阿佐谷,棚網宏之,男子,40～44歳,34,,,,,,2,,4,,,1,,3
86,80,阿佐谷,椎本恭平,男子,40～44歳,46,,3,,,,,,1,,,1,1,3
87,80,阿佐谷,上田徹,男子,50～54歳,19,,,8,,5,,,,,,,7,
88,80,阿佐谷,北川貴義,男子,50～54歳,47,,3,2,,,,,,,1,1,1,
89,80,阿佐谷,紺野忠大,男子,50～54歳,13,,19,,,,,9,,,14,,7,
90,80,阿佐谷,若杉佳宏,男子,50～54歳,27,,14,,,,5,,,,,1,7,
91,80,阿佐谷,吉原一彦,男子,70～74歳,40,,,1,1,,,,,,1,1,,
92,80,阿佐谷,折居彰,男子,70～74歳,23,,,8,7,,,,,,4,,,2
93,80,阿佐谷,伴野保志,男子,75～79歳,14,,,,4,,,,4,,,,,
94,80,阿佐谷,吉村進,男子,75～79歳,46,,,,,,1,1,,,4,1,,2
95,80,市ヶ尾,天井茉里乃,女子,30～34歳,15,,,,,,4,,,,,3,,
96,80,市ヶ尾,宮下奏子,女子,40～44歳,48,,,,1,1,,,,,1,3,1,
97,80,市ヶ尾,池田百合子,女子,50～54歳,40,,,1,,1,,,,,1,,1,
98,80,市ヶ尾,白須靖子,女子,50～54歳,29,,,,,,,3,5,,4,3,,
99,80,市ヶ尾,高橋麻子,女子,50～54歳,29,,,4,4,,,,,,4,3,,
100,80,市ヶ尾,佐々木夕子,女子,55～59歳,6,,,12,5,,,,,,,,,
101,80,市ヶ尾,北瀬あづさ,女子,55～59歳,28,,,5,,,3,,,,5,,3,
102,80,市ヶ尾,太刀岡早苗,女子,60～64歳,10,,,,,,10,10,,,3,,,
103,80,市ヶ尾,原昌代,女子,65～69歳,19,,,9,,,2,,,,3,,,
104,80,市ヶ尾,荒深なみ,女子,75～79歳,11,,,,,,,8,,,,,3,
105,80,市ヶ尾,安澤イソ子,女子,80～84歳,20,,5,3,,,,,,,5,,,
106,80,市ヶ尾,山下修司,男子,18～24歳,19,,,,,,,1,,,,,2,
107,80,市ヶ尾,綿貫太地,男子,18～24歳,25,,,3,,,,,,3,,,2,
108,80,市ヶ尾,船橋優太,男子,18～24歳,10,,8,,,,,,,4,,,,
109,80,市ヶ尾,田中諒也,男子,25～29歳,37,,,,,3,,2,,,1,,1,
110,80,市ヶ尾,田端凌也,男子,30～34歳,21,,4,,,4,,,,4,,,,
111,80,市ヶ尾,図師拓千,男子,40～44歳,33,,,,,,3,,3,4,1,,,
112,80,市ヶ尾,木村考太,男子,40～44歳,46,,,4,,,4,,,4,5,,2,
113,80,市ヶ尾,山内悠,男子,45～49歳,31,,,4,3,,,,,,4,2,,
114,80,市ヶ尾,田村晋輔,男子,45～49歳,32,,4,,,,,,1,,4,,3,
115,80,市ヶ尾,田窪達,男子,50～54歳,37,,,1,1,,,,,3,,,2,
116,80,市ヶ尾,新井良育,男子,55～59歳,11,,12,,,,8,,,3,,,,
117,80,市ヶ尾,安間稔,男子,60～64歳,19,,9,,3,,,,,,,2,,
118,80,市ヶ尾,菊池千二,男子,60～64歳,35,,1,,1,,,,,,5,2,,
119,80,市ヶ尾,大滝恭伸,男子,65～69歳,20,,,9,,,9,,,3,,,3,
120,80,市ヶ尾,神尾尚人,男子,65～69歳,33,,,,2,,4,,,,3,2,,
121,80,市ヶ尾,黒川恵一,男子,65～69歳,10,,,,6,,,6,,,,,,
122,80,市ヶ尾,井上隆史,男子,85～89歳,26,,2,2,,,,,,,3,,,
123,80,葛西,篠田璃七,女子,18～24歳,25,,6,,,1,,,,1,,,,
124,80,葛西,野口奈旺子,女子,18～24歳,27,,4,,,,1,,,1,,,,
125,80,葛西,小林志穂,女子,25～29歳,30,,,1,,,,1,,1,,,,
126,80,葛西,青木梨緒,女子,35～39歳,19,,2,,,1,,,,,,,,
127,80,葛西,永田加那子,女子,40～44歳,29,,2,,,,1,,,1,,,,
128,80,葛西,溝井花代子,女子,45～49歳,28,,,,,,6,3,,,5,,2,
129,80,葛西,西川由美子,女子,50～54歳,20,,,,7,,,,4,,,,2,
130,80,葛西,原田佳子,女子,55～59歳,29,,1,1,,,,,,,,,2,
131,80,葛西,小林弘子,女子,55～59歳,25,,,,,,,,1,,5,,2,
132,80,葛西,大山恵子,女子,75～79歳,20,,,,,1,,,1,,,,,
133,80,葛西,野中海貴,男子,18～24歳,15,,5,,,,,2,,,,,,
134,80,葛西,前島悠也,男子,30～34歳,37,,,,,2,,2,,2,,,1,
135,80,葛西,石井孟,男子,35～39歳,26,,4,2,,,,,,,,,1,
136,80,葛西,青木圭祐,男子,35～39歳,28,,2,,,2,,,,,,,1,
137,80,葛西,加地隆史,男子,45～49歳,19,,6,,,,,3,,,5,,,
138,80,葛西,原田真,男子,50～54歳,29,,,,,,4,4,,2,5,,,
139,80,葛西,小森康弘,男子,50～54歳,19,,2,,,,,1,,,,,,
140,80,葛西,宮木幸彦,男子,55～59歳,14,,,,3,,5,,,,,,,
141,80,葛西,弭間政隆,男子,55～59歳,26,,8,,7,,,,,2,,,1,
142,80,葛西,小林健,男子,60～64歳,36,,4,1,,,,,,2,,,1,
143,80,葛西,赤坂吉昭,男子,65～69歳,10,,14,11,,,,,,,,,1,
144,80,葛西,菱沼和男,男子,70～74歳,27,,,,4,,,,1,,,,1,
145,80,葛西,大内洋,男子,80～84歳,23,,5,,,,4,,,,,,1,
146,80,成城,丸玖瑠都,女子,25～29歳,54,,3,,,,,2,,,2,1,3,
147,80,成城,仲田笑美,女子,30～34歳,58,,,,,2,1,,,1,2,1,1,
148,80,成城,岩田愛恵,女子,40～44歳,41,,,1,,,,5,,,,1,3,
149,80,成城,佐々木彩,女子,45～49歳,47,,1,3,,,,,,,7,1,3,
150,80,成城,佐藤洋子,女子,55～59歳,38,,,,,,4,2,,1,7,,3,
151,80,成城,熊田悦子,女子,55～59歳,21,,5,,,,,,,1,6,,,
152,80,成城,高梨美樹,女子,65～69歳,41,,4,,,,,1,,1,6,,2,
153,80,成城,栗林眞知子,女子,75～79歳,21,,,,,,7,3,,,,,2,
154,80,成城,服部碧,男子,18～24歳,58,,,,2,1,,,,1,2,,1,1
155,80,成城,黒田大介,男子,18～24歳,46,,,,3,2,,,,1,2,,,1
156,80,成城,山下純生,男子,25～29歳,41,,10,,,,,5,,1,,3,5,1
157,80,成城,柿沼龍史,男子,25～29歳,53,,7,,,6,,,,1,,3,5,1
158,80,成城,村上守,男子,40～44歳,28,,5,,,,,,,,,3,4,
159,80,成城,羽田浩一,男子,50～54歳,32,,,,,,3,,3,1,,,5,
160,80,成城,藤田一寿,男子,50～54歳,23,,13,7,,,,,,,7,3,4,
161,80,成城,安部盛博,男子,60～64歳,12,,20,,,4,,,,,6,,,
162,80,成城,後藤潤,男子,60～64歳,5,,19,,,,,,,,6,,,
163,80,成城,浦田昌和,男子,60～64歳,32,,,,,3,4,,,,7,,5,
164,80,成城,木津誠,男子,75～79歳,46,,1,,,,,,1,1,,,4,
165,80,成城,吉田亮,男子,80～84歳,46,,,,,1,1,,,1,,,4,
166,80,成城,中田正二,男子,85～89歳,30,,,1,1,,,,,1,,,,
167,80,慶應日吉,RacaruGabriela,女子,35～39歳,22,,8,,,,,2,,,,,,1
168,80,慶應日吉,宮本八重,女子,40～44歳,17,,,,,,,,,3,,2,,
169,80,慶應日吉,小豆澤和代,女子,45～49歳,38,,,2,,,,1,,,,2,,1
170,80,慶應日吉,崎村詩織,女子,45～49歳,29,,,,,,,,1,,,2,,1
171,80,慶應日吉,福本麻美,女子,50～54歳,27,,6,8,,,,,,,,2,,1
172,80,慶應日吉,早田紀子,女子,55～59歳,11,,15,,,,10,,,,,,,1
173,80,慶應日吉,中野内嘉子,女子,60～64歳,24,,6,,,2,,,,,,,,1
174,80,慶應日吉,中野朗子,女子,60～64歳,18,,20,,,,6,,,2,7,,,
175,80,慶應日吉,前畑章子,女子,60～64歳,27,,,2,,,,2,,,2,,,
176,80,慶應日吉,山田智子,女子,60～64歳,11,,13,,,4,,,,,7,,,
177,80,慶應日吉,岩本亜弓,女子,60～64歳,13,,14,,,,,6,,3,,,,
178,80,慶應日吉,井手敦子,女子,65～69歳,25,,,,,3,,,4,,,,,1
179,80,慶應日吉,原田由美子,女子,65～69歳,8,,16,,,,,13,,3,,,,
180,80,慶應日吉,森谷登志江,女子,65～69歳,27,,,,3,,,,2,,,,,1
181,80,慶應日吉,榮真須美,女子,65～69歳,4,,19,,,,7,,,,,,,
182,80,慶應日吉,戸倉陽子,女子,70～74歳,9,,14,,,,,,,2,,,,
183,80,慶應日吉,池淵玲子,女子,70～74歳,9,,17,,,,15,,,2,,,,
184,80,慶應日吉,渡部みさを,女子,75～79歳,29,,1,,,,,1,,,2,,,
185,80,慶應日吉,田野倉和子,女子,75～79歳,20,,9,,,,,,,2,2,,,
186,80,慶應日吉,岡本靖子,女子,80～84歳,23,,,,,,6,2,,,2,,,
187,80,慶應日吉,竹原君枝,女子,80～84歳,26,,,2,2,,,,,3,,,,
188,80,慶應日吉,江熊夕人,男子,30～34歳,23,,5,1,,,,,,,,4,,
189,80,慶應日吉,西野正秀,男子,45～49歳,14,,10,,5,,,,,,,4,,
190,80,慶應日吉,青木一晃,男子,45～49歳,19,,,,,4,,,,6,,4,,
191,80,慶應日吉,久保田裕一,男子,50～54歳,10,,,,,,7,10,,6,,,,
192,80,慶應日吉,大塚秀幸,男子,55～59歳,12,,,,12,6,,,,,,4,,
193,80,慶應日吉,穴田啓樹,男子,55～59歳,6,,15,,,,,10,,6,,,,
194,80,慶應日吉,門倉孝行,男子,55～59歳,21,,5,,,1,,,,6,,,,
195,80,慶應日吉,山本勝,男子,60～64歳,18,,18,,,,,6,,2,7,,,
196,80,慶應日吉,岩田寛,男子,65～69歳,35,,3,,,2,,,,2,2,,,
197,80,慶應日吉,長野守,男子,70～74歳,22,,7,6,,,,,,2,7,,,
198,80,慶應日吉,泉保央,男子,75～79歳,20,,7,,,,,4,,,2,,,
199,80,慶應日吉,小田稔,男子,80～84歳,30,,8,,,,,2,,2,2,,,
200,80,慶應日吉,越智義夫,男子,80～84歳,28,,,,,2,,,1,,2,,,
201,80,武蔵小杉,岩城心美,女子,18～24歳,40,,1,,1,,,,,,1,,1,
202,80,武蔵小杉,北川麻美,女子,35～39歳,40,,1,,,,,1,,,1,,1,
203,80,武蔵小杉,海口綾乃,女子,35～39歳,33,,,,,2,,,1,,7,,1,
204,80,武蔵小杉,田中美鈴,女子,35～39歳,36,,4,,,,2,,,,1,,1,
205,80,武蔵小杉,広瀬百合香,女子,50～54歳,24,,,,1,,,,1,,7,,,
206,80,武蔵小杉,栗山貴子,女子,50～54歳,30,,,,,,1,1,,,1,,,
207,80,武蔵小杉,松澤朋樹,男子,25～29歳,37,,3,,,,,,2,,1,,,1
208,80,武蔵小杉,津崎朝輝,男子,25～29歳,33,,,,,5,,4,,,1,,,1
209,80,武蔵小杉,荒井優,男子,30～34歳,30,,1,,,,,,,,1,,,1
210,80,武蔵小杉,袴田舜,男子,30～34歳,38,,,,,,,1,2,,1,,2,
211,80,武蔵小杉,奥平竜司,男子,35～39歳,36,,3,,2,,,,,1,,,2,
212,80,武蔵小杉,榊原雅史,男子,35～39歳,21,,5,6,,,,,,1,,,,
213,80,武蔵小杉,西尾直人,男子,40～44歳,27,,,7,,,,2,,,7,,,1
214,80,武蔵小杉,中村良樹,男子,50～54歳,29,,,,,,,,5,1,7,,2,
215,80,武蔵小杉,岡本篤志,男子,50～54歳,9,,,,,4,,,,9,,,,
216,80,武蔵小杉,落合理,男子,50～54歳,0,,22,,,,,11,,,,,,
217,80,武蔵小杉,藤井清和,男子,50～54歳,14,,,5,5,,,,,9,,,,
218,80,武蔵小杉,山田大介,男子,55～59歳,9,,9,,6,,,,,9,,,,
219,80,武蔵小杉,早川友二,男子,55～59歳,39,,,1,1,,,,,1,,,2,
220,80,武蔵小杉,佐野裕之,男子,60～64歳,2,,17,,,,,,,9,,,,
221,80,武蔵小杉,近江信之,男子,60～64歳,8,,,9,,,,,5,,,,,
222,80,武蔵小杉,上松高造,男子,65～69歳,0,,12,,,,,,,,,,,
223,80,長津田,宍戸萌,女子,30～34歳,37,,1,3,,,,,,,2,,1,
224,80,長津田,久保美由紀,女子,35～39歳,18,,,,1,,,3,,,,,,
225,80,長津田,川北恵,女子,35～39歳,55,,3,1,,,,,,,2,1,1,
226,80,長津田,久保かおり,女子,40～44歳,27,,,,2,3,,,,,,1,,
227,80,長津田,吉村華余,女子,45～49歳,58,,,1,,1,,,,,1,1,1,
228,80,長津田,宮林佑妃,女子,45～49歳,43,,,,,,7,2,,,1,1,1,
229,80,長津田,原磨理,女子,60～64歳,43,,3,,,,3,,,,4,,1,
230,80,長津田,久保とし子,女子,65～69歳,8,,17,10,,,,,,,4,,,
231,80,長津田,竹下翔,男子,30～34歳,25,,8,,,,,4,,4,,,3,
232,80,長津田,矢作歩,男子,40～44歳,54,,,3,,3,,,,,2,,2,1
233,80,長津田,宮本昌雄,男子,50～54歳,12,,17,,,6,,,,,4,,,
234,80,長津田,祖川久茂,男子,50～54歳,47,,,,,,,3,8,,,4,2,1
235,80,長津田,花井一也,男子,50～54歳,55,,5,,,,,5,,4,2,,2,1
236,80,長津田,西野宮冬木,男子,55～59歳,29,,7,3,,,,,,4,1,,,
237,80,長津田,藤本豊和,男子,55～59歳,36,,,,,,,,,,1,4,2,1
238,80,長津田,池谷千尋,男子,60～64歳,38,,,3,,,,2,,4,4,4,,
239,80,長津田,飯沼明,男子,70～74歳,23,,,,3,3,,,,,,4,,
240,80,大宮宮原,櫻井春佳,女子,18～24歳,23,,7,,,,,,,,,,2,1
241,80,大宮宮原,池田志保,女子,25～29歳,34,,2,4,,,,,,,2,,2,
242,80,大宮宮原,西田三佐子,女子,55～59歳,26,,2,,,,,4,,,,,,1
243,80,大宮宮原,雨宮裕子,女子,55～59歳,0,,16,,,,13,,,,,,,
244,80,大宮宮原,坂井慶子,女子,60～64歳,26,,,8,,,,7,,,,,2,1
245,80,大宮宮原,若林朋子,女子,60～64歳,48,,,,,1,,,1,,2,,2,1
246,80,大宮宮原,今橋蒼太郎,男子,18～24歳,40,,3,,,4,,,,3,,3,2,
247,80,大宮宮原,増田喬行,男子,35～39歳,40,,,,,4,3,,,3,,3,2,
248,80,大宮宮原,皆川雅登,男子,50～54歳,49,,,,3,,,,4,3,,3,3,1
249,80,大宮宮原,髙本直彰,男子,50～54歳,21,,,,,,6,,,3,,3,,
250,80,大宮宮原,宮川則仁,男子,55～59歳,65,,,,4,,6,,,2,2,3,3,1
251,80,大宮宮原,清田真人,男子,55～59歳,40,,6,2,,,,,,2,2,3,,
252,80,大宮宮原,宇田川祐一,男子,60～64歳,22,,6,,,,,,,2,,3,,
253,80,大宮宮原,松田賢治,男子,65～69歳,33,,6,,,,,1,,,,,3,1
254,80,大宮宮原,遠藤隆昭,男子,65～69歳,52,,,,,,3,,,2,,3,3,1
255,80,大宮宮原,幡場達明,男子,70～74歳,8,,9,,,,,5,,,,,,
256,80,大宮宮原,森下善夫,男子,70～74歳,5,,,11,6,,,,,,,,,
257,80,大宮宮原,白井清嗣,男子,75～79歳,17,,,,3,,,,2,,,,,
258,80,天王洲,後藤元美,女子,35～39歳,17,,6,,,,,,,,,5,5,
259,80,天王洲,中辻澄美,女子,40～44歳,21,,7,,,,,6,,,,5,5,
260,80,天王洲,四井美穂,女子,45～49歳,27,,,5,2,,,,,,,5,5,
261,80,天王洲,鈴木由佳里,女子,50～54歳,18,,,,,,5,,,,,5,5,
262,80,天王洲,森内裕子,女子,60～64歳,16,,,10,4,,,,,,,3,,
263,80,天王洲,大西和子,女子,65～69歳,4,,,,7,,,,,,,,,
264,80,天王洲,櫻田琴,女子,65～69歳,25,,,,,,5,10,,1,,3,,
265,80,天王洲,梅田栄己子,女子,70～74歳,29,,3,,,,8,,,1,,3,,
266,80,天王洲,長谷川節子,女子,70～74歳,18,,16,,,,16,,,1,,3,,
267,80,天王洲,平田美佐子,女子,85～89歳,26,,3,,,,3,,,1,,,,
268,80,天王洲,加間英貴,男子,25～29歳,40,,,,,,,6,,2,,2,3,2
269,80,天王洲,木渕大輝,男子,25～29歳,48,,5,,,4,,,,2,,2,3,2
270,80,天王洲,小野健,男子,30～34歳,53,,,,1,,,,3,2,,2,3,2
271,80,天王洲,寺田遼太,男子,35～39歳,39,,8,10,,,,,,2,,2,3,2
272,80,天王洲,倉持公一,男子,45～49歳,42,,3,3,,,,,,10,,2,3,3
273,80,天王洲,宅間健介,男子,45～49歳,30,,5,,,3,,,,,,,3,3
274,80,天王洲,千葉忠英,男子,50～54歳,30,,16,,,,,6,,,,2,3,3
275,80,天王洲,久保卓士,男子,55～59歳,33,,2,,,,,4,,10,,,3,3
276,80,天王洲,佐藤流生,男子,55～59歳,10,,,11,13,,,,,10,,2,,
277,80,天王洲,古高正道,男子,55～59歳,9,,,,,5,,8,,,,,,
278,80,天王洲,日暮正明,男子,55～59歳,12,,,9,,,,12,,10,,2,,
279,80,用賀,大家萌実,女子,40～44歳,25,,,,,2,,3,,,3,,,
280,80,用賀,引本亜紀子,女子,50～54歳,6,,10,,,,,6,,,,,,
281,80,用賀,冨樫真樹子,女子,55～59歳,9,,11,10,,,,,,,,,3,
282,80,用賀,捶井泰子,女子,55～59歳,9,,,6,,,7,,,,,,,
283,80,用賀,西岡祐子,女子,55～59歳,12,,7,,,,,,,,,,3,
284,80,用賀,横尾しずか,女子,60～64歳,17,,2,,,,,,,,3,,,
285,80,用賀,崎山治子,女子,75～79歳,16,,5,,,,,,,1,,,,
286,80,用賀,佐藤由利子,女子,80～84歳,28,,,,1,,,3,,1,,,,
287,80,用賀,内田良子,女子,80～84歳,28,,,1,3,,,,,1,,,,
288,80,用賀,舘野圭子,女子,80～84歳,23,,,5,,,4,,,1,,,,
289,80,用賀,亀井智貴,男子,25～29歳,7,,11,,,,,,,4,,,,
290,80,用賀,室坂拓真,男子,25～29歳,36,,6,,,,4,,,,3,,3,
291,80,用賀,浅岡遼,男子,40～44歳,20,,,6,4,,,,,,,,3,
292,80,用賀,鈴木謙太朗,男子,40～44歳,43,,,1,,1,,,,4,3,,3,
293,80,用賀,佐藤正章,男子,55～59歳,10,,18,,,,,,,,,,1,
294,80,用賀,柄澤英也,男子,55～59歳,33,,,,,2,2,,,4,,,3,
295,80,用賀,飯田正敏,男子,55～59歳,25,,,,,,,,3,4,,,1,
296,80,用賀,古木隆介,男子,60～64歳,37,,,,2,,,,1,,,,1,
297,80,用賀,吉峯幸郎,男子,60～64歳,4,,14,7,,,,,,,,,,
298,80,用賀,市野一滋,男子,60～64歳,0,,15,,,,,,,,,,,
299,80,用賀,和田浩一,男子,65～69歳,29,,,2,1,,,,,,,,1,
300,80,清瀬,梶井美杏,女子,18～24歳,33,,2,1,,,,,,,4,,4,
301,80,清瀬,大黒明日香,女子,45～49歳,32,,2,,,2,,,,,4,,4,
302,80,清瀬,大橋ほづ美,女子,50～54歳,23,,,,,,2,4,,,,,4,
303,80,清瀬,レントフェルト慶子,女子,55～59歳,10,,9,,,,9,,,5,,,,
304,80,清瀬,古平正美,女子,55～59歳,6,,23,,,,15,,,5,,,,
305,80,清瀬,小倉直美,女子,55～59歳,26,,4,2,,,,,,,,,1,
306,80,清瀬,佐藤美絵子,女子,60～64歳,20,,9,,,,,3,,,,,1,
307,80,清瀬,大槻真由美,女子,60～64歳,20,,7,5,,,,,,,,,1,
308,80,清瀬,大芦薫,女子,60～64歳,0,,26,,,,,,,,,,,
309,80,清瀬,小笠原暁子,女子,60～64歳,10,,,,,,7,,,5,,,,
310,80,清瀬,田中貴子,女子,60～64歳,28,,,,,,2,,2,,,,1,
311,80,清瀬,新井裕子,女子,65～69歳,6,,11,,,,,,,5,,,,
312,80,清瀬,田村明美,女子,65～69歳,16,,,,,,,2,,,,,4,
313,80,清瀬,馬場悦子,女子,75～79歳,14,,,4,4,,,,,,,,,
314,80,清瀬,浅井春人,男子,18～24歳,16,,,6,,,,5,,,,,6,
315,80,清瀬,西沢歩,男子,18～24歳,17,,6,,,,,4,,,,,6,
316,80,清瀬,今里昂哉,男子,30～34歳,30,,,,,,,3,1,,4,,6,
317,80,清瀬,櫻井直仁,男子,45～49歳,5,,,,6,,,,,,,,,
318,80,清瀬,渡誠,男子,50～54歳,4,,,,8,,,,10,,,,,
319,80,清瀬,大木義之,男子,55～59歳,9,,,8,,,,,5,,,,,
320,80,清瀬,小倉秀和,男子,55～59歳,32,,,,,,1,,1,,4,,6,
321,80,清瀬,松本考弘,男子,55～59歳,4,,17,,,,7,,,,,,,
322,80,清瀬,半澤繁,男子,60～64歳,0,,22,11,,,,,,,,,,
323,80,松戸,柳美希,女子,35～39歳,32,,5,,,3,,,,2,,,2,
324,80,松戸,高橋圭,女子,50～54歳,16,,,,,,,,3,,,,3,
325,80,松戸,八尋加苗,女子,55～59歳,29,,,,,,2,8,,2,,,3,
326,80,松戸,及川薫,女子,55～59歳,22,,,,,,6,,,2,,,3,
327,80,松戸,吉野ひとみ,女子,60～64歳,4,,,,,,9,9,,,,,,
328,80,松戸,高橋久美,女子,60～64歳,21,,10,,,,,8,,2,,,3,
329,80,松戸,佐々木和恵,女子,65～69歳,16,,9,,,,,6,,,,,2,
330,80,松戸,森本美恵,女子,70～74歳,27,,,,2,,2,,,,,,2,
331,80,松戸,池田則子,女子,70～74歳,10,,15,,,,,,,,,,1,
332,80,松戸,相澤史子,女子,70～74歳,22,,,2,,,7,,,,,,2,
333,80,松戸,福島孝江,女子,75～79歳,14,,,,,,13,7,,,,,1,
334,80,松戸,八田清子,女子,80～84歳,22,,3,,,,7,,,,,,1,
335,80,松戸,川口栄子,女子,80～84歳,19,,1,,,,2,,,,,,,
336,80,松戸,須山順子,女子,90～94歳,30,,1,,,,1,,,,,,1,
337,80,松戸,内藤謙一,男子,70～74歳,7,,15,,,,,4,,,,,,
338,80,松戸,大久保美伸,男子,70～74歳,4,,19,,,,,7,,,,,,
339,80,松戸,柿崎博幸,男子,75～79歳,14,,5,,,,,3,,,,,,
340,80,松戸,内田幸稔,男子,80～84歳,16,,,,,3,,3,,,,,,
341,80,大森,古賀量子,女子,30～34歳,17,,5,4,,,,,,,7,,,
342,80,大森,小林佳織,女子,35～39歳,25,,,2,,,1,,,,5,,,
343,80,大森,大竹昌子,女子,45～49歳,13,,,,,,4,,,,5,,,
344,80,大森,髙島典子,女子,45～49歳,14,,6,,6,,,,,,7,,,
345,80,大森,池田直子,女子,55～59歳,5,,10,,,,,7,,,,,,
346,80,大森,佐々木政子,女子,60～64歳,0,,24,16,,,,,,,,,,
347,80,大森,桐沢ひとみ,女子,65～69歳,4,,14,7,,,,,,,,,,
348,80,大森,立石由美子,女子,65～69歳,17,,3,,,2,,,,,,,,
349,80,大森,室谷晴江,女子,75～79歳,24,,,,,,3,5,,,,,1,
350,80,大森,市野克子,女子,75～79歳,18,,3,,,,1,,,,,,,
351,80,大森,藤井一恵,女子,75～79歳,25,,,,2,,5,,,,,,1,
352,80,大森,海老原健太,男子,30～34歳,14,,9,,,,,5,,,5,,,
353,80,大森,荻谷洋平,男子,30～34歳,9,,6,,,,,,,,7,,,
354,80,大森,渡部慎也,男子,35～39歳,8,,9,9,,,,,,,7,,,
355,80,大森,小林弘典,男子,40～44歳,14,,4,,,4,,,,,,,,
356,80,大森,宇佐美学,男子,45～49歳,8,,9,,,,,5,,,,,,
357,80,大森,秋山朝紀,男子,45～49歳,25,,1,2,,,,,,,5,,,
358,80,大森,町田克浩,男子,55～59歳,26,,,,,,4,,2,,,,1,
359,80,大森,瀧川一興,男子,70～74歳,27,,4,,,1,,,,,,,1,
360,80,八王子,下平紗和,女子,18～24歳,33,,,,2,,,3,,,3,,3,
361,80,八王子,松井優依,女子,18～24歳,23,,5,,,2,,,,,3,,,
362,80,八王子,蒲池美咲,女子,18～24歳,21,,,,,5,,4,,,,,3,
363,80,八王子,山本庸子,女子,60～64歳,8,,10,,,,,4,,,,,,
364,80,八王子,小笠原三春,女子,70～74歳,10,,9,,,,,3,,,,,,
365,80,八王子,長谷部征子,女子,80～84歳,20,,,,,,,1,1,,,,,
366,80,八王子,小俣太一,男子,18～24歳,25,,,,,,2,,,,3,,3,
367,80,八王子,木村隼人,男子,18～24歳,33,,,,,,,3,2,,3,,3,
368,80,八王子,伊藤孝優,男子,35～39歳,4,,,7,,,,,,,,,,
369,80,八王子,吉澤宏紀,男子,35～39歳,11,,,8,,,,,3,,,,,
370,80,八王子,溝口泰平,男子,40～44歳,27,,,,3,,,,5,5,,,4,
371,80,八王子,鈴木直哉,男子,45～49歳,13,,12,,,5,,,,,,,4,
372,80,八王子,添田邦彦,男子,50～54歳,16,,8,,,,,,,5,,,4,
373,80,八王子,興野巧磨,男子,50～54歳,14,,15,,,3,,,,5,,,,
374,80,八王子,阿部敬,男子,50～54歳,9,,,,,,,8,,5,,,,
375,80,八王子,高田義久,男子,60～64歳,23,,,,,,,3,3,,,,4,
376,80,成瀬,青山里香,女子,45～49歳,37,,,,1,,1,,,,,1,4,
377,80,成瀬,兵頭和子,女子,50～54歳,18,,4,,,,,9,,,9,,4,
378,80,成瀬,篠倉有美,女子,50～54歳,19,,9,,,,,,,,,1,4,
379,80,成瀬,久松葉子,女子,65～69歳,21,,,5,5,,,,,,9,,4,
380,80,成瀬,松田則子,女子,65～69歳,0,,20,,,,,15,,,,,,
381,80,成瀬,米澤美智子,女子,65～69歳,30,,6,,,,,4,,,,1,3,
382,80,成瀬,光畑千栄子,女子,70～74歳,12,,5,,,,5,,,,,,,
383,80,成瀬,中平信子,女子,75～79歳,38,,,1,1,,,,,,,1,3,
384,80,成瀬,石井将太,男子,40～44歳,26,,2,,2,,,,,,9,,5,
385,80,成瀬,高橋潤,男子,60～64歳,14,,16,,,,,5,,,9,,5,
386,80,成瀬,柏木治久,男子,70～74歳,31,,,3,2,,,,,,,,5,
387,80,成瀬,服部陽一,男子,75～79歳,32,,,2,,,,2,,,,,5,
388,80,南千住,吉田のばら,女子,30～34歳,50,,2,,,,2,,,3,5,,2,
389,80,南千住,真如美優,女子,30～34歳,43,,,,,1,,,,,5,2,2,
390,80,南千住,町田麻里,女子,45～49歳,9,,9,,,,,,,4,,,,
391,80,南千住,杉本浩美,女子,50～54歳,35,,1,3,,,,,,3,,,2,
392,80,南千住,田原文月,女子,50～54歳,15,,11,,,,,5,,,,,2,
393,80,南千住,兼子敬子,女子,55～59歳,0,,13,,,,14,,,,,,,
394,80,南千住,星野典子,女子,60～64歳,7,,,11,,,,12,,4,,,,
395,80,南千住,下川喜美枝,女子,65～69歳,36,,,8,,5,,,,3,,2,1,
396,80,南千住,古宇田淳子,女子,65～69歳,21,,,6,,,,,,4,,2,,
397,80,南千住,花形一実,女子,65～69歳,0,,,,,,,14,,,,,,
398,80,南千住,于亜芝,女子,70～74歳,23,,,5,,,17,,,4,,,1,
399,80,南千住,石崎節代,女子,70～74歳,45,,,3,,,1,,,3,,2,1,
400,80,南千住,原田早苗,女子,75～79歳,12,,,,,,10,10,,,,,1,
401,80,南千住,松井哲郎,男子,40～44歳,15,,,,,,,,,,5,,2,
402,80,南千住,今井裕介,男子,45～49歳,31,,,5,,,,1,,,5,,2,
403,80,南千住,飯田辰徳,男子,50～54歳,11,,,,,,2,,9,,,,,
404,80,南千住,槙田誠,男子,65～69歳,4,,,,,,7,,,,,,,
405,80,南千住,丸野公敏,男子,85～89歳,8,,3,,,,,,,,,,,
406,80,上池袋,津田かおり,女子,35～39歳,16,,,3,,,3,,,,,,,
407,80,上池袋,貞廣瑠美子,女子,45～49歳,6,,,,,,5,,,,12,,,
408,80,上池袋,山口仁子,女子,55～59歳,17,,,,3,,,,2,,,,,
409,80,上池袋,磯村麻衣子,女子,55～59歳,9,,8,,,,,5,,,12,,,
410,80,上池袋,黒川慶子,女子,60～64歳,0,,22,,,,,13,,,,,,
411,80,上池袋,古旗美鈴,女子,80～84歳,20,,,,,1,1,,,,,,,
412,80,上池袋,小山亜納,男子,18～24歳,28,,1,2,,,,,,2,,,,
413,80,上池袋,川島由伸,男子,25～29歳,29,,1,,,1,,,,2,,,,
414,80,上池袋,大野淳哉,男子,30～34歳,9,,7,,,,,6,,,,,,
415,80,上池袋,柏木武,男子,45～49歳,0,,13,,,,,,,,12,,,
416,80,上池袋,木村秀光,男子,55～59歳,17,,10,4,,,,,,2,,,,
417,80,上池袋,廣本佳也,男子,60～64歳,13,,8,,,1,,,,,12,,,
418,80,上池袋,近藤正之,男子,60～64歳,14,,12,6,,,,,,2,,,,
419,80,越谷,山田未紗子,女子,40～44歳,17,,,,,,,4,1,,,,,
420,80,越谷,小川史枝,女子,50～54歳,0,,,,,,,12,,,,,,
421,80,越谷,細沼悦子,女子,50～54歳,9,,,7,6,,,,,,,,,
422,80,越谷,磯村由紀子,女子,60～64歳,10,,,,,,,1,,,,,,
423,80,越谷,中村和子,女子,70～74歳,10,,,,,1,,,,,,,,
424,80,越谷,木村恵子,女子,70～74歳,17,,,,,4,,,1,,,,,
425,80,越谷,岡本修,男子,40～44歳,20,,,,1,,1,,,,,,,
426,80,越谷,山村稔,男子,50～54歳,7,,,6,9,,,,,,,,,
427,80,越谷,松林徹,男子,50～54歳,0,,21,,,,,12,,,,,,
428,80,越谷,花輪博之,男子,50～54歳,4,,11,,,,,7,,,,,,
429,80,越谷,横山恵一,男子,60～64歳,10,,,8,,,,,4,,,,,
430,80,越谷,安髙祐三,男子,70～74歳,16,,,,,,4,2,,,,,,
431,80,越谷,今修二,男子,80～84歳,20,,1,,,,,1,,,,,,
432,80,越谷,椎野正敏,男子,90～94歳,10,,1,,,,,,,,,,,
433,80,西新井,篠原萌,女子,30～34歳,27,,,,2,,3,,,,11,,7,
434,80,西新井,渡辺真衣,女子,35～39歳,24,,,4,,,,4,,,11,,7,
435,80,西新井,小林恵,女子,45～49歳,18,,4,4,,,,,,,,,7,
436,80,西新井,須釜映子,女子,50～54歳,3,,14,,,,,8,,,,,,
437,80,西新井,山崎裕子,女子,55～59歳,0,,24,,,,,,,,,,,
438,80,西新井,榎本恵子,女子,60～64歳,11,,8,,,,,,3,,,,,
439,80,西新井,渡辺美恵子,女子,65～69歳,0,,22,,,,,,,,,,,
440,80,西新井,水谷裕子,女子,75～79歳,20,,,,,,4,,2,,,,7,
441,80,西新井,石井聖也,男子,18～24歳,20,,4,,,,,,1,8,,,,
442,80,西新井,張旺今,男子,25～29歳,18,,,,1,,,,3,,,,,
443,80,西新井,小西始,男子,40～44歳,26,,,,,,,3,2,8,,,5,
444,80,西新井,丸山恵太,男子,60～64歳,3,,13,,,,,,,8,11,,,
445,80,西新井,松下達一,男子,70～74歳,4,,16,10,,,,,,8,11,,,
446,80,西新井,荒川秀一,男子,75～79歳,14,,,,,,,,3,,,,5,
447,80,我孫子,池田美来,女子,18～24歳,18,,8,,,,3,,,,10,,5,
448,80,我孫子,角南美貴,女子,55～59歳,13,,,,,,11,6,,,9,,5,
449,80,我孫子,日置睦,女子,60～64歳,7,,,13,,,14,,,,10,,5,
450,80,我孫子,譲原恵子,女子,70～74歳,23,,,4,,3,,,,,9,,5,
451,80,我孫子,宇田川礼子,女子,75～79歳,18,,,2,,2,,,,,,,,
452,80,我孫子,安部澄子,女子,75～79歳,3,,,8,,,,11,,,,,,
453,80,我孫子,小野洋子,女子,80～84歳,11,,4,,,,,7,,,,,,
454,80,我孫子,小川煌太,男子,18～24歳,4,,9,,,,,,,,9,,,
455,80,我孫子,結城智弘,男子,18～24歳,22,,,,5,,1,,,,10,,6,
456,80,我孫子,江沢純也,男子,35～39歳,12,,6,,,,,,,,9,,6,
457,80,我孫子,半澤裕一,男子,60～64歳,14,,,,,,2,,,,,,6,
458,80,我孫子,山梨英克,男子,65～69歳,10,,8,,,,,4,,,,,,
459,80,我孫子,鈴木幹男,男子,70～74歳,24,,2,,,,1,,,,,,6,
460,80,我孫子,益子正人,男子,80～84歳,10,,2,,,,,,,,10,,,
461,80,流山,久保洋子,女子,50～54歳,4,,15,,,,7,,,,,,,
462,80,流山,横田香波,女子,55～59歳,0,,19,,,,,,,,,,,
463,80,流山,三木純子,女子,60～64歳,0,,,15,,,13,,,,,,,
464,80,流山,菊池佐千代,女子,60～64歳,0,,28,,,,12,,,,,,,
465,80,流山,小笠原京子,女子,70～74歳,9,,10,,,,3,,,,,,,
466,80,流山,新井瑞枝,女子,70～74歳,9,,,,,,11,2,,,,,,
467,80,流山,久保美紀枝,女子,80～84歳,14,,,4,,,,4,,,,,,
468,80,流山,山口英子,女子,80～84歳,2,,,,,,9,,,,,,,
469,80,流山,栗原羊子,女子,80～84歳,9,,,,,,8,5,,,,,,
470,80,流山,浜野操子,女子,80～84歳,11,,,,,,5,6,,,,,,
471,80,流山,桐山泰拓,男子,45～49歳,5,,11,,,,,6,,,,,,
472,80,流山,佐々木茂倫,男子,50～54歳,9,,6,,7,,,,,,,,,
473,80,流山,田中基幹,男子,60～64歳,12,,7,,,,3,,,,,,,
474,80,流山,松下尚之,男子,65～69歳,10,,10,,,,,2,,,,,,
475,80,流山,大倉健志,男子,75～79歳,18,,3,1,,,,,,,,,,
476,80,流山,中村欣正,男子,85～89歳,20,,1,,,,1,,,,,,,
477,80,ときわ台,石井裕美,女子,65～69歳,20,,,,1,,,,1,,,,,
478,80,ときわ台,松木真知子,女子,75～79歳,17,,,,,,,2,3,,,,,
479,80,ときわ台,小島駿紀,男子,25～29歳,34,,,,,2,1,,,,,2,5,
480,80,ときわ台,酒井智彬,男子,35～39歳,18,,,,,,2,,,,,2,,
481,80,ときわ台,坂善和,男子,50～54歳,19,,,,,2,1,,,,,,,
482,80,ときわ台,平田博之,男子,50～54歳,18,,,,6,,,,7,,,2,,
483,80,ときわ台,向山高弘,男子,55～59歳,8,,20,,,,,9,,,,,5,
484,80,ときわ台,萩中希予史,男子,55～59歳,30,,,,5,,,2,,,,2,5,
485,80,ときわ台,仲二見実,男子,70～74歳,11,,18,,,,,6,,,,,5,
486,80,桶川北本,村岡礼奈,女子,25～29歳,26,,6,6,,,,,,3,,,3,
487,80,桶川北本,加藤涼子,女子,45～49歳,17,,,,,,8,5,,3,,,,
488,80,桶川北本,村岡貴子,女子,50～54歳,5,,,,,,6,11,,,,,,
489,80,桶川北本,鈴木和佳奈,女子,55～59歳,44,,,,,,1,1,,3,3,,3,
490,80,桶川北本,山本登美子,女子,60～64歳,17,,15,9,,,,,,3,,,4,
491,80,桶川北本,山中恵子,女子,65～69歳,29,,,,,,3,5,,,3,,4,
492,80,桶川北本,池長幸子,女子,65～69歳,8,,21,,,,,16,,3,,,,
493,80,桶川北本,須田菜奈子,女子,65～69歳,11,,15,,,,8,,,3,,,,
494,80,桶川北本,小高和子,女子,70～74歳,12,,18,,,,,7,,3,,,,
495,80,桶川北本,岡田啓子,女子,75～79歳,13,,6,,,,12,,,3,,,,
496,80,桶川北本,村岡孝義,男子,25～29歳,18,,9,,,,3,,,,,,3,
497,80,桶川北本,吉川重行,男子,35～39歳,22,,,4,,,,4,,,,,3,
498,80,桶川北本,三﨑淳二,男子,50～54歳,17,,20,9,,,,,,,3,,4,
499,80,桶川北本,鈴木浩樹,男子,50～54歳,0,,23,,,,,,,,,,,
500,80,桶川北本,佐藤信弘,男子,65～69歳,16,,11,10,,,,,,,3,,4,
501,80,横浜,山口さな,女子,18～24歳,10,,,,,,,1,,,,,,
502,80,横浜,佐藤桂子,女子,50～54歳,9,,7,,,,,,6,,,,,
503,80,横浜,櫻井翠,女子,50～54歳,16,,2,,,,4,,,,,,,
504,80,横浜,大野結実,女子,55～59歳,8,,6,,,,8,,,,,,,
505,80,横浜,山﨑京子,女子,65～69歳,17,,,2,4,,,,,,10,,,
506,80,横浜,毛利ゆかり,女子,65～69歳,13,,,,,,4,,6,,10,,,
507,80,横浜,加藤直子,女子,85～89歳,14,,4,,,,4,,,,,,,
508,80,横浜,藤井龍生,男子,18～24歳,11,,7,5,,,,,,,10,,,
509,80,横浜,二宮博,男子,60～64歳,6,,,10,,,,,7,,10,,,
510,80,横浜,仲宇佐隆一,男子,65～69歳,7,,9,6,,,,,,,,,,
511,80,横浜,伊藤伸彦,男子,65～69歳,13,,,,,3,6,,,,,,,
512,80,横浜,若月優,男子,70～74歳,12,,6,4,,,,,,,,,,
513,80,南青山,皆川すみれ,女子,18～24歳,12,,9,,,4,,,,,8,,,
514,80,南青山,國政玲,女子,35～39歳,11,,7,,,,4,,,,13,,,
515,80,南青山,北原暁美,女子,50～54歳,1,,13,,,,,10,,,13,,,
516,80,南青山,芳賀加代子,女子,50～54歳,15,,5,5,,,,,,,8,,,
517,80,南青山,山崎美南子,女子,70～74歳,0,,12,,,,,,,,,,,
518,80,南青山,平山啓子,女子,70～74歳,7,,,,,,4,,,,,,,
519,80,南青山,松尾勇太,男子,25～29歳,7,,4,,,,,,,,,,,
520,80,南青山,中嶋智史,男子,45～49歳,4,,7,,,,,,,,13,,,
521,80,南青山,安藤靖,男子,60～64歳,0,,21,,,,,,,,13,,,
522,80,南青山,山賀勝之,男子,60～64歳,28,,3,2,,,,,,3,8,,,
523,80,南青山,横浜健,男子,65～69歳,7,,7,,,,,,,,8,,,
524,80,南青山,沼田真清,男子,65～69歳,18,,1,,,,,,,3,,,,
525,80,南青山,岸田孝,男子,70～74歳,11,,10,9,,,,,,3,,,,
526,80,南青山,神保伸幸,男子,75～79歳,15,,,,,,4,,,3,,,,
527,80,茂原,岡澤志織,女子,25～29歳,15,,,,,1,,,,,6,,,
528,80,茂原,岡澤美咲,女子,30～34歳,12,,4,,,,,,,,6,,,
529,80,茂原,下山雅子,女子,45～49歳,2,,13,,,,9,,,,,,,
530,80,茂原,鈴木喜代子,女子,55～59歳,0,,22,,,,,,,,,,,
531,80,茂原,神戸優悠希,男子,30～34歳,22,,2,,,3,,,,11,6,,,
532,80,茂原,内山翔平,男子,35～39歳,0,,12,,,,,,,11,,,,
533,80,茂原,齊藤仁,男子,45～49歳,13,,,7,,,,,2,,,,,
534,80,茂原,山本和巳,男子,65～69歳,19,,,4,4,,,,,11,6,,,
535,80,茂原,梅村潔,男子,70～74歳,8,,11,,,,3,,,,,,,
536,80,茂原,丸喜章,男子,75～79歳,16,,4,,,,2,,,11,,,,
537,80,ザバス八景,真栄田こずえ,女子,40～44歳,12,,4,,,,,,,,6,,,
538,80,ザバス八景,鶴岡美佐,女子,55～59歳,21,,3,,,,,3,,,6,,,
539,80,ザバス八景,座間千鶴子,女子,60～64歳,6,,17,,,,5,,,,,,,
540,80,ザバス八景,安齊大和,男子,18～24歳,22,,,4,,3,,,,,,,4,
541,80,ザバス八景,澤田聡志,男子,45～49歳,16,,2,,,,,,,,,,4,
542,80,ザバス八景,久保田信利,男子,55～59歳,17,,16,,,,,6,,,6,,4,
543,80,ザバス八景,兼森伸兒,男子,60～64歳,31,,,,,,,1,2,,6,,4,
544,80,トレッサ,新後海優,女子,25～29歳,18,,,3,1,,,,,,,,,
545,80,トレッサ,山本拓武,男子,18～24歳,20,,,1,1,,,,,,,,,
546,80,トレッサ,板垣義人,男子,35～39歳,20,,1,1,,,,,,,,,,
547,80,トレッサ,二宮淳,男子,60～64歳,13,,,5,4,,,,,,,,,
548,80,谷津,岡田星理,女子,18～24歳,17,,3,,,,,2,,,,,,
549,80,谷津,堀内浩子,女子,55～59歳,0,,18,,,,,,,,,,,
550,80,谷津,澤野由希子,女子,55～59歳,0,,21,,,,,,,,,,,
551,80,谷津,亀川純子,女子,60～64歳,0,,27,,,,,,,,,,,
552,80,谷津,半田陽子,女子,65～69歳,0,,23,,,,,,,,,,,
553,80,谷津,小島律子,女子,75～79歳,7,,,6,,,,9,,,,,,
554,80,谷津,若林多恵子,女子,75～79歳,13,,4,5,,,,,,,,,,
555,80,谷津,石川和樹,男子,30～34歳,20,,,,,1,1,,,,,,,
556,80,谷津,温井芳浩,男子,55～59歳,7,,,,11,4,,,,,,,,
557,80,谷津,猪野周九,男子,55～59歳,4,,,7,,,,11,,,,,,
558,80,柏,中村結海,女子,18～24歳,0,,12,,,,,,,,,,,
559,80,柏,天野佐希子,女子,18～24歳,0,,11,,,,,,,,,,,
560,80,柏,ニューボールード菜月,女子,25～29歳,9,,,2,,,,,,,,,,
561,80,柏,畠山眞由美,女子,70～74歳,5,,,,,,14,6,,,,,,
562,80,柏,濱﨑悠生,男子,18～24歳,21,,2,,,,,,,3,,,7,
563,80,柏,川口皓生,男子,25～29歳,12,,,,,,,,,3,,,7,
564,80,柏,長田裕史,男子,35～39歳,28,,,,4,,,,2,3,,,7,
565,80,柏,磯貝知弘,男子,50～54歳,18,,10,,,,,,6,3,,,7,
566,80,柏,小島淳,男子,65～69歳,16,,,5,,,,,1,,,,,
567,80,袖ケ浦,大和久佳江,女子,30～34歳,28,,,2,1,,,,,2,,,,
568,80,袖ケ浦,豊島葉子,女子,30～34歳,28,,,1,,,,,2,2,,,,
569,80,袖ケ浦,渡邉茜,女子,35～39歳,2,,9,,,,,,,,,,,
570,80,袖ケ浦,遠藤真理,女子,45～49歳,9,,,,,,,,,2,,,,
571,80,袖ケ浦,豊島由里子,女子,60～64歳,9,,23,,,,,,,2,,,,
572,80,袖ケ浦,松本光太郎,男子,40～44歳,11,,6,5,,,,,,,,,,
573,80,袖ケ浦,加藤寿起,男子,55～59歳,5,,13,6,,,,,,,,,,
574,80,志木,赤坂恵美子,女子,45～49歳,9,,12,,,,,,2,,,,,
575,80,志木,瀧下節子,女子,70～74歳,14,,7,,,,,1,,,,,,
576,80,志木,西村咲喜子,女子,80～84歳,0,,,,,,11,,,,,,,
577,80,志木,金子智哉,男子,25～29歳,13,,8,1,,,,,,,,,,
578,80,志木,岩本和也,男子,35～39歳,18,,,3,1,,,,,,,,,
579,80,志木,橋本政明,男子,70～74歳,9,,8,,5,,,,,,,,,
580,80,館山,佐藤明美,女子,60～64歳,13,,5,,,,4,,,,,,,
581,80,館山,友野敬子,女子,70～74歳,0,,,,,,18,,,,,,,
582,80,館山,吉田あけみ,女子,70～74歳,0,,13,,,,13,,,,,,,
583,80,館山,田中節子,女子,75～79歳,14,,,,,,2,6,,,,,,
584,80,館山,三浦実恵子,女子,85～89歳,10,,,,,,1,,,,,,,
585,80,館山,安藤次郎,男子,75～79歳,20,,,,1,1,,,,,,,,
586,80,稲毛海岸,福原美奈,女子,60～64歳,14,,,6,2,,,,,,,,,
587,80,稲毛海岸,舛尾妃呂子,女子,70～74歳,19,,2,1,,,,,,,,,,
588,80,稲毛海岸,周防和彦,男子,50～54歳,16,,,,4,,,,2,,,,,
589,80,稲毛海岸,本間丈博,男子,55～59歳,7,,,5,10,,,,,,,,,
590,80,G-SPA,坂本桃枝,女子,45～49歳,17,,3,,,,2,,,,,,,
591,80,G-SPA,吉川千晶,女子,65～69歳,19,,2,,,,1,,,,,,,
592,80,G-SPA,福田剛紀,男子,60～64歳,5,,,,,,,,6,,,,,
593,80,G-SPA,中村雄一,男子,70～74歳,0,,13,,,,,,,,,,,
594,80,G-SPA,若山聖亮,男子,70～74歳,8,,17,,,,,3,,,,,,
595,80,G-SPA,保谷由夫,男子,80～84歳,5,,6,,,,,,,,,,,
596,80,東戸塚,宮本弓子,女子,55～59歳,0,,12,,,,,,,,,,,
597,80,東戸塚,武部友美子,女子,55～59歳,13,,,4,,,5,,,,,,,
598,80,東戸塚,亀田一麿,男子,70～74歳,19,,1,2,,,,,,,,,,
599,80,東戸塚,井口穣,男子,80～84歳,16,,4,,,,2,,,,,,,
600,80,市川,白井凜,女子,18～24歳,17,,,,,3,2,,,,,,,
601,80,市川,甫坂修男,男子,50～54歳,14,,7,,,1,,,,,,,,
602,80,市川,福田義晴,男子,55～59歳,0,,23,,,,,14,,,,,,
603,80,市川,谷垣和俊,男子,55～59歳,0,,24,,,,,,,,,,,
604,80,市川,石川守也,男子,80～84歳,16,,3,,,,3,,,,,,,
605,80,八千代台,郡司米子,女子,75～79歳,16,,,3,3,,,,,,,,,
606,80,八千代台,荒井正明,男子,55～59歳,11,,,,8,,3,,,,,,,
607,80,八千代台,藤田善久,男子,75～79歳,18,,2,,2,,,,,,,,,
608,80,能見台,津田千鶴,女子,55～59歳,10,,,9,,3,,,,,,,,
609,80,能見台,伊藤みどり,女子,60～64歳,15,,3,4,,,,,,,,,,
610,80,能見台,北村勇,男子,55～59歳,4,,21,,,,,7,,,,,,
611,80,能見台,阿部賢裕,男子,55～59歳,16,,3,,,,,3,,,,,,
612,80,南宇都宮,木村美佐子,女子,50～54歳,18,,,2,2,,,,,,,,,
613,80,南宇都宮,高松早智子,女子,65～69歳,16,,,3,,,,,3,,,,,
614,80,南宇都宮,二宮次郎,男子,65～69歳,10,,,7,5,,,,,,,,,
615,80,福生,有路さくら,女子,50～54歳,4,,12,,,,,7,,,,,,
616,80,福生,西井良子,女子,60～64歳,20,,,1,,,1,,,,,,,
617,80,福生,宮原美穂,女子,65～69歳,0,,18,11,,,,,,,,,,
618,80,福生,木村りょう子,女子,65～69歳,10,,,,,1,,,,,,,,
619,80,福生,青木正昭,男子,55～59歳,2,,19,,,,9,,,,,,,
620,80,青砥,清水芙由美,女子,40～44歳,11,,3,,,,,,,,8,,,
621,80,青砥,田中香苗,女子,60～64歳,3,,19,12,,,,,,,8,,,
622,80,青砥,武本侑己,男子,25～29歳,15,,,2,,,,8,,,8,,,
623,80,青砥,冨澤正明,男子,60～64歳,4,,,,,,,7,,,,,,
624,80,青砥,中村浩司,男子,65～69歳,11,,,,,,,3,,,8,,,
625,80,ザバス鶴見,楊華,男子,55～59歳,12,,,,9,,,1,,,,,,
626,80,ザバス鶴見,杉原祥之,男子,60～64歳,19,,2,,,,1,,,,,,,
627,80,ザバス鶴見,栗谷川彰,男子,65～69歳,3,,16,,,,,8,,,,,,
628,80,府中,平澤馨,女子,60～64歳,0,,,14,,,15,,,,,,,
629,80,府中,中村敬子,女子,80～84歳,17,,2,,,,3,,,,,,,
630,80,府中,小松崎浩,男子,60～64歳,7,,11,4,,,,,,,,,,
631,80,府中,竹内新,男子,65～69歳,9,,,8,,,,5,,,,,,
632,80,新川崎,錦織佳奈子,女子,45～49歳,13,,,6,,3,,,,,,,,
633,80,新川崎,蔵屋由紀子,女子,55～59歳,0,,14,,,,12,,,,,,,
634,80,新川崎,丹波雅哉,男子,30～34歳,6,,10,,,6,,,,,,,,
635,80,新川崎,河野大和,男子,35～39歳,4,,7,,,,,,,,,,,
636,80,新川崎,内藤充,男子,50～54歳,0,,12,,,,,,,,,,,
637,80,新川崎,齋藤和典,男子,60～64歳,8,,10,,,,,4,,,,,,
638,80,目黒,斉藤靖子,女子,45～49歳,6,,,,5,,,,,,,,,
639,80,目黒,池田智子,女子,50～54歳,17,,,,3,,,,2,,,,,
640,80,目黒,兵藤鋭雄,男子,55～59歳,6,,11,,,,,5,,,,,,
641,80,墨田区体育館,染谷ゆたか,女子,40～44歳,14,,6,2,,,,,,,,,,
642,80,墨田区体育館,中田雄也,男子,55～59歳,1,,22,10,,,,,,,,,,
643,80,墨田区体育館,袴塚哲也,男子,65～69歳,11,,,,,4,,7,,,,,,
644,80,Ｆ宇都宮,成島志雅子,女子,55～59歳,17,,,3,2,,,,,,,,,
645,80,Ｆ宇都宮,成島毅,男子,55～59歳,7,,14,,,,,,4,,,,,
646,80,曽谷,須志原直子,女子,45～49歳,1,,,,,,10,,,,,,,
647,80,曽谷,宮内麻里,女子,60～64歳,3,,16,,,,8,,,,,,,
648,80,曽谷,掃部典子,女子,70～74歳,11,,,,,,6,5,,,,,,
649,80,曽谷,常山賢二,男子,70～74歳,9,,12,,,,2,,,,,,,
650,80,久喜,佐藤淳子,女子,55～59歳,0,,20,,,,,11,,,,,,
651,80,久喜,田上麻紀,女子,55～59歳,1,,,13,,,,10,,,,,,
652,80,久喜,相澤和子,女子,80～84歳,6,,6,,,,10,,,,,,,
653,80,久喜,小島直政,男子,45～49歳,6,,8,8,,,,,,,,,,
654,80,久喜,山本聡,男子,45～49歳,10,,,,,,1,,,,,,,
655,80,藤沢,島崎帆乃華,女子,18～24歳,10,,,,,,,,1,,,,,
656,80,藤沢,西田幸弘,男子,45～49歳,12,,,6,4,,,,,,,,,
657,80,自由が丘,船津香,女子,60～64歳,6,,21,,,,,5,,,,,,
658,80,自由が丘,塙清子,女子,65～69歳,11,,7,,,4,,,,,,,,
659,80,自由が丘,小川純一郎,男子,55～59歳,0,,,,,,,13,,,,,,
660,80,平塚,足立知実,女子,25～29歳,12,,5,5,,,,,,,,,,
661,80,平塚,藤本淑恵,女子,45～49歳,5,,8,9,,,,,,,,,,
662,80,岩槻,金子勝,男子,60～64歳,15,,5,,,2,,,,,,,,
663,80,新都心,吉岡智子,女子,55～59歳,3,,,8,,,,,,,,,,
664,80,新都心,加藤雅弓,女子,60～64歳,4,,18,7,,,,,,,,,,
665,80,新都心,浅野亮介,男子,45～49歳,8,,,,,,,,3,,,,,
666,80,CS南行徳,福澤絵理,女子,45～49歳,14,,,,,4,,4,,,,,,
667,80,新三郷,鈴木加代子,女子,60～64歳,0,,,,,,16,,,,,,,
668,80,新三郷,小池藤子,女子,75～79歳,14,,2,,,,6,,,,,,,
669,80,戸塚,酒谷真砂子,女子,70～74歳,4,,8,,,,10,,,,,,,
670,80,戸塚,福田加代子,女子,75～79歳,10,,,,,,8,4,,,,,,
671,80,セン南,加藤均,男子,70～74歳,12,,5,5,,,,,,,,,,
672,80,F東戸塚,前川尚美,女子,60～64歳,0,,29,,,,17,,,,,,,
673,80,F東戸塚,前川正,男子,70～74歳,10,,,,,,,1,,,,,,
674,80,溝ノ口,石河久美子,女子,65～69歳,10,,8,4,,,,,,,,,,
675,80,下北沢,白川かおり,女子,60～64歳,0,,,,,,,11,,,,,,
676,80,下北沢,古俣悦子,女子,65～69歳,0,,12,,,,,,,,,,,
677,80,下北沢,増山晶一,男子,80～84歳,9,,7,,,,6,,,,,,,
678,80,湘南LT,林誠,男子,70～74歳,8,,3,,,,,,,,,,,
679,80,福島,佐々木悠介,男子,35～39歳,7,,11,,,,4,,,,,,,
680,80,川越,岩朋実,女子,55～59歳,2,,17,,,,,9,,,,,,
