round,pool_type,race_no,gender,event_name,age_group_label,world_record,japan_record,meet_record,rank,team_name,combined_age,lane,time_display,time_seconds,is_meet_record,is_japan_record,is_world_record,lap_times
75,長水路,3,女子,4×50mフリーリレー,320～359歳,2:52.72,2:52.72,3:41.09,1,セ・松戸,327,1/7,3:16.24,196.24,True,False,False,"45.00,1:35.55,2:19.00"
75,長水路,3,女子,4×50mフリーリレー,320～359歳,2:52.72,2:52.72,3:41.09,2,セ・天王洲,320,1/2,3:45.87,225.87,False,False,False,"56.85,1:51.26,2:47.78"
75,長水路,3,女子,4×50mフリーリレー,280～319歳,2:14.99,2:32.73,2:45.72,1,セ・大森,280,2/4,2:46.41,166.41,False,False,False,"39.85,1:22.46,2:06.90"
75,長水路,3,女子,4×50mフリーリレー,280～319歳,2:14.99,2:32.73,2:45.72,2,セ・柏,302,2/9,2:58.14,178.14,False,False,False,"42.57,1:27.08,2:14.89"
75,長水路,3,女子,4×50mフリーリレー,280～319歳,2:14.99,2:32.73,2:45.72,3,セ・おおたか,280,1/4,3:04.66,184.66,False,False,False,"37.43,1:28.32,2:19.27"
75,長水路,3,女子,4×50mフリーリレー,280～319歳,2:14.99,2:32.73,2:45.72,4,セ・戸塚,281,1/3,3:11.79,191.79,False,False,False,"49.93,1:35.98,2:25.91"
75,長水路,3,女子,4×50mフリーリレー,280～319歳,2:14.99,2:32.73,2:45.72,5,セ・天王洲,287,1/8,3:22.28,202.28,False,False,False,"43.51,1:31.69,2:29.09"
75,長水路,3,女子,4×50mフリーリレー,240～279歳,2:00.75,2:11.30,2:18.66,1,セ・二俣川,242,3/5,2:25.49,145.49,False,False,False,"32.70,1:10.49,1:48.97"
75,長水路,3,女子,4×50mフリーリレー,240～279歳,2:00.75,2:11.30,2:18.66,2,セ・成城,245,3/3,2:36.30,156.3,False,False,False,"34.41,1:16.21,1:58.11"
75,長水路,3,女子,4×50mフリーリレー,240～279歳,2:00.75,2:11.30,2:18.66,3,ザバス鶴見,242,2/7,2:36.51,156.51,False,False,False,"39.68,1:15.92,1:55.03"
75,長水路,3,女子,4×50mフリーリレー,240～279歳,2:00.75,2:11.30,2:18.66,4,セ・二俣川,251,2/3,2:39.05,159.05,False,False,False,"42.44,1:27.95,2:04.12"
75,長水路,3,女子,4×50mフリーリレー,240～279歳,2:00.75,2:11.30,2:18.66,5,セ・成瀬,250,2/5,2:40.44,160.44,False,False,False,"40.40,1:17.98,2:02.26"
75,長水路,3,女子,4×50mフリーリレー,240～279歳,2:00.75,2:11.30,2:18.66,6,セ・成城,252,3/2,2:42.18,162.18,False,False,False,"40.50,1:22.96,2:01.69"
75,長水路,3,女子,4×50mフリーリレー,240～279歳,2:00.75,2:11.30,2:18.66,7,セ・おおたか,247,1/5,2:45.47,165.47,False,False,False,"39.78,1:21.29,2:02.88"
75,長水路,3,女子,4×50mフリーリレー,240～279歳,2:00.75,2:11.30,2:18.66,8,セ・阿佐谷,258,2/6,2:46.01,166.01,False,False,False,"48.69,1:25.83,2:04.16"
75,長水路,3,女子,4×50mフリーリレー,240～279歳,2:00.75,2:11.30,2:18.66,9,セ・天王洲,254,2/8,2:50.60,170.6,False,False,False,"45.69,1:28.06,2:11.54"
75,長水路,3,女子,4×50mフリーリレー,200～239歳,1:54.72,1:58.55,2:15.89,1,セ・千葉みなと,200,4/4,2:09.81,129.81,True,False,False,"30.14,1:02.76,1:36.04"
75,長水路,3,女子,4×50mフリーリレー,200～239歳,1:54.72,1:58.55,2:15.89,2,セ・松戸,238,4/1,2:19.13,139.13,False,False,False,"33.08,1:08.09,1:42.24"
75,長水路,3,女子,4×50mフリーリレー,200～239歳,1:54.72,1:58.55,2:15.89,3,セ・市ヶ尾,201,4/2,2:25.70,145.7,False,False,False,"29.48,1:06.64,1:51.66"
75,長水路,3,女子,4×50mフリーリレー,200～239歳,1:54.72,1:58.55,2:15.89,4,ザバス鶴見,209,3/6,2:27.64,147.64,False,False,False,"36.66,1:13.80,1:50.73"
75,長水路,3,女子,4×50mフリーリレー,200～239歳,1:54.72,1:58.55,2:15.89,5,セ・清瀬,213,3/7,2:30.78,150.78,False,False,False,"36.51,1:14.58,1:54.19"
75,長水路,3,女子,4×50mフリーリレー,200～239歳,1:54.72,1:58.55,2:15.89,6,セ・南千住,223,3/10,2:37.13,157.13,False,False,False,"37.28,1:21.49,2:04.89"
75,長水路,3,女子,4×50mフリーリレー,200～239歳,1:54.72,1:58.55,2:15.89,7,セ・二俣川,226,3/1,2:38.95,158.95,False,False,False,"37.37,1:18.34,1:58.72"
75,長水路,3,女子,4×50mフリーリレー,200～239歳,1:54.72,1:58.55,2:15.89,8,セ・慶應日吉,209,2/2,2:48.80,168.8,False,False,False,"42.14,1:23.78,2:07.81"
75,長水路,3,女子,4×50mフリーリレー,200～239歳,1:54.72,1:58.55,2:15.89,9,ザバス鶴見,218,3/8,2:49.51,169.51,False,False,False,"42.47,1:33.93,2:11.28"
75,長水路,3,女子,4×50mフリーリレー,160～199歳,1:48.44,1:54.99,2:05.08,1,セ・成城,185,4/3,2:13.03,133.03,False,False,False,"31.58,1:05.75,1:41.85"
75,長水路,3,女子,4×50mフリーリレー,160～199歳,1:48.44,1:54.99,2:05.08,2,セ・葛西,162,4/9,2:16.99,136.99,False,False,False,"30.51,1:11.45,1:46.39"
75,長水路,3,女子,4×50mフリーリレー,160～199歳,1:48.44,1:54.99,2:05.08,3,セ・二俣川,165,4/8,2:17.62,137.62,False,False,False,"33.75,1:09.31,1:45.25"
75,長水路,3,女子,4×50mフリーリレー,160～199歳,1:48.44,1:54.99,2:05.08,4,セ・目黒,168,4/10,2:21.82,141.82,False,False,False,"40.54,1:15.52,1:49.88"
75,長水路,3,女子,4×50mフリーリレー,160～199歳,1:48.44,1:54.99,2:05.08,5,セ・天王洲,165,3/4,2:23.75,143.75,False,False,False,"37.19,1:11.61,1:49.06"
75,長水路,3,女子,4×50mフリーリレー,160～199歳,1:48.44,1:54.99,2:05.08,6,セ・大森,185,3/9,2:26.91,146.91,False,False,False,"32.65,1:12.99,1:51.03"
75,長水路,3,女子,4×50mフリーリレー,120～159歳,1:49.03,1:50.35,2:00.42,1,ザバス鶴見,125,4/7,2:07.91,127.91,False,False,False,"34.50,1:06.71,1:39.17"
75,長水路,3,女子,4×50mフリーリレー,120～159歳,1:49.03,1:50.35,2:00.42,2,セ・おおたか,154,4/6,2:08.20,128.2,False,False,False,"30.61,1:03.86,1:34.92"
75,長水路,3,女子,4×50mフリーリレー,72～119歳,,,1:57.97,1,セ・二俣川,86,4/5,2:02.35,122.35,False,False,False,"29.86,1:02.89,1:33.08"
75,長水路,4,男子,4×50mフリーリレー,240～279歳,1:42.40,1:52.37,2:03.91,1,セ・前橋,241,4/5,1:53.59,113.59,True,False,False,"28.01,54.60,1:23.15"
75,長水路,4,男子,4×50mフリーリレー,240～279歳,1:42.40,1:52.37,2:03.91,2,セ・千葉みなと,243,3/6,2:01.21,121.21,True,False,False,"29.41,56.17,1:26.82"
75,長水路,4,男子,4×50mフリーリレー,240～279歳,1:42.40,1:52.37,2:03.91,3,ザバス鶴見,246,2/8,2:09.59,129.59,False,False,False,"32.56,1:02.23,1:35.65"
75,長水路,4,男子,4×50mフリーリレー,240～279歳,1:42.40,1:52.37,2:03.91,4,セ・清瀬,251,3/10,2:14.07,134.07,False,False,False,"35.04,1:05.23,1:43.11"
75,長水路,4,男子,4×50mフリーリレー,240～279歳,1:42.40,1:52.37,2:03.91,5,セ・二俣川,243,2/6,2:17.47,137.47,False,False,False,"32.34,1:07.61,1:45.18"
75,長水路,4,男子,4×50mフリーリレー,240～279歳,1:42.40,1:52.37,2:03.91,6,セ・南青山,253,3/9,2:17.93,137.93,False,False,False,"33.47,1:05.01,1:46.56"
75,長水路,4,男子,4×50mフリーリレー,240～279歳,1:42.40,1:52.37,2:03.91,7,ザバス鶴見,247,1/6,2:18.58,138.57999999999998,False,False,False,"33.97,1:08.83,1:44.94"
75,長水路,4,男子,4×50mフリーリレー,240～279歳,1:42.40,1:52.37,2:03.91,8,セ・おおたか,261,2/3,2:22.18,142.18,False,False,False,"33.49,1:08.70,1:50.66"
75,長水路,4,男子,4×50mフリーリレー,240～279歳,1:42.40,1:52.37,2:03.91,9,セ・成城,241,2/7,2:29.20,149.2,False,False,False,"38.37,1:18.38,1:53.52"
75,長水路,4,男子,4×50mフリーリレー,240～279歳,1:42.40,1:52.37,2:03.91,10,セ・茂原,252,1/4,2:29.80,149.8,False,False,False,"40.94,1:22.25,1:59.12"
75,長水路,4,男子,4×50mフリーリレー,200～239歳,1:38.24,1:43.25,1:46.48,1,セ・二俣川,200,5/10,1:55.20,115.2,False,False,False,"29.93,58.52,1:27.92"
75,長水路,4,男子,4×50mフリーリレー,200～239歳,1:38.24,1:43.25,1:46.48,2,ザバス鶴見,201,3/3,1:56.19,116.19,False,False,False,"26.51,55.66,1:22.91"
75,長水路,4,男子,4×50mフリーリレー,200～239歳,1:38.24,1:43.25,1:46.48,3,セ・清瀬,200,3/2,2:02.32,122.32,False,False,False,"30.87,1:02.46,1:31.77"
75,長水路,4,男子,4×50mフリーリレー,200～239歳,1:38.24,1:43.25,1:46.48,4,セ・市ヶ尾,201,4/9,2:02.57,122.57,False,False,False,"27.43,56.34,1:33.52"
75,長水路,4,男子,4×50mフリーリレー,200～239歳,1:38.24,1:43.25,1:46.48,5,セ・葛西,211,3/1,2:10.02,130.02,False,False,False,"27.04,1:08.37,1:38.98"
75,長水路,4,男子,4×50mフリーリレー,200～239歳,1:38.24,1:43.25,1:46.48,6,セ・松戸,200,2/4,2:13.41,133.41,False,False,False,"29.12,1:01.84,1:35.98"
75,長水路,4,男子,4×50mフリーリレー,200～239歳,1:38.24,1:43.25,1:46.48,7,セ・南青山,213,1/3,2:39.42,159.42000000000002,False,False,False,"28.32,1:07.35,1:57.75"
75,長水路,4,男子,4×50mフリーリレー,160～199歳,1:34.92,1:38.38,1:41.69,1,セ・二俣川,167,5/5,1:48.00,108.0,False,False,False,"26.51,53.80,1:22.51"
75,長水路,4,男子,4×50mフリーリレー,160～199歳,1:34.92,1:38.38,1:41.69,2,セ・阿佐谷,165,5/3,1:48.86,108.86,False,False,False,"26.72,54.06,1:20.92"
75,長水路,4,男子,4×50mフリーリレー,160～199歳,1:34.92,1:38.38,1:41.69,3,セ・南千住,163,5/9,1:51.60,111.6,False,False,False,"27.25,56.01,1:24.95"
75,長水路,4,男子,4×50mフリーリレー,160～199歳,1:34.92,1:38.38,1:41.69,4,セ・柏,164,4/4,1:53.66,113.66,False,False,False,"29.81,58.23,1:29.06"
75,長水路,4,男子,4×50mフリーリレー,160～199歳,1:34.92,1:38.38,1:41.69,5,セ・成瀬,168,4/8,1:59.43,119.43,False,False,False,"30.86,1:04.62,1:32.24"
75,長水路,4,男子,4×50mフリーリレー,160～199歳,1:34.92,1:38.38,1:41.69,6,セ・大森,174,3/7,2:00.90,120.9,False,False,False,"30.17,59.34,1:34.50"
75,長水路,4,男子,4×50mフリーリレー,160～199歳,1:34.92,1:38.38,1:41.69,7,セ・長津田,168,3/4,2:01.84,121.84,False,False,False,"27.11,57.30,1:27.12"
75,長水路,4,男子,4×50mフリーリレー,160～199歳,1:34.92,1:38.38,1:41.69,8,ザバス鶴見,164,4/7,2:03.40,123.4,False,False,False,"28.29,1:01.05,1:35.08"
75,長水路,4,男子,4×50mフリーリレー,160～199歳,1:34.92,1:38.38,1:41.69,9,セ・慶應日吉,180,2/5,2:09.81,129.81,False,False,False,"29.05,1:00.86,1:33.16"
75,長水路,4,男子,4×50mフリーリレー,160～199歳,1:34.92,1:38.38,1:41.69,10,セ・清瀬,164,1/7,2:23.72,143.72,False,False,False,"31.78,1:07.84,1:50.41"
75,長水路,4,男子,4×50mフリーリレー,120～159歳,1:32.84,1:34.30,1:41.73,1,セ・清瀬,126,5/6,1:45.11,105.11,False,False,False,"26.19,52.46,1:19.23"
75,長水路,4,男子,4×50mフリーリレー,120～159歳,1:32.84,1:34.30,1:41.73,2,セ・阿佐谷,129,5/4,1:49.74,109.74000000000001,False,False,False,"25.86,54.26,1:22.52"
75,長水路,4,男子,4×50mフリーリレー,120～159歳,1:32.84,1:34.30,1:41.73,3,セ・成城,148,4/6,1:52.81,112.81,False,False,False,"26.63,56.89,1:25.50"
75,長水路,4,男子,4×50mフリーリレー,120～159歳,1:32.84,1:34.30,1:41.73,4,セ・桶川北本,127,3/5,1:56.25,116.25,False,False,False,"26.99,54.72,1:22.36"
75,長水路,4,男子,4×50mフリーリレー,120～159歳,1:32.84,1:34.30,1:41.73,5,セ・八王子,158,4/2,1:57.80,117.8,False,False,False,"26.89,55.47,1:23.42"
75,長水路,4,男子,4×50mフリーリレー,72～119歳,,,1:40.19,1,セ・流山,82,5/2,1:41.46,101.46000000000001,False,False,False,"25.99,51.45,1:17.25"
75,長水路,4,男子,4×50mフリーリレー,72～119歳,,,1:40.19,2,ザバス鶴見,91,5/7,1:45.13,105.13,False,False,False,"27.01,53.84,1:18.91"
75,長水路,4,男子,4×50mフリーリレー,72～119歳,,,1:40.19,3,セ・慶應日吉,98,4/10,1:45.61,105.61,False,False,False,"26.35,52.73,1:19.33"
75,長水路,4,男子,4×50mフリーリレー,72～119歳,,,1:40.19,4,セ・二俣川,90,5/8,1:49.98,109.97999999999999,False,False,False,"26.19,55.04,1:21.43"
75,長水路,4,男子,4×50mフリーリレー,72～119歳,,,1:40.19,5,セ・葛西,89,4/3,1:54.98,114.97999999999999,False,False,False,"29.14,57.72,1:25.52"
75,長水路,4,男子,4×50mフリーリレー,72～119歳,,,1:40.19,6,ザバス鶴見,89,3/8,1:55.00,115.0,False,False,False,"30.10,54.59,1:23.39"
75,長水路,5,女子,4×100mフリーリレー,280～319歳,5:26.29,5:56.10,6:20.23,1,ザバス鶴見,294,1/4,6:58.81,418.81,False,False,False,"48.66,1:40.92,2:39.60,3:48.76,4:31.18,5:18.43,6:06.87"
75,長水路,5,女子,4×100mフリーリレー,240～279歳,4:36.74,5:02.83,5:25.14,1,セ・二俣川,243,2/1,5:42.70,342.7,False,False,False,"40.07,1:26.53,2:09.74,2:59.94,3:40.00,4:27.44,5:02.45"
75,長水路,5,女子,4×100mフリーリレー,240～279歳,4:36.74,5:02.83,5:25.14,2,セ・成城,248,2/9,5:46.41,346.40999999999997,False,False,False,"41.65,1:28.23,2:13.12,2:59.83,3:41.85,4:30.65,5:06.42"
75,長水路,5,女子,4×100mフリーリレー,240～279歳,4:36.74,5:02.83,5:25.14,3,セ・天王洲,245,1/7,6:10.80,370.8,False,False,False,"47.24,1:36.86,2:23.85,3:18.63,4:02.12,4:51.38,5:28.53"
75,長水路,5,女子,4×100mフリーリレー,240～279歳,4:36.74,5:02.83,5:25.14,4,セ・阿佐谷,262,1/8,7:25.50,445.5,False,False,False,"52.89,1:54.27,2:48.27,3:52.25,4:44.04,5:41.07,6:32.36"
75,長水路,5,女子,4×100mフリーリレー,200～239歳,4:20.68,4:29.24,5:18.59,1,セ・阿佐谷,209,2/8,5:20.60,320.6,False,False,False,"38.69,1:22.22,1:58.86,2:40.59,3:24.00,4:10.74,4:43.13"
75,長水路,5,女子,4×100mフリーリレー,200～239歳,4:20.68,4:29.24,5:18.59,2,セ・大森,210,1/3,6:34.93,394.93,False,False,False,"47.61,1:41.86,2:27.67,3:19.45,4:06.65,5:01.69,5:44.17"
75,長水路,5,女子,4×100mフリーリレー,200～239歳,4:20.68,4:29.24,5:18.59,3,セ・蘇我,235,1/9,7:23.30,443.3,False,False,False,"47.91,1:42.50,2:38.51,3:41.61,4:36.38,5:35.67,6:24.71"
75,長水路,5,女子,4×100mフリーリレー,160～199歳,4:06.90,4:19.20,4:48.97,1,セ・成城,190,2/4,5:06.71,306.71,False,False,False,"34.16,1:12.59,1:49.86,2:31.36,3:08.86,3:53.20,4:27.17"
75,長水路,5,女子,4×100mフリーリレー,160～199歳,4:06.90,4:19.20,4:48.97,2,セ・二俣川,165,2/2,5:21.05,321.05,False,False,False,"35.00,1:13.52,1:54.00,2:39.62,3:19.38,4:03.19,4:39.83"
75,長水路,5,女子,4×100mフリーリレー,160～199歳,4:06.90,4:19.20,4:48.97,3,セ・天王洲,185,1/6,6:29.75,389.75,False,False,False,"43.98,1:33.04,2:22.21,3:17.28,4:04.03,4:58.75,5:43.06"
75,長水路,5,女子,4×100mフリーリレー,120～159歳,4:04.10,4:07.62,4:35.52,1,ザバス鶴見,125,2/7,5:00.65,300.65,False,False,False,"38.16,1:22.01,1:57.28,2:35.91,3:09.71,3:48.87,4:24.41"
75,長水路,5,女子,4×100mフリーリレー,120～159歳,4:04.10,4:07.62,4:35.52,2,セ・長津田,148,2/3,5:19.63,319.63,False,False,False,"32.41,1:07.92,1:40.66,2:14.19,3:00.40,3:51.50,4:30.93"
75,長水路,5,女子,4×100mフリーリレー,72～119歳,,,4:29.70,1,セ・二俣川,86,2/5,4:30.94,270.94,False,False,False,"31.59,1:04.82,1:39.99,2:19.92,2:51.22,3:25.96,3:57.07"
75,長水路,5,女子,4×100mフリーリレー,72～119歳,,,4:29.70,2,セ・成城,103,2/6,4:37.50,277.5,False,False,False,"32.46,1:08.77,1:43.30,2:20.55,2:53.05,3:28.99,4:00.82"
75,長水路,6,男子,4×100mフリーリレー,240～279歳,3:59.86,4:14.03,4:55.69,1,ザバス鶴見,245,1/10,5:25.18,325.18,False,False,False,"35.49,1:14.05,1:53.72,2:39.36,3:17.41,4:00.51,4:41.74"
75,長水路,6,男子,4×100mフリーリレー,240～279歳,3:59.86,4:14.03,4:55.69,2,セ・成城,279,1/1,6:06.96,366.96,False,False,False,"43.34,1:44.11,2:21.80,3:05.96,3:48.13,4:36.42,5:17.35"
75,長水路,6,男子,4×100mフリーリレー,200～239歳,3:46.05,3:51.23,4:07.60,1,セ・清瀬,215,1/4,4:32.34,272.34000000000003,False,False,False,"29.83,1:04.44,1:37.82,2:14.87,2:47.26,3:24.06,3:56.12"
75,長水路,6,男子,4×100mフリーリレー,200～239歳,3:46.05,3:51.23,4:07.60,2,セ・阿佐谷,220,1/2,4:40.80,280.8,False,False,False,"28.59,1:01.31,1:35.84,2:12.56,2:49.13,3:32.78,4:05.19"
75,長水路,6,男子,4×100mフリーリレー,200～239歳,3:46.05,3:51.23,4:07.60,3,ザバス鶴見,200,1/9,4:49.04,289.04,False,False,False,"34.97,1:11.65,1:42.90,2:18.29,2:53.55,3:34.29,4:09.39"
75,長水路,6,男子,4×100mフリーリレー,200～239歳,3:46.05,3:51.23,4:07.60,4,セ・二俣川,209,1/8,5:01.51,301.51,False,False,False,"32.95,1:10.45,1:48.27,2:29.93,3:06.10,3:52.28,4:26.18"
75,長水路,6,男子,4×100mフリーリレー,160～199歳,3:38.60,3:42.22,3:52.78,1,セ・大森,163,2/1,4:14.83,254.83,False,False,False,"27.06,58.94,1:26.95,1:58.77,2:30.98,3:06.71,3:38.45"
75,長水路,6,男子,4×100mフリーリレー,160～199歳,3:38.60,3:42.22,3:52.78,2,セ・大宮宮原,164,1/7,4:16.69,256.69,False,False,False,"29.95,1:00.64,1:33.33,2:09.05,2:41.63,3:16.85,3:44.93"
75,長水路,6,男子,4×100mフリーリレー,160～199歳,3:38.60,3:42.22,3:52.78,3,セ・二俣川,178,1/6,4:23.11,263.11,False,False,False,"30.68,1:07.20,1:36.79,2:08.86,2:37.34,3:09.08,3:44.16"
75,長水路,6,男子,4×100mフリーリレー,160～199歳,3:38.60,3:42.22,3:52.78,4,ザバス鶴見,161,1/5,4:29.37,269.37,False,False,False,"31.09,1:04.57,1:36.42,2:09.34,2:39.38,3:11.72,3:48.48"
75,長水路,6,男子,4×100mフリーリレー,160～199歳,3:38.60,3:42.22,3:52.78,5,セ・長津田,183,1/3,4:39.24,279.24,False,False,False,"30.56,1:03.07,1:33.14,2:06.36,2:38.00,3:17.92,3:56.36"
75,長水路,6,男子,4×100mフリーリレー,120～159歳,3:28.93,3:32.50,3:39.10,1,セ・武蔵小杉,120,2/5,3:50.75,230.75,False,False,False,"27.41,56.99,1:23.77,1:53.72,2:22.08,2:52.93,3:20.32"
75,長水路,6,男子,4×100mフリーリレー,120～159歳,3:28.93,3:32.50,3:39.10,2,セ・二俣川,136,2/6,3:52.39,232.39,False,False,False,"28.42,58.12,1:25.58,1:56.94,2:24.06,2:54.13,3:21.90"
75,長水路,6,男子,4×100mフリーリレー,120～159歳,3:28.93,3:32.50,3:39.10,3,セ・阿佐谷,137,2/7,4:05.64,245.64,False,False,False,"28.58,1:00.19,1:29.52,2:04.71,2:32.28,3:04.40,3:34.11"
75,長水路,6,男子,4×100mフリーリレー,120～159歳,3:28.93,3:32.50,3:39.10,4,セ・成城,148,2/8,4:13.26,253.26,False,False,False,"28.61,59.90,1:28.74,2:00.22,2:32.15,3:08.32,3:38.41"
75,長水路,6,男子,4×100mフリーリレー,120～159歳,3:28.93,3:32.50,3:39.10,5,セ・天王洲,130,2/9,4:17.36,257.36,False,False,False,"28.27,58.84,1:30.13,2:07.30,2:37.75,3:12.67,3:42.48"
75,長水路,6,男子,4×100mフリーリレー,72～119歳,,,3:46.90,1,セ・慶應日吉,86,2/2,3:44.19,224.19,True,False,False,"26.82,58.89,1:24.65,1:52.89,2:19.34,2:50.96,3:16.52"
75,長水路,6,男子,4×100mフリーリレー,72～119歳,,,3:46.90,2,ザバス鶴見,92,2/4,3:55.32,235.32,False,False,False,"28.77,57.90,1:24.29,1:55.45,2:23.54,2:53.10,3:21.95"
75,長水路,6,男子,4×100mフリーリレー,72～119歳,,,3:46.90,3,セ・二俣川,111,2/10,4:14.07,254.07,False,False,False,"29.39,1:00.44,1:30.69,2:08.51,2:37.57,3:13.09,3:42.09"
75,長水路,6,男子,4×100mフリーリレー,72～119歳,,,3:46.90,4,セ・葛西,89,2/3,4:24.74,264.74,False,False,False,"30.04,1:05.87,1:36.01,2:11.33,2:40.47,3:15.80,3:46.74"
75,長水路,11,女子,4×50mメドレーリレー,320～359歳,3:23.94,3:23.94,4:26.01,1,セ・松戸,320,1/7,4:11.16,251.16,True,False,False,"56.19,2:17.23,3:19.72"
75,長水路,11,女子,4×50mメドレーリレー,280～319歳,2:34.78,2:43.32,3:13.17,1,セ・葛西,285,2/4,3:12.99,192.99,True,False,False,"48.69,1:47.54,2:31.59"
75,長水路,11,女子,4×50mメドレーリレー,280～319歳,2:34.78,2:43.32,3:13.17,2,セ・おおたか,282,2/8,3:17.98,197.98,False,False,False,"52.63,1:48.72,2:35.45"
75,長水路,11,女子,4×50mメドレーリレー,280～319歳,2:34.78,2:43.32,3:13.17,3,セ・成城,281,2/3,3:26.28,206.28,False,False,False,"57.29,1:55.33,2:46.63"
75,長水路,11,女子,4×50mメドレーリレー,280～319歳,2:34.78,2:43.32,3:13.17,4,セ・天王洲,289,1/3,3:29.32,209.32,False,False,False,"50.28,1:45.38,2:31.35"
75,長水路,11,女子,4×50mメドレーリレー,280～319歳,2:34.78,2:43.32,3:13.17,5,クリーンスパ,280,2/2,3:42.01,222.01,False,False,False,"58.16,1:48.34,2:36.02"
75,長水路,11,女子,4×50mメドレーリレー,240～279歳,2:19.90,2:28.80,2:34.86,1,セ・二俣川,243,3/5,2:40.47,160.47,False,False,False,"44.55,1:29.86,2:08.64"
75,長水路,11,女子,4×50mメドレーリレー,240～279歳,2:19.90,2:28.80,2:34.86,2,セ・松戸,246,3/3,2:46.61,166.61,False,False,False,"44.12,1:29.86,2:11.65"
75,長水路,11,女子,4×50mメドレーリレー,240～279歳,2:19.90,2:28.80,2:34.86,3,セ・成城,250,3/6,2:52.46,172.46,False,False,False,"48.33,1:37.44,2:13.75"
75,長水路,11,女子,4×50mメドレーリレー,240～279歳,2:19.90,2:28.80,2:34.86,4,ザバス鶴見,242,3/1,3:08.09,188.09,False,False,False,"45.55,1:39.34,2:26.03"
75,長水路,11,女子,4×50mメドレーリレー,240～279歳,2:19.90,2:28.80,2:34.86,5,セ・越谷,251,2/7,3:18.47,198.47,False,False,False,"1:03.17,1:56.93,2:41.24"
75,長水路,11,女子,4×50mメドレーリレー,240～279歳,2:19.90,2:28.80,2:34.86,6,セ・戸塚,244,1/6,3:18.98,198.98,False,False,False,"53.31,1:55.94,2:31.97"
75,長水路,11,女子,4×50mメドレーリレー,240～279歳,2:19.90,2:28.80,2:34.86,7,セ・上池袋,252,1/8,3:24.76,204.76,False,False,False,"55.15,1:44.58,2:39.97"
75,長水路,11,女子,4×50mメドレーリレー,200～239歳,2:08.87,2:13.47,2:20.02,1,セ・自由が丘,217,3/4,2:43.20,163.2,False,False,False,"44.27,1:33.73,2:07.03"
75,長水路,11,女子,4×50mメドレーリレー,200～239歳,2:08.87,2:13.47,2:20.02,2,セ・大森,208,2/5,2:44.59,164.59,False,False,False,"38.15,1:24.90,2:05.34"
75,長水路,11,女子,4×50mメドレーリレー,200～239歳,2:08.87,2:13.47,2:20.02,3,セ・成城,221,4/3,2:45.69,165.69,False,False,False,"48.83,1:33.58,2:09.97"
75,長水路,11,女子,4×50mメドレーリレー,200～239歳,2:08.87,2:13.47,2:20.02,4,セ・南千住,210,2/6,2:49.71,169.71,False,False,False,"48.52,1:37.14,2:12.87"
75,長水路,11,女子,4×50mメドレーリレー,200～239歳,2:08.87,2:13.47,2:20.02,5,セ・二俣川,231,3/10,2:56.39,176.39,False,False,False,"39.58,1:33.44,2:20.01"
75,長水路,11,女子,4×50mメドレーリレー,160～199歳,2:04.75,2:06.69,2:15.71,1,セ・葛西,198,4/8,2:31.40,151.4,False,False,False,"40.40,1:24.72,1:56.84"
75,長水路,11,女子,4×50mメドレーリレー,160～199歳,2:04.75,2:06.69,2:15.71,2,ザバス鶴見,172,4/7,2:34.00,154.0,False,False,False,"33.46,1:21.13,1:56.46"
75,長水路,11,女子,4×50mメドレーリレー,160～199歳,2:04.75,2:06.69,2:15.71,3,セ・天王洲,165,3/9,2:44.89,164.89,False,False,False,"43.12,1:35.19,2:12.05"
75,長水路,11,女子,4×50mメドレーリレー,160～199歳,2:04.75,2:06.69,2:15.71,4,セ・新都心,190,3/2,2:45.53,165.53,False,False,False,"44.87,1:29.07,2:01.61"
75,長水路,11,女子,4×50mメドレーリレー,160～199歳,2:04.75,2:06.69,2:15.71,5,セ・二俣川,165,3/7,2:46.64,166.64,False,False,False,"43.47,1:26.48,2:10.79"
75,長水路,11,女子,4×50mメドレーリレー,160～199歳,2:04.75,2:06.69,2:15.71,6,セ・阿佐谷,195,4/10,2:47.66,167.66,False,False,False,"39.53,1:19.17,2:04.11"
75,長水路,11,女子,4×50mメドレーリレー,160～199歳,2:04.75,2:06.69,2:15.71,7,ザバス鶴見,162,4/1,2:49.95,169.95,False,False,False,"39.94,1:29.62,2:11.71"
75,長水路,11,女子,4×50mメドレーリレー,120～159歳,2:02.35,2:02.35,2:16.17,1,セ・おおたか,154,4/6,2:23.77,143.77,False,False,False,"35.89,1:16.72,1:50.32"
75,長水路,11,女子,4×50mメドレーリレー,120～159歳,2:02.35,2:02.35,2:16.17,2,セ・成城,140,4/4,2:26.25,146.25,False,False,False,"38.97,1:23.32,1:55.25"
75,長水路,11,女子,4×50mメドレーリレー,120～159歳,2:02.35,2:02.35,2:16.17,3,セ・目黒,151,4/2,2:31.76,151.76,False,False,False,"44.44,1:28.78,2:01.27"
75,長水路,11,女子,4×50mメドレーリレー,120～159歳,2:02.35,2:02.35,2:16.17,4,セ・長津田,148,4/9,2:42.44,162.44,False,False,False,"32.50,1:23.10,2:40.18"
75,長水路,11,女子,4×50mメドレーリレー,72～119歳,,,2:13.72,1,セ・二俣川,86,4/5,2:23.39,143.39,False,False,False,"34.54,1:21.49,1:53.45"
75,長水路,12,男子,4×50mメドレーリレー,280～319歳,2:15.24,2:19.27,2:35.20,1,セ・成城,287,1/7,2:45.59,165.59,False,False,False,"43.02,1:30.78,2:10.61"
75,長水路,12,男子,4×50mメドレーリレー,240～279歳,1:57.46,2:03.13,2:03.13,1,ザバス鶴見,246,2/4,2:29.11,149.11,False,False,False,"37.35,1:18.16,1:55.02"
75,長水路,12,男子,4×50mメドレーリレー,240～279歳,1:57.46,2:03.13,2:03.13,2,ザバス鶴見,240,2/2,2:46.98,166.98,False,False,False,"48.99,1:32.80,2:09.38"
75,長水路,12,男子,4×50mメドレーリレー,200～239歳,1:50.83,1:52.57,1:56.72,1,セ・二俣川,208,3/7,2:10.02,130.02,False,False,False,"34.58,1:06.46,1:35.24"
75,長水路,12,男子,4×50mメドレーリレー,200～239歳,1:50.83,1:52.57,1:56.72,2,セ・清瀬,208,2/6,2:12.05,132.05,False,False,False,"40.27,1:14.86,1:46.70"
75,長水路,12,男子,4×50mメドレーリレー,200～239歳,1:50.83,1:52.57,1:56.72,3,ザバス鶴見,201,4/6,2:15.01,135.01,False,False,False,"32.10,1:14.92,1:47.04"
75,長水路,12,男子,4×50mメドレーリレー,200～239歳,1:50.83,1:52.57,1:56.72,4,セ・用賀,232,3/1,2:19.99,139.99,False,False,False,"36.76,1:15.22,1:47.30"
75,長水路,12,男子,4×50mメドレーリレー,200～239歳,1:50.83,1:52.57,1:56.72,5,セ・越谷,221,2/8,2:32.22,152.22,False,False,False,"39.36,1:20.10,1:58.00"
75,長水路,12,男子,4×50mメドレーリレー,200～239歳,1:50.83,1:52.57,1:56.72,6,セ・上池袋,233,1/4,2:40.46,160.46,False,False,False,"54.97,1:46.23,2:18.03"
75,長水路,12,男子,4×50mメドレーリレー,160～199歳,1:45.47,1:47.34,1:51.35,1,セ・二俣川,160,4/7,2:01.27,121.27,False,False,False,"35.25,1:07.99,1:36.84"
75,長水路,12,男子,4×50mメドレーリレー,160～199歳,1:45.47,1:47.34,1:51.35,2,セ・阿佐谷,161,4/10,2:06.90,126.9,False,False,False,"32.50,1:07.72,1:38.58"
75,長水路,12,男子,4×50mメドレーリレー,160～199歳,1:45.47,1:47.34,1:51.35,3,セ・柏,164,3/2,2:10.08,130.08,False,False,False,"37.93,1:11.19,1:45.30"
75,長水路,12,男子,4×50mメドレーリレー,160～199歳,1:45.47,1:47.34,1:51.35,4,セ・松戸,168,3/8,2:10.18,130.18,False,False,False,"35.56,1:14.13,1:41.67"
75,長水路,12,男子,4×50mメドレーリレー,160～199歳,1:45.47,1:47.34,1:51.35,5,セ・大宮宮原,171,2/5,2:13.18,133.18,False,False,False,"32.96,1:09.18,1:43.00"
75,長水路,12,男子,4×50mメドレーリレー,160～199歳,1:45.47,1:47.34,1:51.35,6,セ・慶應日吉,188,1/3,2:17.78,137.78,False,False,False,"32.93,1:17.26,1:49.66"
75,長水路,12,男子,4×50mメドレーリレー,160～199歳,1:45.47,1:47.34,1:51.35,7,セ・茂原,178,2/9,2:20.68,140.68,False,False,False,"39.28,1:09.28,1:39.39"
75,長水路,12,男子,4×50mメドレーリレー,160～199歳,1:45.47,1:47.34,1:51.35,8,セ・清瀬,177,1/5,2:22.34,142.34,False,False,False,"35.07,1:14.68,1:51.19"
75,長水路,12,男子,4×50mメドレーリレー,160～199歳,1:45.47,1:47.34,1:51.35,9,セ・成城,198,3/4,2:22.77,142.77,False,False,False,"36.84,1:11.48,1:44.08"
75,長水路,12,男子,4×50mメドレーリレー,160～199歳,1:45.47,1:47.34,1:51.35,10,セ・大森,196,2/3,2:22.92,142.92000000000002,False,False,False,"38.66,1:17.13,1:53.72"
75,長水路,12,男子,4×50mメドレーリレー,160～199歳,1:45.47,1:47.34,1:51.35,11,セ・長津田,168,1/6,2:29.60,149.6,False,False,False,"34.60,1:11.45,1:58.93"
75,長水路,12,男子,4×50mメドレーリレー,120～159歳,1:42.30,1:42.30,1:52.11,1,セ・阿佐谷,133,4/2,2:01.10,121.1,False,False,False,"31.34,1:04.12,1:33.23"
75,長水路,12,男子,4×50mメドレーリレー,120～159歳,1:42.30,1:42.30,1:52.11,2,セ・武蔵小杉,159,3/3,2:04.21,124.21,False,False,False,"29.36,1:05.65,1:36.36"
75,長水路,12,男子,4×50mメドレーリレー,120～159歳,1:42.30,1:42.30,1:52.11,3,セ・清瀬,153,4/8,2:07.27,127.27,False,False,False,"37.84,1:10.67,1:38.92"
75,長水路,12,男子,4×50mメドレーリレー,120～159歳,1:42.30,1:42.30,1:52.11,4,セ・天王洲,130,3/6,2:07.43,127.43,False,False,False,"36.81,1:11.53,1:39.28"
75,長水路,12,男子,4×50mメドレーリレー,72～119歳,,,1:46.47,1,セ・慶應日吉,91,3/10,1:53.13,113.13,False,False,False,"30.48,1:00.94,1:28.80"
75,長水路,12,男子,4×50mメドレーリレー,72～119歳,,,1:46.47,2,セ・流山,82,4/3,1:53.89,113.89,False,False,False,"29.17,1:00.82,1:28.01"
75,長水路,12,男子,4×50mメドレーリレー,72～119歳,,,1:46.47,3,セ・慶應日吉,93,2/7,1:54.71,114.71000000000001,False,False,False,"29.58,1:01.61,1:29.12"
75,長水路,12,男子,4×50mメドレーリレー,72～119歳,,,1:46.47,4,ザバス鶴見,91,4/5,1:59.31,119.31,False,False,False,"34.36,1:05.36,1:32.17"
75,長水路,12,男子,4×50mメドレーリレー,72～119歳,,,1:46.47,5,セ・二俣川,97,4/9,2:05.56,125.56,False,False,False,"34.34,1:08.18,1:36.04"
75,長水路,12,男子,4×50mメドレーリレー,72～119歳,,,1:46.47,6,ザバス鶴見,94,4/4,2:06.65,126.65,False,False,False,"33.60,1:09.99,1:37.90"
75,長水路,12,男子,4×50mメドレーリレー,72～119歳,,,1:46.47,7,セ・成城,118,4/1,2:08.95,128.95,False,False,False,"32.98,1:14.49,1:43.17"
75,長水路,12,男子,4×50mメドレーリレー,72～119歳,,,1:46.47,8,セ・葛西,90,3/9,2:13.39,133.39,False,False,False,"36.09,1:11.73,1:43.97"
75,長水路,17,混合,4×50mメドレーリレー,320～359歳,2:55.98,2:55.98,3:51.40,1,セ・成城,323,1/3,3:18.01,198.01,True,False,False,"43.79,1:51.00,2:31.37"
75,長水路,17,混合,4×50mメドレーリレー,320～359歳,2:55.98,2:55.98,3:51.40,2,ザバス鶴見,321,1/1,3:55.78,235.78,False,False,False,"1:07.33,2:24.73,3:01.02"
75,長水路,17,混合,4×50mメドレーリレー,280～319歳,2:21.20,2:26.90,2:48.17,1,セ・二俣川,280,1/9,2:56.85,176.85,False,False,False,"55.24,1:35.74,2:18.29"
75,長水路,17,混合,4×50mメドレーリレー,240～279歳,2:08.11,2:13.81,2:13.81,1,セ・二俣川,244,4/3,2:30.10,150.1,False,False,False,"34.08,1:19.92,1:57.51"
75,長水路,17,混合,4×50mメドレーリレー,240～279歳,2:08.11,2:13.81,2:13.81,2,セ・成城,246,4/1,2:42.89,162.89,False,False,False,"49.11,1:39.31,2:07.09"
75,長水路,17,混合,4×50mメドレーリレー,240～279歳,2:08.11,2:13.81,2:13.81,3,ザバス鶴見,243,3/2,2:44.57,164.57,False,False,False,"45.60,1:25.42,2:04.40"
75,長水路,17,混合,4×50mメドレーリレー,240～279歳,2:08.11,2:13.81,2:13.81,4,セ・西新井,240,3/1,2:47.36,167.36,False,False,False,"34.52,1:33.39,2:18.71"
75,長水路,17,混合,4×50mメドレーリレー,240～279歳,2:08.11,2:13.81,2:13.81,5,セ・越谷,249,2/6,2:48.72,168.72,False,False,False,"46.07,1:31.92,2:11.67"
75,長水路,17,混合,4×50mメドレーリレー,240～279歳,2:08.11,2:13.81,2:13.81,6,セ・用賀,243,2/5,2:50.50,170.5,False,False,False,"50.41,1:33.21,2:07.70"
75,長水路,17,混合,4×50mメドレーリレー,240～279歳,2:08.11,2:13.81,2:13.81,7,セ・我孫子,243,1/5,2:51.20,171.2,False,False,False,"44.71,1:28.58,2:09.72"
75,長水路,17,混合,4×50mメドレーリレー,240～279歳,2:08.11,2:13.81,2:13.81,8,セ・成瀬,245,3/10,2:51.97,171.97,False,False,False,"48.34,1:25.36,2:06.30"
75,長水路,17,混合,4×50mメドレーリレー,240～279歳,2:08.11,2:13.81,2:13.81,9,セ・天王洲,242,2/2,2:53.68,173.68,False,False,False,"50.37,1:32.89,2:08.38"
75,長水路,17,混合,4×50mメドレーリレー,240～279歳,2:08.11,2:13.81,2:13.81,10,セ・おおたか,254,1/4,3:01.26,181.26,False,False,False,"50.59,1:45.11,2:25.39"
75,長水路,17,混合,4×50mメドレーリレー,200～239歳,1:59.99,2:01.31,2:08.68,1,セ・大宮宮原,200,4/8,2:18.41,138.41,False,False,False,"37.94,1:11.62,1:45.95"
75,長水路,17,混合,4×50mメドレーリレー,200～239歳,1:59.99,2:01.31,2:08.68,2,セ・市ヶ尾,202,4/9,2:22.39,142.39,False,False,False,"33.90,1:10.91,1:47.84"
75,長水路,17,混合,4×50mメドレーリレー,200～239歳,1:59.99,2:01.31,2:08.68,3,セ・用賀,202,4/7,2:29.42,149.42000000000002,False,False,False,"36.31,1:12.87,1:49.28"
75,長水路,17,混合,4×50mメドレーリレー,200～239歳,1:59.99,2:01.31,2:08.68,4,セ・阿佐谷,203,3/3,2:36.15,156.15,False,False,False,"39.86,1:22.05,1:58.88"
75,長水路,17,混合,4×50mメドレーリレー,200～239歳,1:59.99,2:01.31,2:08.68,5,セ・成瀬,200,3/5,2:36.77,156.77,False,False,False,"40.87,1:30.24,1:59.81"
75,長水路,17,混合,4×50mメドレーリレー,200～239歳,1:59.99,2:01.31,2:08.68,6,セ・目黒,207,3/4,2:38.38,158.38,False,False,False,"51.10,1:32.58,2:08.96"
75,長水路,17,混合,4×50mメドレーリレー,200～239歳,1:59.99,2:01.31,2:08.68,7,ザバス鶴見,211,4/2,2:44.60,164.6,False,False,False,"31.44,1:26.48,2:07.83"
75,長水路,17,混合,4×50mメドレーリレー,200～239歳,1:59.99,2:01.31,2:08.68,8,セ・トレッサ,221,2/7,2:48.45,168.45,False,False,False,"1:33.63,2:04.61,2:48.45"
75,長水路,17,混合,4×50mメドレーリレー,200～239歳,1:59.99,2:01.31,2:08.68,9,セ・おおたか,228,2/4,2:54.05,174.05,False,False,False,"52.48,1:38.81,2:12.06"
75,長水路,17,混合,4×50mメドレーリレー,200～239歳,1:59.99,2:01.31,2:08.68,10,セ・慶應日吉,205,2/8,2:58.36,178.36,False,False,False,"47.97,1:46.88,2:18.96"
75,長水路,17,混合,4×50mメドレーリレー,200～239歳,1:59.99,2:01.31,2:08.68,11,セ・蘇我,210,2/9,3:00.76,180.76,False,False,False,"49.87,1:43.20,2:23.29"
75,長水路,17,混合,4×50mメドレーリレー,200～239歳,1:59.99,2:01.31,2:08.68,12,Ｇ－ＳＰＡ,231,2/1,3:01.57,181.57,False,False,False,"46.62,1:42.33,2:28.40"
75,長水路,17,混合,4×50mメドレーリレー,200～239歳,1:59.99,2:01.31,2:08.68,13,クリーンスパ,235,1/8,3:21.03,201.03,False,False,False,"53.23,1:38.40,2:33.16"
75,長水路,17,混合,4×50mメドレーリレー,160～199歳,1:53.25,1:55.11,2:07.28,1,セ・長津田,163,5/3,2:09.20,129.2,False,False,False,"34.65,1:09.01,1:40.13"
75,長水路,17,混合,4×50mメドレーリレー,160～199歳,1:53.25,1:55.11,2:07.28,2,セ・阿佐谷,179,5/10,2:16.65,136.65,False,False,False,"31.47,1:11.45,1:40.22"
75,長水路,17,混合,4×50mメドレーリレー,160～199歳,1:53.25,1:55.11,2:07.28,3,セ・二俣川,167,5/2,2:16.89,136.89,False,False,False,"42.11,1:14.99,1:40.33"
75,長水路,17,混合,4×50mメドレーリレー,160～199歳,1:53.25,1:55.11,2:07.28,4,セ・桶川北本,162,3/7,2:27.37,147.37,False,False,False,"36.90,1:10.87,1:42.19"
75,長水路,17,混合,4×50mメドレーリレー,160～199歳,1:53.25,1:55.11,2:07.28,5,セ・茂原,160,3/9,2:29.72,149.72,False,False,False,"32.43,1:22.93,1:52.98"
75,長水路,17,混合,4×50mメドレーリレー,160～199歳,1:53.25,1:55.11,2:07.28,6,セ・成城,164,5/1,2:30.70,150.7,False,False,False,"35.95,1:22.58,1:57.86"
75,長水路,17,混合,4×50mメドレーリレー,160～199歳,1:53.25,1:55.11,2:07.28,7,ザバス金沢八,198,4/10,2:33.11,153.11,False,False,False,"46.02,1:27.95,1:56.45"
75,長水路,17,混合,4×50mメドレーリレー,160～199歳,1:53.25,1:55.11,2:07.28,8,セ・南千住,169,3/8,2:38.19,158.19,False,False,False,"33.78,1:34.02,2:06.53"
75,長水路,17,混合,4×50mメドレーリレー,120～159歳,1:50.77,1:52.24,2:01.01,1,セ・武蔵小杉,155,5/9,2:09.64,129.64,False,False,False,"35.55,1:08.11,1:38.56"
75,長水路,17,混合,4×50mメドレーリレー,120～159歳,1:50.77,1:52.24,2:01.01,2,セ・二俣川,122,5/7,2:09.71,129.71,False,False,False,"35.88,1:07.23,1:36.75"
75,長水路,17,混合,4×50mメドレーリレー,120～159歳,1:50.77,1:52.24,2:01.01,3,セ・成城,122,5/4,2:15.32,135.32,False,False,False,"35.70,1:11.82,1:48.67"
75,長水路,17,混合,4×50mメドレーリレー,120～159歳,1:50.77,1:52.24,2:01.01,4,セ・蒲田,147,4/4,2:15.70,135.7,False,False,False,"40.10,1:11.99,1:43.34"
75,長水路,17,混合,4×50mメドレーリレー,120～159歳,1:50.77,1:52.24,2:01.01,5,ザバス鶴見,147,4/5,2:28.40,148.4,False,False,False,"34.41,1:09.29,1:51.33"
75,長水路,17,混合,4×50mメドレーリレー,120～159歳,1:50.77,1:52.24,2:01.01,6,ザバス鶴見,136,4/6,2:36.16,156.16,False,False,False,"34.16,1:23.16,1:56.49"
75,長水路,17,混合,4×50mメドレーリレー,120～159歳,1:50.77,1:52.24,2:01.01,7,セ・長津田,155,3/6,2:43.45,163.45,False,False,False,"55.76,1:33.33,2:04.87"
75,長水路,17,混合,4×50mメドレーリレー,72～119歳,,,2:00.62,1,セ・谷津,93,5/8,2:01.64,121.64,False,False,False,"27.05,1:04.44,1:36.43"
75,長水路,17,混合,4×50mメドレーリレー,72～119歳,,,2:00.62,2,セ・二俣川,82,5/6,2:06.08,126.08,False,False,False,"35.93,1:08.39,1:37.01"
75,長水路,17,混合,4×50mメドレーリレー,72～119歳,,,2:00.62,3,ザバス鶴見,90,5/5,2:08.35,128.35,False,False,False,"33.68,1:08.04,1:36.16"
75,長水路,17,混合,4×50mメドレーリレー,72～119歳,,,2:00.62,4,セ・慶應日吉,98,2/10,2:16.77,136.77,False,False,False,"31.00,1:03.72,1:42.21"
75,長水路,18,女子,4×100mメドレーリレー,280～319歳,6:17.26,6:46.97,8:14.47,1,セ・成城,282,1/3,7:38.10,458.1,True,False,False,"50.80,1:45.70,2:55.15,4:12.73,5:01.13,6:07.48,6:49.34"
75,長水路,18,女子,4×100mメドレーリレー,280～319歳,6:17.26,6:46.97,8:14.47,2,ザバス鶴見,280,1/4,7:57.78,477.78,True,False,False,"1:01.92,2:04.19,2:58.10,4:00.51,5:03.60,6:13.23,7:03.90"
75,長水路,18,女子,4×100mメドレーリレー,240～279歳,5:19.05,5:43.15,6:27.53,1,セ・二俣川,243,1/6,6:21.43,381.43,True,False,False,"48.28,1:40.97,2:30.63,3:23.22,4:08.20,5:02.76,5:39.67"
75,長水路,18,女子,4×100mメドレーリレー,240～279歳,5:19.05,5:43.15,6:27.53,2,セ・慶應日吉,243,1/7,7:01.84,421.84,False,False,False,"51.49,1:45.26,2:32.65,3:28.90,4:20.78,5:22.06,6:08.80"
75,長水路,18,女子,4×100mメドレーリレー,240～279歳,5:19.05,5:43.15,6:27.53,3,セ・阿佐谷,262,1/8,8:52.12,532.12,False,False,False,"1:04.12,2:09.85,3:16.44,4:32.59,5:41.41,7:02.30,7:53.30"
75,長水路,18,女子,4×100mメドレーリレー,200～239歳,4:54.41,5:04.80,5:42.41,1,セ・成城,204,2/7,5:55.05,355.05,False,False,False,"43.63,1:29.65,2:15.81,3:06.61,3:45.73,4:35.27,5:14.55"
75,長水路,18,女子,4×100mメドレーリレー,200～239歳,4:54.41,5:04.80,5:42.41,2,セ・阿佐谷,219,2/8,6:15.80,375.8,False,False,False,"41.60,1:27.07,2:08.04,2:53.64,3:46.15,4:49.66,5:29.33"
75,長水路,18,女子,4×100mメドレーリレー,200～239歳,4:54.41,5:04.80,5:42.41,3,セ・大宮宮原,218,2/3,6:19.67,379.67,False,False,False,"45.89,1:32.50,2:26.33,3:30.82,4:07.07,4:48.41,5:30.47"
75,長水路,18,女子,4×100mメドレーリレー,200～239歳,4:54.41,5:04.80,5:42.41,4,ザバス鶴見,202,1/5,6:55.49,415.49,False,False,False,"52.59,1:45.61,2:41.84,3:43.38,4:31.70,5:33.32,6:12.83"
75,長水路,18,女子,4×100mメドレーリレー,160～199歳,4:40.42,4:42.46,5:17.33,1,セ・二俣川,165,2/2,6:27.81,387.81,False,False,False,"46.53,1:34.51,2:20.27,3:12.12,4:00.00,4:57.76,5:40.57"
75,長水路,18,女子,4×100mメドレーリレー,120～159歳,4:35.76,4:37.21,5:04.58,1,ザバス鶴見,128,2/5,5:46.60,346.6,False,False,False,"40.58,1:25.33,2:11.67,3:03.03,3:39.45,4:26.34,5:03.77"
75,長水路,18,女子,4×100mメドレーリレー,72～119歳,,,5:07.97,1,セ・二俣川,86,2/6,5:20.83,320.83,False,False,False,"37.61,1:15.59,2:03.84,2:58.59,3:32.47,4:14.38,4:46.26"
75,長水路,18,女子,4×100mメドレーリレー,72～119歳,,,5:07.97,2,セ・成城,103,2/4,5:34.47,334.47,False,False,False,"38.36,1:22.56,2:04.66,2:52.99,3:32.35,4:19.73,4:54.87"
75,長水路,19,男子,4×100mメドレーリレー,240～279歳,4:32.15,4:48.56,4:48.79,1,セ・阿佐谷,271,1/2,5:40.94,340.94,False,False,False,"46.13,1:36.55,2:21.39,3:14.47,3:48.47,4:28.36,5:03.08"
75,長水路,19,男子,4×100mメドレーリレー,240～279歳,4:32.15,4:48.56,4:48.79,2,ザバス鶴見,242,1/9,7:35.79,455.79,False,False,False,"54.69,1:53.99,2:44.63,3:42.06,5:01.16,6:22.44,6:55.85"
75,長水路,19,男子,4×100mメドレーリレー,200～239歳,4:13.76,4:21.85,4:43.82,1,セ・長津田,207,1/8,5:22.90,322.9,False,False,False,"37.81,1:16.39,1:54.52,2:43.16,3:15.61,3:58.32,4:38.56"
75,長水路,19,男子,4×100mメドレーリレー,200～239歳,4:13.76,4:21.85,4:43.82,2,ザバス鶴見,203,1/4,5:32.89,332.89,False,False,False,"43.29,1:27.84,2:12.45,3:02.66,3:37.09,4:19.64,4:54.79"
75,長水路,19,男子,4×100mメドレーリレー,160～199歳,4:01.27,4:01.27,4:11.57,1,セ・二俣川,178,2/9,4:46.76,286.76,False,False,False,"36.88,1:16.61,1:51.13,2:30.24,3:05.15,3:45.95,4:14.75"
75,長水路,19,男子,4×100mメドレーリレー,160～199歳,4:01.27,4:01.27,4:11.57,2,セ・阿佐谷,161,1/7,4:51.88,291.88,False,False,False,"36.25,1:14.99,1:51.58,2:31.42,3:05.16,3:52.91"
75,長水路,19,男子,4×100mメドレーリレー,120～159歳,3:49.75,3:49.75,4:06.23,1,セ・二俣川,152,2/6,4:26.23,266.23,False,False,False,"35.18,1:13.08,1:47.64,2:26.57,2:57.44,3:32.77,3:58.81"
75,長水路,19,男子,4×100mメドレーリレー,120～159歳,3:49.75,3:49.75,4:06.23,2,セ・清瀬,157,2/3,4:33.28,273.28,False,False,False,"29.48,1:01.48,1:34.32,2:12.82,2:47.60,3:32.54,4:00.90"
75,長水路,19,男子,4×100mメドレーリレー,120～159歳,3:49.75,3:49.75,4:06.23,3,セ・阿佐谷,133,2/2,4:41.34,281.34000000000003,False,False,False,"32.57,1:09.55,1:43.89,2:27.00,2:57.65,3:36.14,4:06.99"
75,長水路,19,男子,4×100mメドレーリレー,120～159歳,3:49.75,3:49.75,4:06.23,4,セ・成城,140,1/6,4:43.02,283.02,False,False,False,"37.65,1:16.73,1:54.97,2:35.79,3:05.94,3:40.75,4:10.02"
75,長水路,19,男子,4×100mメドレーリレー,120～159歳,3:49.75,3:49.75,4:06.23,5,セ・天王洲,130,1/5,4:54.05,294.05,False,False,False,"35.84,1:12.84,1:51.25,2:34.33,3:08.52,3:48.69,4:19.33"
75,長水路,19,男子,4×100mメドレーリレー,120～159歳,3:49.75,3:49.75,4:06.23,6,ザバス鶴見,151,2/4,5:14.56,314.56,False,False,False,"38.39,1:18.41,1:56.14,2:40.31,3:14.76,3:58.95,4:33.78"
75,長水路,19,男子,4×100mメドレーリレー,72～119歳,,,3:59.80,1,セ・慶應日吉,85,1/3,4:14.22,254.22,False,False,False,"31.51,1:07.30,1:41.39,2:20.19,2:48.20,3:21.12,3:46.34"
75,長水路,19,男子,4×100mメドレーリレー,72～119歳,,,3:59.80,2,ザバス鶴見,91,2/5,4:40.28,280.28,False,False,False,"35.53,1:11.19,1:50.90,2:34.57,3:04.16,3:38.05,4:07.48"
75,長水路,19,男子,4×100mメドレーリレー,72～119歳,,,3:59.80,3,セ・二俣川,99,2/7,4:43.54,283.54,False,False,False,"37.94,1:20.79,1:56.78,2:37.54,3:07.15,3:43.47,4:11.69"
75,長水路,24,混合,4×50mフリーリレー,320～359歳,2:35.97,2:37.10,3:07.41,1,ザバス鶴見,321,1/2,3:22.45,202.45,False,False,False,"57.97,1:35.36,2:48.40"
75,長水路,24,混合,4×50mフリーリレー,280～319歳,2:03.33,2:13.73,2:35.42,1,セ・阿佐谷,281,3/6,2:24.46,144.46,True,False,False,"36.55,1:17.22,1:55.02"
75,長水路,24,混合,4×50mフリーリレー,280～319歳,2:03.33,2:13.73,2:35.42,2,セ・成城,283,2/7,2:32.77,152.77,True,False,False,"41.52,1:21.59,1:57.89"
75,長水路,24,混合,4×50mフリーリレー,280～319歳,2:03.33,2:13.73,2:35.42,3,セ・慶應日吉,288,1/6,2:53.96,173.96,False,False,False,"49.64,1:34.84,2:15.52"
75,長水路,24,混合,4×50mフリーリレー,240～279歳,1:54.54,1:56.75,2:01.69,1,セ・市ヶ尾,244,5/9,2:12.97,132.97,False,False,False,"29.86,1:01.00,1:43.83"
75,長水路,24,混合,4×50mフリーリレー,240～279歳,1:54.54,1:56.75,2:01.69,2,セ・二俣川,250,4/3,2:15.18,135.18,False,False,False,"31.49,1:07.25,1:39.50"
75,長水路,24,混合,4×50mフリーリレー,240～279歳,1:54.54,1:56.75,2:01.69,3,セ・成城,245,4/6,2:15.54,135.54,False,False,False,"27.41,1:02.20,1:40.26"
75,長水路,24,混合,4×50mフリーリレー,240～279歳,1:54.54,1:56.75,2:01.69,4,セ・西新井,240,4/10,2:18.79,138.79,False,False,False,"28.50,1:13.19,1:50.47"
75,長水路,24,混合,4×50mフリーリレー,240～279歳,1:54.54,1:56.75,2:01.69,5,セ・成瀬,247,3/5,2:24.32,144.32,False,False,False,"30.45,1:11.77,1:51.98"
75,長水路,24,混合,4×50mフリーリレー,240～279歳,1:54.54,1:56.75,2:01.69,6,セ・葛西,240,3/8,2:27.02,147.02,False,False,False,"31.59,1:13.11,1:56.65"
75,長水路,24,混合,4×50mフリーリレー,240～279歳,1:54.54,1:56.75,2:01.69,7,セ・天王洲,241,3/10,2:28.90,148.9,False,False,False,"30.58,1:13.64,1:55.29"
75,長水路,24,混合,4×50mフリーリレー,240～279歳,1:54.54,1:56.75,2:01.69,8,セ・長津田,244,3/2,2:32.22,152.22,False,False,False,"31.00,1:07.14,1:49.46"
75,長水路,24,混合,4×50mフリーリレー,240～279歳,1:54.54,1:56.75,2:01.69,9,ザバス鶴見,246,1/5,2:44.35,164.35,False,False,False,"42.82,1:22.12,2:09.07"
75,長水路,24,混合,4×50mフリーリレー,240～279歳,1:54.54,1:56.75,2:01.69,10,セ・成城,244,2/3,2:44.86,164.86,False,False,False,"36.49,1:21.56,2:03.24"
75,長水路,24,混合,4×50mフリーリレー,240～279歳,1:54.54,1:56.75,2:01.69,11,セ・清瀬,273,1/4,2:52.63,172.63,False,False,False,"38.94,1:29.19,2:17.44"
75,長水路,24,混合,4×50mフリーリレー,200～239歳,1:44.96,1:49.36,1:56.75,1,ザバス鶴見,204,5/6,2:04.02,124.02,False,False,False,"30.58,1:07.12,1:33.70"
75,長水路,24,混合,4×50mフリーリレー,200～239歳,1:44.96,1:49.36,1:56.75,2,セ・大宮宮原,216,5/5,2:04.77,124.77,False,False,False,"33.40,1:03.34,1:37.63"
75,長水路,24,混合,4×50mフリーリレー,200～239歳,1:44.96,1:49.36,1:56.75,3,セ・阿佐谷,200,6/4,2:05.31,125.31,False,False,False,"32.35,1:09.14,1:39.48"
75,長水路,24,混合,4×50mフリーリレー,200～239歳,1:44.96,1:49.36,1:56.75,4,セ・二俣川,205,6/9,2:09.67,129.67,False,False,False,"28.59,1:04.06,1:41.57"
75,長水路,24,混合,4×50mフリーリレー,200～239歳,1:44.96,1:49.36,1:56.75,5,セ・二俣川,202,4/8,2:12.42,132.42,False,False,False,"29.18,1:05.23,1:45.50"
75,長水路,24,混合,4×50mフリーリレー,200～239歳,1:44.96,1:49.36,1:56.75,6,セ・用賀,205,5/3,2:15.89,135.89,False,False,False,"33.39,1:13.72,1:42.98"
75,長水路,24,混合,4×50mフリーリレー,200～239歳,1:44.96,1:49.36,1:56.75,7,セ・市ヶ尾,201,4/2,2:19.93,139.93,False,False,False,"33.49,1:11.68,1:45.42"
75,長水路,24,混合,4×50mフリーリレー,200～239歳,1:44.96,1:49.36,1:56.75,8,セ・大森,216,3/9,2:21.62,141.62,False,False,False,"36.24,1:17.20,1:55.70"
75,長水路,24,混合,4×50mフリーリレー,200～239歳,1:44.96,1:49.36,1:56.75,9,セ・桶川北本,225,2/8,2:24.31,144.31,False,False,False,"27.27,1:00.32,1:45.28"
75,長水路,24,混合,4×50mフリーリレー,200～239歳,1:44.96,1:49.36,1:56.75,10,セ・松戸,217,3/3,2:24.36,144.36,False,False,False,"35.26,1:08.94,1:46.74"
75,長水路,24,混合,4×50mフリーリレー,200～239歳,1:44.96,1:49.36,1:56.75,11,ザバス鶴見,218,3/7,2:24.52,144.52,False,False,False,"37.63,1:16.59,1:51.30"
75,長水路,24,混合,4×50mフリーリレー,200～239歳,1:44.96,1:49.36,1:56.75,12,セ・南青山,211,2/4,2:28.33,148.32999999999998,False,False,False,"35.05,1:17.29,1:57.04"
75,長水路,24,混合,4×50mフリーリレー,200～239歳,1:44.96,1:49.36,1:56.75,13,セ・大森,203,2/2,2:28.84,148.84,False,False,False,"32.95,1:15.51,1:58.72"
75,長水路,24,混合,4×50mフリーリレー,200～239歳,1:44.96,1:49.36,1:56.75,14,セ・上池袋,231,2/9,2:29.14,149.14,False,False,False,"34.53,1:15.81,1:56.29"
75,長水路,24,混合,4×50mフリーリレー,200～239歳,1:44.96,1:49.36,1:56.75,15,セ・清瀬,214,3/4,2:30.74,150.74,False,False,False,"31.37,1:21.74,2:02.32"
75,長水路,24,混合,4×50mフリーリレー,200～239歳,1:44.96,1:49.36,1:56.75,16,セ・成城,239,5/2,2:32.09,152.09,False,False,False,"44.20,1:20.94,1:56.24"
75,長水路,24,混合,4×50mフリーリレー,200～239歳,1:44.96,1:49.36,1:56.75,17,セ・成城,232,4/4,2:34.23,154.23,False,False,False,"39.37,1:19.10,2:03.28"
75,長水路,24,混合,4×50mフリーリレー,160～199歳,1:42.27,1:44.31,1:54.40,1,セ・長津田,164,7/7,1:54.86,114.86,False,False,False,"28.67,56.81,1:25.89"
75,長水路,24,混合,4×50mフリーリレー,160～199歳,1:42.27,1:44.31,1:54.40,2,セ・千葉みなと,183,7/2,1:58.03,118.03,False,False,False,"27.21,54.67,1:27.18"
75,長水路,24,混合,4×50mフリーリレー,160～199歳,1:42.27,1:44.31,1:54.40,3,セ・二俣川,163,6/5,1:59.42,119.42,False,False,False,"26.28,59.61,1:35.86"
75,長水路,24,混合,4×50mフリーリレー,160～199歳,1:42.27,1:44.31,1:54.40,4,セ・成城,189,7/9,2:00.98,120.98,False,False,False,"27.39,56.00,1:29.12"
75,長水路,24,混合,4×50mフリーリレー,160～199歳,1:42.27,1:44.31,1:54.40,5,セ・葛西,168,6/8,2:04.17,124.17,False,False,False,"29.24,54.98,1:31.81"
75,長水路,24,混合,4×50mフリーリレー,160～199歳,1:42.27,1:44.31,1:54.40,6,ザバス鶴見,171,5/4,2:04.89,124.89,False,False,False,"32.79,1:08.98,1:37.40"
75,長水路,24,混合,4×50mフリーリレー,160～199歳,1:42.27,1:44.31,1:54.40,7,セ・清瀬,180,6/1,2:04.94,124.94,False,False,False,"26.96,1:01.70,1:36.80"
75,長水路,24,混合,4×50mフリーリレー,160～199歳,1:42.27,1:44.31,1:54.40,8,セ・天王洲,160,6/3,2:06.61,126.61,False,False,False,"28.08,1:04.33,1:38.74"
75,長水路,24,混合,4×50mフリーリレー,160～199歳,1:42.27,1:44.31,1:54.40,9,セ・横浜,191,5/10,2:10.01,130.01,False,False,False,"34.87,1:11.30,1:44.32"
75,長水路,24,混合,4×50mフリーリレー,160～199歳,1:42.27,1:44.31,1:54.40,10,セ・目黒,199,4/7,2:10.19,130.19,False,False,False,"29.63,1:04.91,1:35.39"
75,長水路,24,混合,4×50mフリーリレー,160～199歳,1:42.27,1:44.31,1:54.40,11,セ・長津田,180,4/9,2:19.98,139.98,False,False,False,"30.12,1:00.39,1:41.92"
75,長水路,24,混合,4×50mフリーリレー,160～199歳,1:42.27,1:44.31,1:54.40,12,セ・青砥,178,3/1,2:35.14,155.14,False,False,False,"36.77,1:19.46,2:06.21"
75,長水路,24,混合,4×50mフリーリレー,160～199歳,1:42.27,1:44.31,1:54.40,13,セ・慶應日吉,193,1/3,2:38.28,158.28,False,False,False,"50.22,1:22.63,2:05.32"
75,長水路,24,混合,4×50mフリーリレー,120～159歳,1:40.14,1:42.93,1:49.82,1,セ・二俣川,122,7/3,1:55.02,115.02000000000001,False,False,False,"25.72,57.89,1:28.00"
75,長水路,24,混合,4×50mフリーリレー,120～159歳,1:40.14,1:42.93,1:49.82,2,セ・武蔵小杉,151,7/4,1:55.87,115.87,False,False,False,"26.29,59.19,1:30.35"
75,長水路,24,混合,4×50mフリーリレー,120～159歳,1:40.14,1:42.93,1:49.82,3,セ・成城,122,6/7,2:02.70,122.7,False,False,False,"27.74,59.13,1:31.51"
75,長水路,24,混合,4×50mフリーリレー,120～159歳,1:40.14,1:42.93,1:49.82,4,ザバス鶴見,142,5/7,2:03.41,123.41,False,False,False,"26.92,1:00.06,1:36.96"
75,長水路,24,混合,4×50mフリーリレー,120～159歳,1:40.14,1:42.93,1:49.82,5,セ・慶應日吉,158,1/7,2:07.31,127.31,False,False,False,"28.98,1:02.93,1:40.38"
75,長水路,24,混合,4×50mフリーリレー,120～159歳,1:40.14,1:42.93,1:49.82,6,セ・清瀬,157,6/2,2:07.45,127.45,False,False,False,"25.68,1:03.81,1:40.75"
75,長水路,24,混合,4×50mフリーリレー,120～159歳,1:40.14,1:42.93,1:49.82,7,セ・阿佐谷,156,6/6,2:08.14,128.14,False,False,False,"27.43,1:10.02,1:41.55"
75,長水路,24,混合,4×50mフリーリレー,120～159歳,1:40.14,1:42.93,1:49.82,8,セ・蒲田,136,4/5,2:08.69,128.69,False,False,False,"30.24,1:14.76,1:42.22"
75,長水路,24,混合,4×50mフリーリレー,120～159歳,1:40.14,1:42.93,1:49.82,9,ザバス川崎,153,5/1,2:09.29,129.29,False,False,False,"27.82,1:02.82,1:41.77"
75,長水路,24,混合,4×50mフリーリレー,120～159歳,1:40.14,1:42.93,1:49.82,10,セ・天王洲,154,5/8,2:10.98,130.98,False,False,False,"26.52,1:09.52,1:42.63"
75,長水路,24,混合,4×50mフリーリレー,72～119歳,,,1:45.10,1,セ・谷津,93,7/1,1:49.94,109.94,False,False,False,"24.28,55.18,1:20.63"
75,長水路,24,混合,4×50mフリーリレー,72～119歳,,,1:45.10,2,セ・成城,108,7/8,1:52.49,112.49000000000001,False,False,False,"26.30,52.05,1:22.46"
75,長水路,24,混合,4×50mフリーリレー,72～119歳,,,1:45.10,3,セ・二俣川,82,7/5,1:52.63,112.63,False,False,False,"26.75,55.82,1:23.00"
75,長水路,24,混合,4×50mフリーリレー,72～119歳,,,1:45.10,4,ザバス鶴見,90,7/6,1:54.14,114.14,False,False,False,"30.04,1:02.23,1:29.05"
75,長水路,24,混合,4×50mフリーリレー,72～119歳,,,1:45.10,5,セ・柏,118,7/10,1:54.56,114.56,False,False,False,"30.82,1:01.97,1:29.67"
75,長水路,24,混合,4×50mフリーリレー,72～119歳,,,1:45.10,6,セ・慶應日吉,112,4/1,1:55.99,115.99000000000001,False,False,False,"24.72,1:00.46,1:31.10"
75,長水路,24,混合,4×50mフリーリレー,72～119歳,,,1:45.10,7,セ・茂原,119,6/10,2:00.52,120.52,False,False,False,"25.73,55.84,1:31.61"
