name,team_name,gender
森川タエ子,セ・我孫子,女子
佐藤由利子,セ・用賀,女子
安澤イソ子,セ・市ヶ尾,女子
御手洗ヨシ,CS南行徳,女子
竹原君枝,セ・慶應日吉,女子
中平信子,セ・成瀬,女子
青砥美智子,セ・葛西,女子
岡村悦子,セ・おおたか,女子
大熊正子,セ・桶川北本,女子
菅井道子,セ・戸塚,女子
菅野泰子,セ・葛西,女子
森谷登志江,セ・慶應日吉,女子
山崎京子,セ・横浜,女子
育村博子,セ・おおたか,女子
久松葉子,セ・成瀬,女子
森本美恵,セ・松戸,女子
石河久美子,セ・溝ノ口,女子
臼井希代子,セ・大宮宮原,女子
日和久美子,セ・戸塚,女子
岡田美恵子,セ・溝ノ口,女子
三嶋祐子,セ・阿佐谷,女子
大西和子,セ・天王洲,女子
石井裕美,セ・ときわ台,女子
岡田眞弓,セ・清瀬,女子
伊藤みどり,セ・能見台,女子
高橋久美,セ・市川,女子
草森理子,セ・成城,女子
盛田真規子,セ・二俣川,女子
山中恵子,セ・桶川北本,女子
宮内麻里,曽谷・セ,女子
清水孝子,セ・福生,女子
久保とし子,セ・長津田,女子
宮田ひとみ,セ・阿佐谷,女子
桐沢ひとみ,セ・大森,女子
増子保子,セ・蘇我,女子
年岡仁美,セ・千葉みなと,女子
八尋加苗,セ・松戸,女子
松川律子,セ・二俣川,女子
柳田喜代美,セ・能見台,女子
山口仁子,セ・上池袋,女子
棚橋悦子,セ・自由が丘,女子
森内裕子,セ・天王洲,女子
佐々木夕子,セ・市ヶ尾,女子
工藤遵江,セ・F宇都宮,女子
友田智哲,セ・南青山,女子
菅原幸,セ・トレッサ,女子
柳有美子,セ・おおたか,女子
成島志雅子,セ・F宇都宮,女子
小田桐知子,セ・志木,女子
森信子,セ・大森,女子
高橋麻子,セ・市ヶ尾,女子
草野茜,セ・二俣川,女子
吉池奈々,セ・二俣川,女子
細沼悦子,セ・越谷,女子
前田由希映,セ・二俣川,女子
吉村華余,セ・長津田,女子
錦織佳奈子,ザバス川崎,女子
久保かおり,セ・長津田,女子
四井美穂,セ・天王洲,女子
田中美鈴,セ・武蔵小杉,女子
久保美由紀,セ・長津田,女子
長谷川恵,セ・阿佐谷,女子
中山翠,ザバス川崎,女子
竹下菜々美,セ・二俣川,女子
川俣星,セ・新都心,女子
新後海優,セ・トレッサ,女子
村岡礼奈,セ・桶川北本,女子
渡辺美楓,セ・谷津,女子
広瀬幸音,セ・成城,女子
川本剛,セ・長沼,男子
眞壁功,セ・藤沢,男子
嶋﨑昭夫,セ・西東京,男子
若宮強,セ・成城,男子
菱沼和男,セ・葛西,男子
森下善夫,セ・大宮宮原,男子
吉原一彦,セ・阿佐谷,男子
柏木治久,セ・成瀬,男子
井上昌臣,セ・西東京,男子
臼井全人,セ・大宮宮原,男子
折居彰,セ・阿佐谷,男子
中井岳郎,セ・成城,男子
渡部佳彦,セ・市川,男子
下家成人,セ・二俣川,男子
久保田勝己,セ・阿佐谷,男子
神尾尚人,セ・市ヶ尾,男子
若島健二,セ・二俣川,男子
池谷千尋,セ・長津田,男子
名田裕,セ・稲毛海岸,男子
山本和巳,セ・茂原,男子
矢部裕之,セ・長津田,男子
中村勝,セ・南千住,男子
宮木幸彦,セ・葛西,男子
宮川則仁,セ・大宮宮原,男子
塚本幸治,セ・千葉みなと,男子
本間丈博,セ・稲毛海岸,男子
永家一徳,セ・市川,男子
中島茂,セ・S湘南台,男子
近藤正之,セ・上池袋,男子
吉峯幸郎,セ・用賀,男子
高田義久,セ・八王子,男子
大塚秀幸,セ・慶應日吉,男子
萱沼憲司郎,セ・茂原,男子
佐藤流生,セ・天王洲,男子
田窪達,セ・市ヶ尾,男子
山田耕一,セ・清瀬,男子
石上智啓,セ・二俣川,男子
渡部弘一,セ・市川,男子
清田真人,セ・大宮宮原,男子
山田大介,セ・武蔵小杉,男子
渡誠,セ・清瀬,男子
山本英男,セ・大宮宮原,男子
塚越有宏,セ・市ヶ尾,男子
岩崎明,セ・前橋,男子
今井英大,セ・川越,男子
山岡拓馬,セ・清瀬,男子
永瀬知之,セ・二俣川,男子
花井一也,セ・長津田,男子
桐本兼輔,セ・福生,男子
皆川雅登,セ・大宮宮原,男子
齊藤仁,セ・茂原,男子
古屋俊一,セ・ときわ台,男子
志水剛,セ・大宮宮原,男子
櫻井直仁,セ・清瀬,男子
前田崇行,セ・二俣川,男子
石井将太,セ・成瀬,男子
森本祐一,セ・清瀬,男子
大作善洋,セ・柏,男子
田子晃,セ・自由が丘,男子
和田祐児,セ・松戸,男子
高木祥一,セ・武蔵小杉,男子
岩本和也,セ・志木,男子
奥平竜司,セ・武蔵小杉,男子
長田裕史,セ・柏,男子
高津周平,セ・武蔵小杉,男子
浅生真,セ・市川,男子
和田亮,セ・阿佐谷,男子
中西剛,セ・成城,男子
村田健太,セ・二俣川,男子
山田義明,セ・おおたか,男子
小野健,セ・天王洲,男子
泉翔太,セ・葛西,男子
菅原啓,セ・慶應日吉,男子
黒田大介,セ・成城,男子
柿沼龍史,セ・成城,男子
山浦信,セ・成城,男子
木村隼人,セ・八王子,男子
田中啓二朗,セ・二俣川,男子
日吉将輝,セ・大宮宮原,男子
小野洋子,セ・我孫子,女子
大山恵子,セ・葛西,女子
青木華世子,セ・松戸,女子
菅和江,セ・戸塚,女子
松木真知子,セ・ときわ台,女子
木村恵子,セ・越谷,女子
井手敦子,セ・慶應日吉,女子
福森公子,セ・能見台,女子
相馬絹代,セ・溝ノ口,女子
太田初美,セ・越谷,女子
近藤みゆき,セ・阿佐谷,女子
野島久枝,セ・二俣川,女子
上野真弓,セ・二俣川,女子
高松早智子,セ・南宇都宮,女子
渡部美紀,セ・能見台,女子
角南美貴,セ・我孫子,女子
広瀬百合香,セ・戸塚,女子
鎌田和代,セ・千葉みなと,女子
大島江理子,セ・大森,女子
白須靖子,セ・市ヶ尾,女子
羽田文,セ・成城,女子
青山里香,セ・成瀬,女子
佐藤桂子,セ・横浜,女子
赤坂恵美子,セ・志木,女子
山田未紗子,セ・越谷,女子
遠藤桃,セ・越谷,女子
石井理桜子,セ・市川,女子
嶋田菜々子,セ・おおたか,女子
足立知実,セ・平塚,女子
竹山睦月,セ・南青山,女子
高崎優奈,セ・清瀬,女子
木津誠,セ・成城,男子
白井清嗣,セ・大宮宮原,男子
伴野保志,セ・阿佐谷,男子
齋藤博憲,ザバス鶴見,男子
小池輝明,セ・武蔵小杉,男子
大塚克,セ・市川,男子
近江信之,セ・武蔵小杉,男子
小島淳,セ・柏,男子
横山恵一,セ・越谷,男子
二宮博,セ・横浜,男子
小倉秀和,セ・清瀬,男子
中村良樹,セ・武蔵小杉,男子
長野三郎,セ・千葉みなと,男子
柄澤英也,セ・用賀,男子
村上政行,セ・武蔵小杉,男子
北村洋一,セ・大森,男子
平田博之,セ・ときわ台,男子
成島毅,セ・F宇都宮,男子
祖川久茂,セ・長津田,男子
佐々木栄一,G-SPA,男子
大川明徳,セ・阿佐谷,男子
羽田浩一,セ・成城,男子
長谷川仁,セ・南千住,男子
渡邊忠幸,セ・南宇都宮,男子
大沢祐輔,セ・福生,男子
大窪康治,セ・清瀬,男子
棚網宏之,セ・阿佐谷,男子
大作善祥,セ・柏,男子
図師拓千,セ・市ヶ尾,男子
植木秀志,セ・久喜,男子
土屋大貴,セ・平塚,男子
石井孟,セ・葛西,男子
今里昂哉,セ・清瀬,男子
佐々木天太,セ・用賀,男子
相原健吾,セ・目黒,男子
和澤情,セ・八王子,男子
田中壮一郎,セ・二俣川,男子
南里輝,セ・蒲田,男子
萩原裕大,セ・清瀬,男子
村田雅治,セ・長津田,男子
平田美佐子,セ・天王洲,女子
八田清子,セ・松戸,女子
永島郁子,ザバス鶴見,女子
武藤治子,セ・二俣川,女子
舘野圭子,セ・用賀,女子
久保美紀枝,セ・流山,女子
宇田川礼子,セ・我孫子,女子
内田良子,セ・用賀,女子
岡田まり子,CS南行徳,女子
松木弘美,セ・志木,女子
大手佳江,セ・南千住,女子
安部澄子,セ・我孫子,女子
後藤節子,セ・松戸,女子
原田岳美,セ・藤沢,女子
吉野治子,セ・成城,女子
後藤明美,セ・天王洲,女子
近藤ひな子,セ・二俣川,女子
舛尾妃呂子,セ・稲毛海岸,女子
伊藤幸英,ザバス鶴見,女子
清水裕子,セ・二俣川,女子
相澤史子,セ・松戸,女子
宮内佳代子,セ・トレッサ,女子
富樫博子,セ・大森,女子
于亜芝,セ・南千住,女子
長谷川節子,セ・天王洲,女子
友野敬子,セ・館山,女子
戸倉陽子,セ・慶應日吉,女子
野島正代,セ・阿佐谷,女子
山﨑京子,セ・横浜,女子
川久保ちづる,ザバス川崎,女子
井上美佐子,セ・大森,女子
古宇田淳子,セ・南千住,女子
五月女美幸,セ・宇都宮,女子
杉山規子,セ・川越,女子
光畑千栄子,セ・成瀬,女子
石崎節代,セ・南千住,女子
関矢秀子,セ・大宮宮原,女子
譲原恵子,セ・我孫子,女子
下川喜美枝,セ・南千住,女子
松浦敏子,セ・我孫子,女子
宮原美穂,セ・福生,女子
中島初美,セ・大森,女子
永瀬秀子,セ・二俣川,女子
西井良子,セ・福生,女子
石原なおみ,セ・阿佐谷,女子
福原美奈,セ・稲毛海岸,女子
野崎由美子,セ・おおたか,女子
茂櫛典子,セ・成城,女子
細見あけみ,セ・千葉みなと,女子
加藤雅弓,セ・新都心,女子
佐々木れい,セ・志木,女子
篠原理恵,セ・南宇都宮,女子
前畑章子,セ・慶應日吉,女子
西田三佐子,セ・大宮宮原,女子
小倉直美,セ・清瀬,女子
小林弘子,ザバス鶴見,女子
佐藤直子,セ・我孫子,女子
鈴木夏実,セ・慶應日吉,女子
富樫真樹子,セ・用賀,女子
下段千寿子,セ・越谷,女子
日置睦,セ・我孫子,女子
飯田美奈子,セ・西新井,女子
杉本浩美,セ・南千住,女子
佐々木美佐,セ・平塚,女子
原田佳子,セ・葛西,女子
石井紀美子,セ・S湘南台,女子
酒井貴代,セ・大森,女子
捶井泰子,セ・用賀,女子
津田千鶴,セ・能見台,女子
中村奈穂美,セ・越谷,女子
北瀬あづさ,セ・市ヶ尾,女子
佐々木彩,セ・成城,女子
木村美佐子,セ・南宇都宮,女子
飯澤美香,セ・我孫子,女子
小室桃子,セ・八王子,女子
手島幸恵,セ・藤沢,女子
藤本淑恵,セ・平塚,女子
福本麻美,セ・慶應日吉,女子
小野真佐子,セ・阿佐谷,女子
宮林佑妃,セ・長津田,女子
富永結衣子,セ・大森,女子
井島孝子,セ・天王洲,女子
川北恵,セ・長津田,女子
宮下奏子,セ・市ヶ尾,女子
熊谷紗友梨,セ・S湘南台,女子
仲田笑美,セ・成城,女子
木田景子,セ・平塚,女子
佐藤玖弥,セ・目黒,女子
島崎帆乃華,セ・藤沢,女子
西澤瑛倫,セ・越谷,女子
深谷美緒,セ・東十条,女子
大堀兵衛,セ・下北沢,男子
井上隆史,セ・市ヶ尾,男子
今修二,セ・越谷,男子
石井肇,墨田区体育館,男子
大内洋,セ・葛西,男子
亀田一麿,セ・東戸塚,男子
香川左近,セ・二俣川,男子
浅野唯男,セ・志木,男子
松下達一,セ・成城,男子
柏木治久,セ・成城,男子
槙田誠,セ・南千住,男子
竹内新,セ・府中,男子
仲宇佐隆一,セ・横浜,男子
茂木和哉,セ・市ヶ尾,男子
佐藤信弘,セ・桶川北本,男子
飯沼明,セ・長津田,男子
鈴木哲治,墨田区体育館,男子
山中一男,セ・阿佐谷,男子
今井正太郎,セ・前橋,男子
菊池千二,セ・市ヶ尾,男子
海辺信吉,セ・おおたか,男子
一色洋志,セ・福生,男子
金田雅之,セ・能見台,男子
黒川恵一,セ・市ヶ尾,男子
二宮次郎,セ・南宇都宮,男子
後藤潤,セ・成城,男子
金子惠一,セ・前橋,男子
小林健,セ・葛西,男子
荒川秀明,セ・前橋,男子
中津海全士,セ・S湘南台,男子
楊華,ザバス鶴見,男子
飯田正敏,セ・用賀,男子
大木義之,セ・清瀬,男子
佐騰流生,セ・天王洲,男子
半澤繁,セ・清瀬,男子
石井龍,セ・成城,男子
藤本豊和,セ・長津田,男子
西野宮冬木,セ・長津田,男子
藤井清和,セ・武蔵小杉,男子
前田光輝,セ・おおたか,男子
青木健二,セ・蒲田,男子
足立晃,セ・新川崎,男子
岡田能行,セ・越谷,男子
バーンズノーマンウィ,セ・松戸,男子
高梨繁,ザバス川崎,男子
北川貴義,セ・阿佐谷,男子
神部孝高,セ・用賀,男子
小室秀幸,セ・八王子,男子
堀川広祐,セ・二俣川,男子
磯貝知弘,セ・柏,男子
宅間健介,セ・天王洲,男子
山岡裕和,セ・ときわ台,男子
西田幸弘,セ・藤沢,男子
菅原弘貴,セ・福生,男子
小島直政,セ・久喜,男子
田辺直行,セ・武蔵小杉,男子
小林貴大,セ・蘇我,男子
鶴谷学,セ・二俣川,男子
矢作歩,セ・長津田,男子
木村知行,セ・二俣川,男子
田中遼太,セ・慶應日吉,男子
小田島丈典,セ・福生,男子
清水大輔,セ・桶川北本,男子
椎本恭平,セ・阿佐谷,男子
三浦惇生,セ・武蔵小杉,男子
増田究,セ・平塚,男子
板垣義人,セ・トレッサ,男子
内藤寿輝,セ・大森,男子
伊藤孝優,セ・八王子,男子
寺田遼太,セ・天王洲,男子
小林和矢,セ・成城,男子
松澤朋樹,セ・武蔵小杉,男子
前島悠也,セ・葛西,男子
加納聖士,セ・葛西,男子
武本侑己,セ・青砥,男子
竹下翔,セ・長津田,男子
設樂航希,セ・流山,男子
荒井優吾,セ・成瀬,男子
重高良彦,セ・能見台,男子
伊藤水晶,セ・松戸,男子
法領田徳丞,セ・蒲田,男子
金子智哉,セ・清瀬,男子
山﨑陸真,セ・二俣川,男子
西沢歩,セ・清瀬,男子
池内駿文,セ・東十条,男子
岩崎伊吹,セ・おおたか,男子
大塚裕子,セ・成城,女子
田中もみぢ,セ・おおたか,女子
須山順子,セ・松戸,女子
田之上ノブ,セ・蘇我,女子
田神洋子,セ・トレッサ,女子
三浦実恵子,セ・館山,女子
浜野操子,セ・流山,女子
岡本靖子,セ・慶應日吉,女子
大浜南海江,セ・目黒,女子
川端淑子,セ・天王洲,女子
相澤和子,セ・新都心,女子
柴田幸子,セ・ときわ台,女子
藤井一恵,セ・大森,女子
吉田三枝子,墨田区体育館,女子
川口栄子,セ・松戸,女子
中村敬子,セ・府中,女子
栗林眞知子,セ・成城,女子
古旗美鈴,セ・上池袋,女子
星幸恵,クリーンスパ,女子
浅野美恵子,セ・蒲田,女子
原田早苗,セ・南千住,女子
仲岡輝,セ・我孫子,女子
岡田啓子,セ・桶川北本,女子
橋本順子,セ・おおたか,女子
川島かよ子,セ・天王洲,女子
田野倉和子,セ・慶應日吉,女子
中田和子,セ・越谷,女子
山口英子,セ・流山,女子
栗原羊子,セ・流山,女子
山本まり子,セ・能見台,女子
小島律子,セ・谷津,女子
佐藤とき子,セ・蘇我,女子
西村咲喜子,セ・志木,女子
松村恵子,セ・葛西,女子
石塚孝子,セ・志木,女子
市野克子,セ・大森,女子
水谷裕子,セ・西新井,女子
見崎幸子,墨田区体育館,女子
平山啓子,セ・南青山,女子
梅田栄己子,セ・天王洲,女子
儀保都志子,セ・成瀬,女子
矢島きよえ,CS南行徳,女子
大久保祐美子,セ・おおたか,女子
樋口孝子,セ・阿佐谷,女子
藤田悦子,セ・二俣川,女子
吉田あけみ,セ・館山,女子
池淵玲子,セ・慶應日吉,女子
若松はる子,セ・松戸,女子
若林多恵子,セ・谷津,女子
岩塚美恵子,セ・越谷,女子
鬼束洋子,セ・天王洲,女子
青木洋子,墨田区体育館,女子
橋本美千代,セ・志木,女子
上野俊子,セ・桶川北本,女子
樋口恵子,セ・能見台,女子
石村眞理子,セ・新川崎,女子
寺西寿賀子,セ・天王洲,女子
神村祥子,クリーンスパ,女子
石田良子,セ・越谷,女子
田代眞理子,セ・成城,女子
山本由起子,セ・南千住,女子
櫻田琴,セ・天王洲,女子
江幡菜穂子,クリーンスパ,女子
原昌代,セ・市ヶ尾,女子
掃部典子,曽谷・セ,女子
小笠原京子,セ・流山,女子
東海林慶美,セ・蒲田,女子
上松弘子,セ・上池袋,女子
新井瑞枝,セ・流山,女子
渡辺米子,クリーンスパ,女子
畠山眞由美,セ・柏,女子
須田菜奈子,セ・桶川北本,女子
豊田典子,セ・下北沢,女子
武井麻知子,セ・二俣川,女子
吉川千晶,Ｇ－ＳＰＡ,女子
佐藤明美,セ・館山,女子
座間千鶴子,ザバス八景,女子
高見沢ゆみ子,セ・慶應日吉,女子
松田聡美,セ・成城,女子
田村明美,セ・慶應日吉,女子
大槻真由美,セ・清瀬,女子
神保清美,セ・自由が丘,女子
相澤紋美,セ・阿佐谷,女子
太刀岡早苗,セ・市ヶ尾,女子
津布楽美恵子,セ・ときわ台,女子
吉野ひとみ,セ・松戸,女子
三木純子,セ・流山,女子
田中香苗,セ・青砥,女子
原田由美子,セ・慶應日吉,女子
榮真須美,セ・慶應日吉,女子
菊池佐千代,セ・流山,女子
仲田久美子,セ・成城,女子
生田目則子,セ・自由が丘,女子
及川薫,セ・松戸,女子
小林のぞみ,セ・越谷,女子
中野朗子,セ・慶應日吉,女子
大野結実,セ・横浜,女子
山本登美子,セ・桶川北本,女子
蔵屋由紀子,セ・新川崎,女子
舘野美香,セ・目黒,女子
梅澤亮子,セ・桶川北本,女子
浅尾有香,セ・大森,女子
棚網恵理,セ・阿佐谷,女子
森直子,セ・成城,女子
吉岡智子,セ・新都心,女子
佐藤洋子,セ・成城,女子
糸川永利子,セ・用賀,女子
森川佳奈子,クリーンスパ,女子
比留川美緒,セ・平塚,女子
小川史枝,セ・越谷LT,女子
村岡貴子,セ・桶川北本,女子
片岡久美子,セ・茂原,女子
久保洋子,セ・流山,女子
片岡祥子,セ・千葉みなと,女子
坂本桃枝,Ｇ－ＳＰＡ,女子
栗山貴子,セ・武蔵小杉,女子
関康代,セ・宇都宮,女子
高橋里美,セ・横浜,女子
永田加那子,セ・葛西,女子
小高麻衣子,セ・市川,女子
吉田瑠夏,曽谷・セ,女子
小山内詔子,セ・下北沢,女子
中畑眸,セ・成城,女子
萩原ゆりか,セ・天王洲,女子
李鎬善,セ・目黒,女子
國政玲,セ・南青山,女子
田中志歩,セ・大森,女子
柳美希,セ・松戸,女子
高橋未沙,セ・おおたか,女子
角田優佳里,セ・青砥,女子
岡澤志織,セ・茂原,女子
高橋美波,セ・武蔵小杉,女子
君島凜香,セ・おおたか,女子
高﨑優奈,セ・清瀬,女子
竜野萌,セ・自由が丘,女子
遠藤優奈,セ・新都心,女子
表侑寿,セ・二俣川,女子
長崎千怜,セ・長津田,女子
伊藤愛羅,セ・八王子,女子
皆川すみれ,セ・南青山,女子
谷口治典,セ・久喜,男子
石川守也,セ・市川,男子
中村欣正,セ・流山,男子
丸本芳郎,ザバス鶴見,男子
増山晶一,セ・下北沢,男子
吉田亮,セ・成城,男子
丸喜章,セ・茂原,男子
田中信夫,セ・越谷,男子
瀧下敏和,セ・志木,男子
松永勝,セ・おおたか,男子
神保伸幸,セ・南青山,男子
鈴木幹男,セ・我孫子,男子
吉村進,セ・阿佐谷,男子
常山賢二,曽谷・セ,男子
宇佐美栄二,セ・阿佐谷,男子
山田幸男,セ・南千住,男子
冨松実,セ・二俣川,男子
西森文史郎,セ・長津田,男子
和田浩一,セ・用賀,男子
村木満,セ・トレッサ,男子
浦田昌和,セ・成城,男子
蛯名昌彦,セ・志木,男子
岡部浩次,セ・上池袋,男子
杉原祥之,ザバス鶴見,男子
久保卓士,セ・天王洲,男子
中津海全士,セ・Ｓ湘南台,男子
新井良育,セ・市ヶ尾,男子
福田剛紀,Ｇ－ＳＰＡ,男子
温井芳浩,セ・谷津,男子
高橋潤,セ・成瀬,男子
日暮正明,セ・天王洲,男子
河野悟,セ・慶應日吉,男子
内藤充,セ・新川崎,男子
新井田将司,セ・トレッサ,男子
荒井正明,セ・八千代台,男子
岡村勝重,セ・長津田,男子
松本考弘,セ・清瀬,男子
廣瀬淳一,セ・トレッサ,男子
青木正昭,セ・福生,男子
栗原大輔,セ・成瀬,男子
若杉佳宏,セ・阿佐谷,男子
浅野亮介,セ・新都心,男子
寺田貴洋,セ・二俣川,男子
川瀬健次,セ・大宮宮原,男子
菱川亮太,セ・市ヶ尾,男子
鈴木遼,セ・二俣川,男子
木村考太,セ・市ヶ尾,男子
土居秀雅,セ・成瀬,男子
杉山大亜,セ・二俣川,男子
中村翼,セ・天王洲,男子
廣川大起,セ・柏,男子
加藤慎梧,ザバス川崎,男子
鈴木静江,クリーンスパ,女子
新井昭代,セ・東十条,女子
倉元恵子,セ・館山,女子
田中瑛子,セ・大宮宮原,女子
加藤直子,セ・横浜,女子
滋野好子,セ・前橋,女子
坂本光子,セ・越谷,女子
松永タズヨ,セ・おおたか,女子
諸橋暁子,曽谷・セ,女子
田村俊子,セ・館山,女子
古田美智子,セ・自由が丘,女子
柴田千代子,セ・天王洲,女子
染谷敏子,セ・天王洲,女子
村上美晴,セ・東十条,女子
齊藤たか子,ザバス川崎,女子
崎山治子,セ・用賀,女子
大山伴恵,セ・トレッサ,女子
山崎美南子,セ・南青山,女子
ダン典子,セ・自由が丘,女子
高梨美樹,セ・成城,女子
立石由美子,セ・大森,女子
塙清子,セ・自由が丘,女子
浅田晴子,セ・八王子,女子
米澤美智子,セ・成瀬,女子
瀧下節子,セ・志木,女子
山梨静枝,セ・我孫子,女子
坂口好美,セ・久喜,女子
渋谷照代,セ・我孫子,女子
三枚堂かよ子,セ・阿佐谷,女子
小笠原三春,セ・八王子,女子
小関富子,セ・新都心,女子
伊藤春美,ザバス川崎,女子
池田則子,セ・松戸,女子
益田加津子,セ・自由が丘,女子
池長幸子,セ・桶川北本,女子
池田真理子,セ・大森,女子
齋藤準子,セ・茂原,女子
藤井道子,セ・我孫子,女子
田村加代子,セ・おおたか,女子
橋本真紀,セ・慶應日吉,女子
加藤かずみ,セ・八王子,女子
木村恵,セ・我孫子,女子
小高和子,セ・桶川北本,女子
高柳祐子,セ・成城,女子
山本庸子,セ・八王子,女子
伊藤ゆかり,セ・成城,女子
窪田久恵,セ・上池袋,女子
酒井寿美恵,クリーンスパ,女子
大原清美,セ・阿佐谷,女子
蛯名とも子,セ・志木,女子
長野佐稚子,セ・東十条,女子
米林清子,セ・越谷,女子
柳沢智子,セ・成城,女子
佐々木政子,セ・大森,女子
黒川慶子,セ・上池袋,女子
勝又聡子,セ・福生,女子
羽山恵津子,セ・葛西,女子
横尾しずか,セ・用賀,女子
鶴岡美佐,ザバス八景,女子
西田真樹,セ・平塚,女子
佐藤美絵子,セ・清瀬,女子
山田智子,セ・慶應日吉,女子
小池淳子,セ・長津田,女子
澤野貴子,セ・葛西,女子
三沢弘美,セ・長津田,女子
坂井慶子,セ・大宮宮原,女子
小林名緒子,セ・大森,女子
船津香,セ・自由が丘,女子
大芦薫,セ・清瀬,女子
平澤馨,セ・府中,女子
池田百合子,セ・市ヶ尾,女子
高橋圭,セ・松戸,女子
小泉未歌,セ・宇都宮,女子
池田智子,セ・目黒,女子
五十嵐知佐,セ・おおたか,女子
田原文月,セ・南千住,女子
磯村麻衣子,セ・上池袋,女子
加藤美保,セ・上池袋,女子
佐藤晶子,セ・おおたか,女子
小山香津子,セ・藤沢,女子
岩朋実,セ・川越,女子
佐藤淳子,セ・久喜,女子
田上麻紀,セ・久喜,女子
平野真紀,セ・福生,女子
日下幸子,ザバス川崎,女子
バーンズ智絵,セ・松戸,女子
高橋真美,セ・志木,女子
菅野ゆかり,セ・桶川北本,女子
清水佳苗,曽谷・セ,女子
高島典子,セ・大森,女子
篠倉有美,セ・成瀬,女子
福田ユリヤ,セ・南青山,女子
宮川ひとみ,セ・茂原,女子
斉藤靖子,セ・目黒,女子
成重夏紀,セ・藤沢,女子
小林恵理子,セ・蘇我,女子
宮本八重,セ・慶應日吉,女子
関川晶子,セ・下北沢,女子
中村可奈子,セ・おおたか,女子
溝井花代子,セ・葛西,女子
町田麻里,セ・南千住,女子
白花茉莉,セ・久喜,女子
谷美希子,セ・府中,女子
加藤涼子,セ・桶川北本,女子
新井亜衣,セ・市川,女子
菊地美春,セ・目黒,女子
新妻梓,セ・西東京,女子
岩田愛恵,セ・成城,女子
中辻澄美,セ・天王洲,女子
早川舞,セ・蒲田,女子
大椛詩織,セ・葛西,女子
吉田のばら,セ・南千住,女子
深堀陽子,セ・二俣川,女子
岡澤美咲,セ・茂原,女子
杉田望美,セ・久喜,女子
松浦沙弥,ミズノMT,女子
松澤春菜,セ・大宮宮原,女子
宮田さくら,セ・成城,女子
岡本詩絵理,セ・藤沢,女子
二宮若葉,セ・南青山,女子
柏木涼,セ・越谷LT,女子
高橋紗良,セ・長津田,女子
岡田星理,セ・谷津,女子
栃元春乃,セ・西東京,女子
櫻井春佳,セ・大宮宮原,女子
正垣木梨,セ・下北沢,女子
今井恵子,セ・阿佐谷,女子
松本彩花,セ・二俣川,女子
寺本茉冬,セ・八王子,女子
森山稜子,セ・新都心,女子
椎野正敏,セ・越谷,男子
丸野公敏,セ・南千住,男子
井口穣,セ・東戸塚,男子
池端孝一,セ・成瀬,男子
小田稔,セ・慶應日吉,男子
保谷由夫,Ｇ－ＳＰＡ,男子
滋野文夫,セ・前橋,男子
御手洗康美,セ・大森,男子
手塚満,セ・おおたか,男子
泉保央,セ・慶應日吉,男子
内田幸稔,セ・松戸,男子
竹島正明,セ・越谷,男子
安藤次郎,セ・館山,男子
古川賢一郎,ザバス川崎,男子
幡場達明,セ・大宮宮原,男子
橋本亘,セ・おおたか,男子
服部陽一,セ・成瀬,男子
梅村潔,セ・茂原,男子
中村雄一,Ｇ－ＳＰＡ,男子
大久保美伸,セ・松戸,男子
増田行雄,セ・蒲田,男子
高橋修一,セ・我孫子,男子
山梨英克,セ・我孫子,男子
五十嵐洋,セ・おおたか,男子
阿部宏之助,セ・上池袋,男子
金丸正弘,セ・府中,男子
赤坂吉昭,セ・葛西,男子
内藤謙一,セ・松戸,男子
秋山和弘,ザバス鶴見,男子
櫛田伸彦,ザバス鶴見,男子
楢橋章,セ・川越,男子
金子勝,セ・岩槻,男子
沼田真清,セ・南青山,男子
廣本佳也,セ・上池袋,男子
中村幸弘,セ・越谷,男子
森明法,セ・慶應日吉,男子
横浜健,セ・南青山,男子
山元修一,セ・葛西,男子
渡邉聖,セ・大森,男子
山本勝,セ・慶應日吉,男子
上松高造,セ・武蔵小杉,男子
安藤靖,セ・南青山,男子
具島春彦,セ・大森,男子
中村努,セ・市川,男子
阿部憲一,セ・大宮宮原,男子
浅田康朗,セ・大森,男子
兵藤鋭雄,セ・目黒,男子
山賀勝之,セ・南青山,男子
山田隆弘,セ・市川,男子
穴田啓樹,セ・慶應日吉,男子
田中基幹,セ・流山,男子
佐藤正章,セ・用賀,男子
兼森伸兒,ザバス八景,男子
佐野裕之,セ・武蔵小杉,男子
北村勇,セ・能見台,男子
福田義晴,セ・市川,男子
小野和彦,セ・新川崎,男子
安部盛博,セ・成城,男子
須川真彦,セ・S湘南台,男子
池田正輝,セ・市ヶ尾,男子
大村俊文,セ・二俣川,男子
長崎啓,セ・二俣川,男子
川端邦武,セ・西台,男子
松崎敏明,セ・慶應日吉,男子
西村太郎,セ・千葉みなと,男子
阿部賢裕,セ・能見台,男子
増渕博之,セ・藤沢,男子
弭間政隆,セ・葛西,男子
門倉孝行,セ・慶應日吉,男子
千葉忠英,セ・天王洲,男子
金子謙一,セ・長津田,男子
庄司和明,セ・松戸,男子
宮本昌雄,セ・二俣川,男子
鈴木克彦,セ・平塚,男子
三﨑淳二,セ・桶川北本,男子
向山高弘,セ・ときわ台,男子
東條博,セ・阿佐谷,男子
落合理,セ・武蔵小杉,男子
飯田勝章,セ・志木,男子
倉持公一,セ・天王洲,男子
前田潤,セ・松戸,男子
佐々木茂倫,セ・流山,男子
加地隆史,セ・葛西,男子
今井裕介,セ・南千住,男子
宮崎健,セ・福生,男子
宮岡亮介,セ・亀有,男子
花輪博之,セ・越谷,男子
松平一真,セ・本郷台,男子
中嶋智史,セ・市ヶ尾,男子
鈴木直哉,セ・八王子,男子
山口雅文,ミズノMT,男子
吉田拓磨,セ・上池袋,男子
村上守,セ・成城,男子
鈴木敏志,セ・松戸,男子
小林弘典,セ・大森,男子
宮崎隆寛,セ・越谷,男子
山岡哲也,セ・二俣川,男子
上村匠,セ・下北沢,男子
宇佐美学,セ・大森,男子
吉川重行,セ・桶川北本,男子
手塚一智,セ・大宮宮原,男子
佐々木悠介,セ・福島,男子
塚本拓也,セ・清瀬,男子
梅林大貴,セ・成城,男子
大野淳哉,セ・上池袋,男子
中村勇介,セ・慶應日吉,男子
安芸祐作,ミズノMT,男子
神戸優悠希,セ・茂原,男子
松尾勇太,セ・南青山,男子
宮田遼太,セ・成城,男子
鈴木央雅,セ・清瀬,男子
高見沢重倫,セ・慶應日吉,男子
中原志門,セ・大森,男子
室坂拓真,セ・用賀,男子
谷口太文,ミズノMT,男子
川西智大,セ・南千住,男子
亀井智貴,セ・用賀,男子
岡本昌也,セ・藤沢,男子
韓準爀,セ・八王子,男子
川口皓生,セ・柏,男子
村田拓斗,セ・長津田,男子
青木海斗,セ・用賀,男子
村上裕哉,セ・南千住,男子
秋澤裕介,セ・二俣川,男子
山泉晃也,セ・東十条,男子
我妻雄大,セ・南千住,男子
千原大樹,セ・自由が丘,男子
勝又晃希,セ・藤沢,男子
前納爽太,セ・葛西,男子
田村翔,セ・八王子,男子
松本海星,セ・清瀬,男子
澤井康成,Ｇ－ＳＰＡ,男子
上田寿美子,セ・成城,女子
福田加代子,セ・戸塚,女子
小澤優子,セ・葛西,女子
荒深なみ,セ・市ヶ尾,女子
末光とき子,墨田区体育館,女子
浅野みどり,セ・天王洲,女子
廣瀬伸子,セ・成城,女子
立間玲子,セ・我孫子,女子
渡邉登美子,セ・阿佐谷,女子
磯村由紀子,セ・越谷,女子
冨樫真樹子,セ・用賀,女子
范連杰,セ・八王子,女子
大久保彩子,セ・阿佐谷,女子
小山知子,セ・市ヶ尾,女子
三宅信花,セ・阿佐谷,女子
大竹昌子,セ・大森,女子
大家萌実,セ・用賀,女子
RacaruGabriela,セ・慶應日吉,女子
山口博,セ・志木,男子
服部宜孔,セ・ときわ台,男子
村田幸士郎,セ・阿佐谷,男子
前川正,セ・F東戸塚,男子
大滝恭伸,セ・市ヶ尾,男子
若山聖亮,G-SPA,男子
仲二見実,セ・ときわ台,男子
橋本秀行,セ・千葉みなと,男子
稲毛仁,セ・松戸,男子
中村浩司,セ・青砥,男子
小倉和彦,セ・清瀬,男子
廣松伸一,セ・市ヶ尾,男子
江藤邦徳,セ・流山,男子
伊藤正二,セ・大森,男子
日暮文明,セ・天王洲,男子
今村賢治,墨田区体育館,男子
小森康弘,セ・葛西,男子
原田真,セ・葛西,男子
古高正道,セ・天王洲,男子
久保田裕一,セ・慶應日吉,男子
原正敏,セ・桶川北本,男子
草野剛史,セ・二俣川,男子
加藤大輔,セ・横浜,男子
西尾直人,セ・武蔵小杉,男子
勝吉進一,セ・慶應日吉,男子
立石裕太郎,セ・二俣川,男子
和田弘太郎,セ・阿佐谷,男子
宮川航,セ・南千住,男子
入江徹,ミズノMT,男子
櫃田皓大,セ・能見台,男子
石井建幹,セ・大宮宮原,男子
石井了,セ・おおたか,男子
加間英貴,セ・天王洲,男子
廣谷幸翼,セ・志木,男子
佐々木明日真,セ・市川,男子
木村りょう子,セ・福生,女子
古谷加寿子,セ・府中,女子
冨永結衣子,セ・大森,女子
井上唯,セ・慶應日吉,女子
真如美優,セ・南千住,女子
安藤朋邦,セ・南青山,男子
新井田將司,セ・トレッサ,男子
阪田高士,セ・茂原,男子
岡内昭伍,セ・大宮宮原,男子
野末和志,セ・志木,男子
三角一汰,セ・新都心,男子
硲子龍,セ・流山,男子
